date,close,pivot,resistance,realized_vol_20d,median_vol_500d,vol_scale,state,position_pct
2016-01-05 00:00:00,4487.8,4520.166666666667,4605.533333333334,,,,0,0.0
2016-01-06 00:00:00,4458.6,4492.799999999999,4523.199999999999,,,,0,0.0
2016-01-07 00:00:00,4301.4,4447.5,4503.8,,,,0,0.0
2016-01-08 00:00:00,4269.2,4350.166666666667,4414.733333333334,,,,0,0.0
2016-01-10 00:00:00,4236.8,4301.333333333333,4342.166666666666,,,,0,0.0
2016-01-11 00:00:00,4287.2,4245.333333333333,4258.466666666666,,,,0,0.0
2016-01-12 00:00:00,4323.2,4269.666666666667,4326.033333333334,,,,0,0.0
2016-01-13 00:00:00,4179.0,4304.966666666667,4368.533333333335,,,,0,0.0
2016-01-14 00:00:00,4265.6,4239.933333333333,4308.366666666667,,,,0,0.0
2016-01-15 00:00:00,4149.6,4232.7,4337.5,,,,0,0.0
2016-01-17 00:00:00,4133.4,4167.366666666667,4255.133333333333,,,,0,0.0
2016-01-18 00:00:00,4141.6,4129.033333333334,4146.766666666667,,,,0,0.0
2016-01-19 00:00:00,4154.4,4148.666666666667,4174.233333333334,,,,0,0.0
2016-01-20 00:00:00,4151.0,4156.266666666666,4217.833333333333,,,,0,0.0
2016-01-21 00:00:00,4141.2,4104.433333333333,4221.666666666667,,,,0,0.0
2016-01-22 00:00:00,4250.8,4142.133333333334,4194.866666666669,,,,0,0.0
2016-01-24 00:00:00,4251.0,4209.8,4297.3,,,,0,0.0
2016-01-25 00:00:00,4183.6,4254.366666666666,4259.833333333332,,,,0,0.0
2016-01-26 00:00:00,4202.4,4208.866666666667,4237.733333333334,,,,0,0.0
2016-01-27 00:00:00,4141.6,4195.366666666667,4254.133333333333,0.0158856656488474,,,0,0.0
2016-01-28 00:00:00,4145.8,4156.266666666667,4207.233333333335,0.0159207238719185,,,0,0.0
2016-01-29 00:00:00,4273.2,4152.599999999999,4195.199999999999,0.0176726498748527,,,0,0.0
2016-01-31 00:00:00,4265.1,4226.433333333333,4320.866666666667,0.0158455886391386,,,0,0.0
2016-02-01 00:00:00,4275.2,4268.1,4272.6,0.0157635175070368,,,0,0.0
2016-02-02 00:00:00,4187.4,4272.966666666667,4314.533333333335,0.0163545451915773,,,0,0.0
2016-02-03 00:00:00,4175.2,4215.533333333334,4257.166666666668,0.0160989881861993,,,0,0.0
2016-02-04 00:00:00,4146.8,4162.066666666667,4230.733333333334,0.0159804425304118,,,0,0.0
2016-02-05 00:00:00,4022.1,4157.233333333334,4198.166666666667,0.0156544627170288,,,0,0.0
2016-02-07 00:00:00,4020.8,4067.3333333333335,4130.966666666667,0.0147418972822,,,0,0.0
2016-02-08 00:00:00,3954.8,4023.1,4027.1,0.013982391661056,,,0,0.0
2016-02-09 00:00:00,3960.2,3962.7,4040.1,0.0140003804987683,,,0,0.0
2016-02-10 00:00:00,3955.3,3955.433333333333,4011.266666666666,0.0139700884536194,,,0,0.0
2016-02-11 00:00:00,3972.8,3974.3333333333335,4024.166666666667,0.0139998576989988,,,0,0.0
2016-02-12 00:00:00,4017.0,3941.533333333333,4018.466666666666,0.014310483016155,,,0,0.0
2016-02-14 00:00:00,4037.6,3997.466666666666,4039.3333333333335,0.0143857178244125,,,0,0.0
2016-02-15 00:00:00,4073.1,4034.933333333333,4043.266666666666,0.0130827394054939,,,0,0.0
2016-02-16 00:00:00,4093.0,4066.6666666666665,4099.733333333334,0.0131680497347539,,,0,0.0
2016-02-17 00:00:00,4209.1,4082.8333333333335,4116.666666666667,0.0143454242823032,,,0,0.0
2016-02-18 00:00:00,4159.1,4163.466666666666,4256.633333333332,0.0145650898578346,,,0,0.0
2016-02-19 00:00:00,4163.1,4178.166666666667,4210.133333333334,0.0141853655633254,,,0,0.0
2016-02-21 00:00:00,4150.4,4153.833333333333,4185.766666666666,0.0142045209128892,,,0,0.0
2016-02-22 00:00:00,4210.3,4150.9,4153.699999999999,0.0127510817625038,,,0,0.0
2016-02-23 00:00:00,4157.0,4198.666666666667,4247.133333333334,0.0130299204896704,,,0,0.0
2016-02-24 00:00:00,4223.9,4176.3,4198.400000000001,0.0135777687224628,,,0,0.0
2016-02-25 00:00:00,4247.8,4178.499999999999,4270.799999999998,0.0127850915139529,,,0,0.0
2016-02-26 00:00:00,4228.7,4223.0,4274.1,0.0128141183940559,,,0,0.0
2016-02-28 00:00:00,4222.6,4249.866666666666,4273.233333333332,0.0127042138008391,,,0,0.0
2016-02-29 00:00:00,4208.8,4223.0,4228.3,0.0104738395754646,,,0,0.0
2016-03-01 00:00:00,4335.3,4219.5,4253.4,0.0121401806712309,,,0,0.0
2016-03-02 00:00:00,4321.2,4285.599999999999,4389.699999999999,0.011312849424002,,,0,0.0
2016-03-03 00:00:00,4320.6,4326.700000000001,4353.100000000001,0.0113397563843773,,,0,0.0
2016-03-04 00:00:00,4321.0,4320.266666666667,4345.933333333334,0.0113086627896465,,,0,0.0
2016-03-06 00:00:00,4317.8,4325.2,4351.599999999999,0.0113690873949023,,,0,0.0
2016-03-07 00:00:00,4302.9,4317.066666666667,4322.933333333333,0.0113712038987779,,,0,0.0
2016-03-08 00:00:00,4270.5,4301.0,4332.5,0.011625485030585,,,0,0.0
2016-03-09 00:00:00,4292.4,4277.233333333334,4302.466666666667,0.011555929966547,,,0,0.0
2016-03-10 00:00:00,4285.2,4283.066666666667,4308.733333333334,0.0115833981692368,,,0,0.0
2016-03-11 00:00:00,4357.2,4287.8,4345.5,0.0104502066283631,,,0,0.0
2016-03-13 00:00:00,4353.6,4334.5,4384.2,0.0099710161445705,,,0,0.0
2016-03-14 00:00:00,4367.0,4353.066666666667,4357.733333333334,0.0099669086685531,,,0,0.0
2016-03-15 00:00:00,4372.6,4362.2,4383.7,0.0098880508534029,,,0,0.0
2016-03-16 00:00:00,4403.1,4361.2,4384.2,0.0095556707763827,,,0,0.0
2016-03-17 00:00:00,4407.4,4389.6,4429.800000000001,0.0088970944843883,,,0,0.0
2016-03-18 00:00:00,4405.3,4399.2,4429.9,0.0083659785258196,,,0,0.0
2016-03-20 00:00:00,4398.8,4402.966666666667,4421.433333333334,0.0083600409576765,,,0,0.0
2016-03-21 00:00:00,4422.4,4398.333333333333,4401.666666666666,0.0082605480390193,,,0,0.0
2016-03-22 00:00:00,4440.8,4412.433333333333,4439.566666666667,0.0082228018901548,,,0,0.0
2016-03-23 00:00:00,4402.0,4427.166666666667,4462.233333333334,0.0085124458798741,,,0,0.0
2016-03-24 00:00:00,4408.5,4414.233333333334,4436.966666666667,0.0054536413412749,,,0,0.0
2016-03-27 00:00:00,4416.8,4396.8,4420.400000000001,0.0053705043636682,,,0,0.0
2016-03-28 00:00:00,4394.6,4414.733333333334,4419.066666666668,0.0055387997077268,,,0,0.0
2016-03-29 00:00:00,4471.8,4405.766666666667,4422.233333333335,0.0066728671279788,,,0,0.0
2016-03-30 00:00:00,4485.6,4442.433333333333,4503.366666666667,0.006652897507593,,,0,0.0
2016-03-31 00:00:00,4486.0,4489.266666666667,4514.233333333335,0.0065485047626012,,,0,0.0
2016-04-01 00:00:00,4536.4,4486.333333333333,4502.666666666666,0.0064386054178026,,,0,0.0
2016-04-03 00:00:00,4527.4,4507.499999999999,4565.799999999998,0.0065134207274547,,,0,0.0
2016-04-04 00:00:00,4503.2,4529.666666666666,4531.9333333333325,0.0066920094767367,,,0,0.0
2016-04-05 00:00:00,4485.1,4518.3,4535.8,0.005926632553234,,,0,0.0
2016-04-06 00:00:00,4539.1,4484.666666666667,4505.833333333334,0.0063482122564628,,,0,0.0
2016-04-07 00:00:00,4465.4,4519.433333333333,4564.366666666667,0.0075484813689399,,,0,0.0
2016-04-08 00:00:00,4476.4,4489.8,4521.900000000001,0.0075542563289787,,,0,0.0
2016-04-10 00:00:00,4478.4,4483.733333333333,4509.066666666666,0.0074316626187236,,,0,0.0
2016-04-11 00:00:00,4450.2,4476.2,4483.4,0.0076024044937571,,,0,0.0
2016-04-12 00:00:00,4498.6,4471.233333333334,4495.166666666667,0.0079410759842417,,,0,0.0
2016-04-13 00:00:00,4555.4,4478.533333333334,4524.066666666668,0.0083194118817655,,,0,0.0
2016-04-14 00:00:00,4552.0,4536.766666666666,4578.633333333333,0.0082931289671178,,,0,0.0
2016-04-15 00:00:00,4543.9,4552.866666666666,4568.533333333332,0.0082983584146133,,,0,0.0
2016-04-17 00:00:00,4514.7,4544.6,4559.900000000001,0.0081680551798703,,,0,0.0
2016-04-18 00:00:00,4558.8,4517.433333333333,4521.666666666667,0.008385215283567,,,0,0.0
2016-04-19 00:00:00,4529.0,4544.099999999999,4581.199999999999,0.0085851064650826,,,0,0.0
2016-04-20 00:00:00,4541.4,4543.933333333333,4575.266666666666,0.0084590781185973,,,0,0.0
2016-04-21 00:00:00,4491.0,4539.266666666667,4563.733333333335,0.0080434849845132,,,0,0.0
2016-04-22 00:00:00,4472.1,4510.7,4537.5,0.0080732048618766,,,0,0.0
2016-04-24 00:00:00,4476.2,4471.900000000001,4507.300000000001,0.0080764525482046,,,0,0.0
2016-04-25 00:00:00,4476.4,4478.599999999999,4482.099999999999,0.0076265304547331,,,0,0.0
2016-04-26 00:00:00,4413.4,4465.999999999999,4490.799999999998,0.0081966595364748,,,0,0.0
2016-04-27 00:00:00,4439.1,4439.266666666667,4468.933333333334,0.0082824204076344,,,0,0.0
2016-04-28 00:00:00,4390.6,4418.533333333334,4460.166666666668,0.0085678515804359,,,0,0.0
2016-04-29 00:00:00,4340.8,4396.266666666667,4441.333333333335,0.0082811631386566,,,0,0.0
2016-05-01 00:00:00,4326.8,4346.099999999999,4390.799999999999,0.0076036374745691,,,0,0.0
2016-05-02 00:00:00,4373.1,4330.433333333333,4336.566666666667,0.0080427657981127,,,0,0.0
2016-05-03 00:00:00,4343.8,4359.433333333333,4396.566666666667,0.0081270697211602,,,0,0.0
2016-05-04 00:00:00,4316.9,4347.933333333333,4372.066666666667,0.0081238622771645,,,0,0.0
2016-05-05 00:00:00,4301.6,4319.766666666666,4343.133333333333,0.0075912277121325,,,0,0.0
2016-05-06 00:00:00,4336.8,4313.233333333333,4335.066666666666,0.0071885589987431,,,0,0.0
2016-05-08 00:00:00,4339.9,4316.566666666667,4358.033333333333,0.0072139642598469,,,0,0.0
2016-05-09 00:00:00,4335.4,4337.166666666667,4343.533333333334,0.0072190086157072,,,0,0.0
2016-05-10 00:00:00,4396.8,4339.166666666667,4356.533333333334,0.0080257070039367,,,0,0.0
2016-05-11 00:00:00,4356.9,4377.599999999999,4421.499999999999,0.0077606809568524,,,0,0.0
2016-05-12 00:00:00,4340.8,4371.2,4391.799999999999,0.0077035581599411,,,0,0.0
2016-05-13 00:00:00,4325.8,4345.066666666667,4381.033333333333,0.0076232628146175,,,0,0.0
2016-05-15 00:00:00,4318.8,4332.133333333334,4357.266666666668,0.0073436651181943,,,0,0.0
2016-05-16 00:00:00,4376.2,4315.866666666666,4323.333333333332,0.0080646582003919,,,0,0.0
2016-05-17 00:00:00,4324.6,4363.3,4408.0,0.0083951786514415,,,0,0.0
2016-05-18 00:00:00,4341.6,4344.066666666667,4377.133333333333,0.0084819182400001,,,0,0.0
2016-05-19 00:00:00,4318.5,4335.9,4367.4,0.0080113980493158,,,0,0.0
2016-05-20 00:00:00,4366.2,4315.2,4346.9,0.0083263229841789,,,0,0.0
2016-05-22 00:00:00,4368.4,4355.099999999999,4392.599999999999,0.0079793964648649,,,0,0.0
2016-05-23 00:00:00,4354.6,4369.133333333333,4371.066666666667,0.0075789850390467,,,0,0.0
2016-05-24 00:00:00,4455.4,4362.900000000001,4375.200000000001,0.0090966167284259,,,0,0.0
2016-05-25 00:00:00,4474.5,4419.0,4494.0,0.0088654723671553,,,0,0.0
2016-05-26 00:00:00,4497.3,4472.133333333334,4493.666666666668,0.0087042732119957,,,0,0.0
2016-05-27 00:00:00,4515.1,4487.099999999999,4508.399999999999,0.0085090622625473,,,0,0.0
2016-05-29 00:00:00,4521.4,4507.533333333334,4522.966666666667,0.0084020927269603,,,0,0.0
2016-05-30 00:00:00,4522.8,4520.933333333333,4524.666666666667,0.0083071101307094,,,0,0.0
2016-05-31 00:00:00,4525.6,4521.433333333333,4527.766666666666,0.0083079987104705,,,0,0.0
2016-06-01 00:00:00,4523.2,4518.233333333334,4537.366666666667,0.0082986033907358,,,0,0.0
2016-06-02 00:00:00,4532.5,4522.099999999999,4539.799999999999,0.0078034165330423,,,0,0.0
2016-06-03 00:00:00,4509.7,4518.400000000001,4548.4000000000015,0.007562274817766,,,0,0.0
2016-06-05 00:00:00,4507.2,4508.633333333334,4537.066666666668,0.0074753115457479,,,0,0.0
2016-06-06 00:00:00,4522.0,4508.599999999999,4512.099999999999,0.0073719430911652,,,0,0.0
2016-06-07 00:00:00,4513.1,4521.966666666667,4537.633333333334,0.0073820061731768,,,0,0.0
2016-06-08 00:00:00,4519.0,4523.900000000001,4535.800000000001,0.006907970262619,,,0,0.0
2016-06-09 00:00:00,4511.7,4518.333333333333,4531.766666666666,0.0062066441545703,,,0,0.0
2016-06-10 00:00:00,4466.0,4509.766666666666,4525.233333333333,0.0067641223797877,,,0,0.0
2016-06-12 00:00:00,4455.1,4475.666666666667,4504.233333333334,0.0066422926053299,,,0,0.0
2016-06-13 00:00:00,4419.6,4455.566666666667,4459.533333333333,0.0065764534211511,,,0,0.0
2016-06-14 00:00:00,4419.2,4431.833333333333,4449.666666666666,0.0065783883337669,,,0,0.0
2016-06-15 00:00:00,4413.4,4417.3,4442.5,0.0065356921967397,,,0,0.0
2016-06-16 00:00:00,4433.0,4420.266666666666,4437.033333333333,0.0039989515612502,,,0,0.0
2016-06-17 00:00:00,4368.6,4408.7,4457.7,0.0049715733016029,,,0,0.0
2016-06-19 00:00:00,4401.0,4389.5,4418.5,0.0051497930961882,,,0,0.0
2016-06-20 00:00:00,4402.3,4399.5,4408.0,0.005025239369824,,,0,0.0
2016-06-21 00:00:00,4400.8,4412.599999999999,4433.299999999999,0.004991985442083,,,0,0.0
2016-06-22 00:00:00,4421.5,4406.3,4417.3,0.0051621539500154,,,0,0.0
2016-06-23 00:00:00,4460.6,4420.166666666667,4442.233333333334,0.0056155558804011,,,0,0.0
2016-06-24 00:00:00,4268.9,4459.433333333333,4501.966666666667,0.0109919662872323,,,0,0.0
2016-06-26 00:00:00,4241.2,4325.366666666667,4409.933333333333,0.0109580526766299,,,0,0.0
2016-06-27 00:00:00,4197.3,4242.0,4259.6,0.0110673907089171,,,0,0.0
2016-06-28 00:00:00,4286.1,4215.8,4256.6,0.0123628847813792,,,0,0.0
2016-06-29 00:00:00,4373.0,4256.766666666667,4320.733333333335,0.0133232706822381,,,0,0.0
2016-06-30 00:00:00,4403.3,4344.233333333334,4413.166666666667,0.0134577808956724,,,0,0.0
2016-07-01 00:00:00,4441.3,4388.566666666667,4431.633333333333,0.013626521483962,,,0,0.0
2016-07-03 00:00:00,4433.8,4429.233333333334,4465.166666666667,0.0136267685274345,,,0,0.0
2016-07-04 00:00:00,4442.2,4437.733333333334,4442.066666666668,0.0134568184159943,,,0,0.0
2016-07-05 00:00:00,4404.1,4444.7,4456.0,0.0135804554137864,,,0,0.0
2016-07-06 00:00:00,4441.3,4410.2,4436.0,0.013600517455234,,,0,0.0
2016-07-07 00:00:00,4457.3,4420.033333333333,4467.666666666666,0.0136195085159482,,,0,0.0
2016-07-08 00:00:00,4523.3,4453.400000000001,4471.000000000001,0.0139777044660717,,,0,0.0
2016-07-10 00:00:00,4526.5,4499.566666666667,4553.133333333333,0.013958811133962,,,0,0.0
2016-07-11 00:00:00,4554.8,4525.2,4528.5,0.0134971419698455,,,0,0.0
2016-07-12 00:00:00,4575.3,4550.2,4574.0,0.0134532422695634,,,0,0.0
2016-07-13 00:00:00,4561.5,4571.933333333333,4591.266666666666,0.0134960399003765,,,0,0.0
2016-07-14 00:00:00,4587.5,4570.533333333333,4581.366666666666,0.0135116508857927,,,0,0.0
2016-07-15 00:00:00,4567.6,4587.233333333334,4614.366666666667,0.0135734453355465,,,0,0.0
2016-07-17 00:00:00,4592.1,4575.0,4602.0,0.0134993789407724,,,0,0.0
2016-07-18 00:00:00,4616.0,4593.333333333334,4599.566666666668,0.008516081887946,,,0,0.0
2016-07-19 00:00:00,4611.0,4609.733333333334,4633.866666666667,0.0082489149562496,,,0,0.0
2016-07-20 00:00:00,4658.8,4607.166666666667,4620.233333333334,0.0075978665958893,,,0,0.0
2016-07-21 00:00:00,4643.3,4642.533333333333,4681.2666666666655,0.0068353897356036,,,0,0.0
2016-07-22 00:00:00,4663.9,4648.033333333333,4663.166666666666,0.0056732759659494,,,0,0.0
2016-07-24 00:00:00,4664.0,4656.3,4678.0,0.0056471172035486,,,0,0.0
2016-07-25 00:00:00,4661.0,4664.066666666667,4665.533333333333,0.005530979775532,,,0,0.0
2016-07-26 00:00:00,4699.3,4662.033333333334,4674.466666666667,0.0055858525152276,,,0,0.0
2016-07-27 00:00:00,4712.3,4682.166666666667,4717.433333333334,0.0055807720619372,,,0,0.0
2016-07-28 00:00:00,4733.4,4705.0,4726.9,0.0048783453574407,,,0,0.0
2016-07-29 00:00:00,4735.6,4722.633333333333,4749.666666666666,0.0047886391533191,,,0,0.0
2016-07-31 00:00:00,4736.3,4731.033333333334,4746.966666666667,0.0048363398833746,,,0,0.0
2016-08-01 00:00:00,4754.3,4738.633333333334,4741.666666666668,0.0039783445217665,,,0,0.0
2016-08-02 00:00:00,4716.5,4749.266666666666,4771.4333333333325,0.0046054315517393,,,0,0.0
2016-08-03 00:00:00,4733.5,4723.266666666666,4758.633333333333,0.0045160174958322,,,0,0.0
2016-08-04 00:00:00,4751.2,4724.033333333334,4743.966666666667,0.0044964219302223,,,0,0.0
2016-08-05 00:00:00,4786.6,4740.866666666666,4761.833333333332,0.004503520208944,,,0,0.0
2016-08-07 00:00:00,4789.4,4778.9,4807.9,0.0044524606815808,,,0,0.0
2016-08-08 00:00:00,4781.1,4788.499999999999,4792.099999999999,0.0042872532224189,,,0,0.0
2016-08-09 00:00:00,4789.1,4784.433333333333,4800.166666666667,0.0042272380926653,,,0,0.0
2016-08-10 00:00:00,4780.4,4793.333333333333,4805.966666666666,0.0042482904226282,,,0,0.0
2016-08-11 00:00:00,4805.6,4784.466666666666,4798.9333333333325,0.0042620789042847,,,0,0.0
2016-08-12 00:00:00,4808.5,4799.5,4819.6,0.0037964133803213,,,0,0.0
2016-08-14 00:00:00,4809.2,4802.400000000001,4815.100000000001,0.0036357309935568,,,0,0.0
2016-08-15 00:00:00,4825.5,4809.0,4810.4,0.0036025939944084,,,0,0.0
2016-08-16 00:00:00,4804.5,4823.633333333333,4839.566666666667,0.0038357065196964,,,0,0.0
2016-08-17 00:00:00,4809.1,4810.2,4821.299999999999,0.0038053875095134,,,0,0.0
2016-08-18 00:00:00,4811.9,4798.666666666667,4822.633333333334,0.0034720495543817,,,0,0.0
2016-08-19 00:00:00,4810.2,4807.999999999999,4820.599999999999,0.0034675930381896,,,0,0.0
2016-08-21 00:00:00,4808.9,4805.033333333333,4823.366666666666,0.0033808954150069,,,0,0.0
2016-08-22 00:00:00,4810.0,4809.166666666667,4810.533333333334,0.0033825276485938,,,0,0.0
2016-08-23 00:00:00,4821.5,4806.900000000001,4822.600000000001,0.003397435533557,,,0,0.0
2016-08-24 00:00:00,4786.7,4823.033333333333,4836.666666666666,0.0037743174019475,,,0,0.0
2016-08-25 00:00:00,4783.9,4794.5,4817.1,0.0032442383689058,,,0,0.0
2016-08-26 00:00:00,4784.8,4782.733333333333,4796.066666666666,0.0031732448591868,,,0,0.0
2016-08-28 00:00:00,4781.8,4787.133333333332,4815.866666666665,0.0030909653106639,,,0,0.0
2016-08-29 00:00:00,4796.7,4781.366666666666,4787.633333333331,0.0026911752263251,,,0,0.0
2016-08-30 00:00:00,4774.7,4793.2,4809.9,0.0028845165125143,,,0,0.0
2016-08-31 00:00:00,4775.0,4778.166666666667,4795.633333333334,0.0028604884282617,,,0,0.0
2016-09-01 00:00:00,4779.4,4768.599999999999,4784.999999999999,0.0028413897681711,,,0,0.0
2016-09-02 00:00:00,4799.2,4775.099999999999,4799.999999999999,0.0029615573806169,,,0,0.0
2016-09-04 00:00:00,4801.9,4797.366666666666,4820.033333333332,0.0027140199086215,,,0,0.0
2016-09-05 00:00:00,4791.5,4801.0,4804.4,0.0027501331799921,,,0,0.0
2016-09-06 00:00:00,4828.5,4793.333333333333,4804.566666666666,0.0032692190084011,,,0,0.0
2016-09-07 00:00:00,4827.4,4816.766666666666,4843.133333333333,0.00318271443311,,,0,0.0
2016-09-08 00:00:00,4796.4,4826.566666666667,4840.433333333333,0.0033611558917688,,,0,0.0
2016-09-09 00:00:00,4668.5,4807.7,4825.7,0.0068143946866764,,,0,0.0
2016-09-11 00:00:00,4663.4,4710.866666666667,4755.633333333333,0.006798247366837,,,0,0.0
2016-09-12 00:00:00,4762.6,4662.933333333333,4671.866666666667,0.0085034770644379,,,0,0.0
2016-09-13 00:00:00,4725.8,4721.333333333333,4813.466666666666,0.0086566845104326,,,0,0.0
2016-09-14 00:00:00,4739.8,4729.733333333334,4759.966666666667,0.0086958657506772,,,0,0.0
2016-09-15 00:00:00,4807.8,4744.566666666667,4765.733333333334,0.0093087786504727,,,0,0.0
2016-09-16 00:00:00,4818.7,4784.400000000001,4849.600000000001,0.0091676678454345,,,0,0.0
2016-09-18 00:00:00,4828.8,4810.766666666666,4830.133333333333,0.0091725185492387,,,0,0.0
2016-09-19 00:00:00,4794.7,4825.8,4837.8,0.0093277407396185,,,0,0.0
2016-09-20 00:00:00,4803.8,4808.166666666667,4830.933333333334,0.0093338298021853,,,0,0.0
2016-09-21 00:00:00,4849.6,4807.099999999999,4819.899999999999,0.0095447376169687,,,0,0.0
2016-09-22 00:00:00,4887.3,4832.666666666667,4874.133333333334,0.0095918342761799,,,0,0.0
2016-09-23 00:00:00,4859.4,4875.933333333333,4906.266666666666,0.0097142020281492,,,0,0.0
2016-09-25 00:00:00,4860.1,4867.8,4884.3,0.0097157570298895,,,0,0.0
2016-09-26 00:00:00,4814.8,4858.566666666667,4863.933333333333,0.009941772780249,,,0,0.0
2016-09-27 00:00:00,4863.6,4829.066666666667,4847.933333333333,0.0101870869021475,,,0,0.0
2016-09-28 00:00:00,4872.4,4844.933333333333,4886.066666666667,0.0101672363642177,,,0,0.0
2016-09-29 00:00:00,4840.0,4865.433333333333,4883.166666666667,0.0101665896318178,,,0,0.0
2016-09-30 00:00:00,4866.3,4844.866666666666,4874.333333333332,0.0102335865319445,,,0,0.0
2016-10-02 00:00:00,4877.8,4856.366666666666,4898.033333333332,0.0101108571884824,,,0,0.0
2016-10-03 00:00:00,4871.6,4875.099999999999,4880.799999999999,0.0077982305147705,,,0,0.0
2016-10-04 00:00:00,4854.9,4866.466666666666,4887.233333333333,0.0078666910766567,,,0,0.0
2016-10-05 00:00:00,4877.1,4861.499999999999,4884.099999999999,0.0064828811055507,,,0,0.0
2016-10-06 00:00:00,4865.3,4873.166666666667,4894.633333333334,0.0062003404096215,,,0,0.0
2016-10-07 00:00:00,4861.6,4865.466666666666,4883.033333333333,0.0062091763415646,,,0,0.0
2016-10-09 00:00:00,4870.6,4861.433333333333,4885.966666666667,0.0054022408107089,,,0,0.0
2016-10-10 00:00:00,4896.9,4872.166666666667,4875.133333333334,0.0054958025693815,,,0,0.0
2016-10-11 00:00:00,4828.7,4888.466666666666,4912.133333333332,0.0063943781166741,,,0,0.0
2016-10-12 00:00:00,4811.3,4842.833333333333,4885.266666666666,0.0062376780091605,,,0,0.0
2016-10-13 00:00:00,4795.7,4818.799999999999,4834.899999999999,0.0062694773691218,,,0,0.0
2016-10-14 00:00:00,4804.6,4789.233333333334,4821.566666666668,0.0058732613375113,,,0,0.0
2016-10-16 00:00:00,4795.7,4812.133333333333,4835.666666666666,0.0055493883021078,,,0,0.0
2016-10-17 00:00:00,4810.3,4797.0,4807.0,0.0054976727387352,,,0,0.0
2016-10-18 00:00:00,4828.1,4802.166666666667,4820.933333333334,0.0055763214697899,,,0,0.0
2016-10-19 00:00:00,4833.7,4832.066666666667,4854.933333333333,0.0051626173914926,,,0,0.0
2016-10-20 00:00:00,4849.1,4829.8,4846.400000000001,0.0046696554407813,,,0,0.0
2016-10-21 00:00:00,4847.8,4833.866666666667,4866.333333333334,0.0046470886922187,,,0,0.0
2016-10-23 00:00:00,4850.6,4838.366666666666,4859.633333333331,0.0043969217421807,,,0,0.0
2016-10-24 00:00:00,4907.1,4850.866666666667,4854.933333333333,0.0049739868710265,,,0,0.0
2016-10-25 00:00:00,4875.6,4887.666666666667,4930.233333333334,0.0051777719678427,,,0,0.0
2016-10-26 00:00:00,4857.1,4890.166666666667,4907.133333333334,0.0052404861239526,,,0,0.0
2016-10-27 00:00:00,4821.8,4860.966666666666,4880.033333333333,0.0054341905643958,,,0,0.0
2016-10-28 00:00:00,4807.6,4837.099999999999,4867.399999999999,0.0053364914464001,,,0,0.0
2016-10-30 00:00:00,4804.8,4814.033333333334,4839.266666666667,0.0053211953527255,,,0,0.0
2016-10-31 00:00:00,4803.8,4800.966666666666,4810.733333333333,0.0053218174164309,,,0,0.0
2016-11-01 00:00:00,4757.6,4811.133333333332,4824.866666666665,0.0056531309342373,,,0,0.0
2016-11-02 00:00:00,4709.2,4765.933333333333,4810.966666666667,0.0057735794270221,,,0,0.0
2016-11-03 00:00:00,4678.2,4725.966666666667,4753.633333333334,0.0051731323395211,,,0,0.0
2016-11-04 00:00:00,4662.4,4693.599999999999,4716.199999999999,0.0051686983031582,,,0,0.0
2016-11-06 00:00:00,4724.0,4670.9,4688.299999999999,0.0061102656516401,,,0,0.0
2016-11-07 00:00:00,4775.7,4725.900000000001,4734.100000000001,0.0066290219670248,,,0,0.0
2016-11-08 00:00:00,4816.9,4758.633333333334,4800.166666666668,0.0069066050340836,,,0,0.0
2016-11-09 00:00:00,4818.6,4798.499999999999,4842.299999999998,0.0068753018414106,,,0,0.0
2016-11-10 00:00:00,4739.2,4739.1,4918.6,0.0077458862889881,,,0,0.0
2016-11-11 00:00:00,4744.0,4767.033333333333,4853.166666666666,0.0077438973875398,,,0,0.0
2016-11-13 00:00:00,4767.9,4728.866666666667,4774.133333333333,0.007806245452396,,,0,0.0
2016-11-14 00:00:00,4695.9,4763.599999999999,4774.999999999999,0.0084311449560319,,,0,0.0
2016-11-15 00:00:00,4770.0,4718.666666666667,4763.033333333334,0.0092765720601266,,,0,0.0
2016-11-16 00:00:00,4784.0,4747.599999999999,4802.699999999999,0.0088564608016837,,,0,0.0
2016-11-17 00:00:00,4828.1,4772.466666666667,4807.333333333334,0.0090623035857174,,,0,0.0
2016-11-18 00:00:00,4811.1,4813.366666666667,4847.433333333333,0.0090571994416692,,,0,0.0
2016-11-20 00:00:00,4810.6,4818.633333333333,4833.566666666667,0.0089133442716313,,,0,0.0
2016-11-21 00:00:00,4859.9,4811.3,4812.900000000001,0.0091744150305145,,,0,0.0
2016-11-22 00:00:00,4875.1,4842.3,4880.3,0.0091871490701294,,,0,0.0
2016-11-23 00:00:00,4849.2,4873.366666666667,4887.133333333333,0.009286028135485,,,0,0.0
2016-11-24 00:00:00,4859.1,4854.566666666667,4877.933333333333,0.0089775396571315,,,0,0.0
2016-11-25 00:00:00,4870.0,4854.166666666667,4868.133333333334,0.0085777608073712,,,0,0.0
2016-11-27 00:00:00,4861.9,4864.400000000001,4876.100000000001,0.008395887829314,,,0,0.0
2016-11-28 00:00:00,4856.5,4861.766666666666,4864.333333333333,0.008335109916854,,,0,0.0
2016-11-29 00:00:00,4874.4,4859.599999999999,4876.399999999999,0.0079273682737485,,,0,0.0
2016-11-30 00:00:00,4820.4,4873.2,4898.799999999999,0.0080887106374108,,,0,0.0
2016-12-01 00:00:00,4732.3,4839.6,4866.400000000001,0.0088653028263293,,,0,0.0
2016-12-02 00:00:00,4733.8,4760.933333333333,4798.766666666666,0.0088650501094744,,,0,0.0
2016-12-04 00:00:00,4714.2,4733.366666666666,4759.333333333332,0.0081181363375319,,,0,0.0
2016-12-05 00:00:00,4781.6,4711.466666666667,4721.333333333334,0.0087447165075767,,,0,0.0
2016-12-06 00:00:00,4788.8,4763.066666666667,4814.333333333333,0.0086822261803279,,,0,0.0
2016-12-07 00:00:00,4843.3,4784.400000000001,4800.800000000001,0.008224397893573,,,0,0.0
2016-12-08 00:00:00,4860.9,4820.599999999999,4877.599999999999,0.0075405969295494,,,0,0.0
2016-12-09 00:00:00,4894.6,4855.5,4874.7,0.0076476206245322,,,0,0.0
2016-12-11 00:00:00,4901.5,4881.533333333334,4910.366666666668,0.0074108402283506,,,0,0.0
2016-12-12 00:00:00,4865.2,4904.033333333334,4914.266666666667,0.0075785439635571,,,0,0.0
2016-12-13 00:00:00,4940.6,4873.766666666666,4895.033333333333,0.0082747216686488,,,0,0.0
2016-12-14 00:00:00,4932.2,4922.466666666666,4981.133333333332,0.0080273726407636,,,0,0.0
2016-12-15 00:00:00,4941.5,4934.533333333333,4956.366666666666,0.0080129585638667,,,0,0.0
2016-12-16 00:00:00,4916.5,4941.433333333333,4963.066666666667,0.0080031288263445,,,0,0.0
2016-12-18 00:00:00,4923.4,4925.133333333333,4944.366666666667,0.0079988529021336,,,0,0.0
2016-12-19 00:00:00,4943.4,4921.9,4926.999999999999,0.0080277573956441,,,0,0.0
2016-12-20 00:00:00,4958.0,4941.599999999999,4969.299999999999,0.0080202110353201,,,0,0.0
2016-12-21 00:00:00,4949.2,4954.266666666666,4968.533333333333,0.0080308219537695,,,0,0.0
2016-12-22 00:00:00,4934.7,4950.400000000001,4960.100000000001,0.0080495778921018,,,0,0.0
2016-12-23 00:00:00,4944.3,4935.900000000001,4953.100000000001,0.007563326672782,,,0,0.0
2016-12-26 00:00:00,4944.3,4937.633333333334,4950.966666666668,0.0060207393983194,,,0,0.0
2016-12-27 00:00:00,4964.5,4943.933333333333,4946.166666666667,0.0060173220066108,,,0,0.0
2016-12-28 00:00:00,4927.3,4967.266666666666,4992.733333333333,0.0062512548824442,,,0,0.0
2016-12-29 00:00:00,4920.2,4943.266666666666,4964.733333333333,0.0056101731784771,,,0,0.0
2016-12-30 00:00:00,4865.3,4919.2,4935.7,0.006277832224413,,,0,0.0
2017-01-02 00:00:00,4888.1,4885.666666666667,4921.033333333334,0.0058484173728859,,,0,0.0
2017-01-03 00:00:00,4904.5,4887.066666666667,4893.333333333333,0.0058408233415559,,,0,0.0
2017-01-04 00:00:00,4933.1,4903.366666666667,4928.433333333333,0.00578149577875,,,0,0.0
2017-01-05 00:00:00,4960.4,4926.533333333334,4948.966666666667,0.0058916229484521,,,0,0.0
2017-01-06 00:00:00,5004.9,4948.266666666666,4976.033333333333,0.0058562960300369,,,0,0.0
2017-01-08 00:00:00,5010.4,4991.633333333333,5030.666666666666,0.0048316203173319,,,0,0.0
2017-01-09 00:00:00,5016.4,5007.8,5013.0,0.0047987886797314,,,0,0.0
2017-01-10 00:00:00,5032.0,5016.3,5029.700000000001,0.0048203495153491,,,0,0.0
2017-01-11 00:00:00,5042.4,5028.766666666666,5050.133333333333,0.0046141698199941,,,0,0.0
2017-01-12 00:00:00,5037.5,5032.766666666667,5057.933333333334,0.0046411828457695,,,0,0.0
2017-01-13 00:00:00,5060.8,5024.033333333334,5057.566666666668,0.0046614012014997,,,0,0.0
2017-01-15 00:00:00,5050.9,5053.333333333333,5070.566666666666,0.004692520191371,,,0,0.0
2017-01-16 00:00:00,5051.6,5052.233333333333,5055.366666666665,0.0046536179251979,,,0,0.0
2017-01-17 00:00:00,5041.6,5050.433333333333,5056.766666666666,0.0046157087009509,,,0,0.0
2017-01-18 00:00:00,5054.9,5040.033333333334,5054.966666666667,0.0046251145101873,,,0,0.0
2017-01-19 00:00:00,5057.0,5048.766666666667,5063.433333333334,0.0046207651045034,,,0,0.0
2017-01-20 00:00:00,5060.8,5056.0,5075.6,0.0045686673770692,,,0,0.0
2017-01-22 00:00:00,5044.6,5062.733333333334,5080.566666666668,0.0042390673734432,,,0,0.0
2017-01-23 00:00:00,5064.1,5049.333333333334,5054.566666666668,0.0042320793954222,,,0,0.0
2017-01-24 00:00:00,5104.4,5054.7,5079.0,0.0032878002708495,,,0,0.0
2017-01-25 00:00:00,5148.1,5089.866666666667,5119.633333333333,0.0035341495196869,,,0,0.0
2017-01-26 00:00:00,5144.9,5133.233333333334,5165.366666666667,0.0036006988033913,,,0,0.0
2017-01-27 00:00:00,5166.3,5151.566666666667,5162.733333333334,0.0035357025731823,,,0,0.0
2017-01-29 00:00:00,5147.4,5159.0,5175.9,0.0036897583824883,,,0,0.0
2017-01-30 00:00:00,5123.5,5149.0,5151.9,0.0035621212966433,,,0,0.0
2017-01-31 00:00:00,5127.9,5124.833333333333,5154.066666666666,0.003562805513129,,,0,0.0
2017-02-01 00:00:00,5141.9,5115.9,5147.4,0.0035799670847375,,,0,0.0
2017-02-02 00:00:00,5129.9,5141.666666666667,5159.333333333334,0.0036369933453099,,,0,0.0
2017-02-03 00:00:00,5158.6,5136.466666666666,5152.033333333333,0.003775877089666,,,0,0.0
2017-02-05 00:00:00,5150.8,5147.566666666667,5174.233333333334,0.0037937204346458,,,0,0.0
2017-02-06 00:00:00,5160.0,5153.900000000001,5157.700000000001,0.0037077790666823,,,0,0.0
2017-02-07 00:00:00,5175.7,5155.266666666666,5169.133333333333,0.0036678740901342,,,0,0.0
2017-02-08 00:00:00,5190.9,5174.599999999999,5193.799999999999,0.0036775064741852,,,0,0.0
2017-02-09 00:00:00,5212.8,5184.2,5204.099999999999,0.0036416047692965,,,0,0.0
2017-02-10 00:00:00,5228.1,5206.599999999999,5226.099999999999,0.0036463315752409,,,0,0.0
2017-02-12 00:00:00,5233.1,5223.900000000001,5237.300000000001,0.0036383601155385,,,0,0.0
2017-02-13 00:00:00,5259.5,5231.333333333333,5234.966666666666,0.0037043114482231,,,0,0.0
2017-02-14 00:00:00,5273.6,5249.966666666667,5271.833333333334,0.0035032037530928,,,0,0.0
2017-02-15 00:00:00,5308.9,5264.233333333334,5287.966666666667,0.003627652402976,,,0,0.0
2017-02-16 00:00:00,5297.7,5296.366666666667,5326.633333333333,0.0035078865785669,,,0,0.0
2017-02-17 00:00:00,5328.6,5301.266666666666,5313.633333333333,0.0032794156646897,,,0,0.0
2017-02-19 00:00:00,5322.7,5314.933333333333,5342.466666666667,0.0032994779819749,,,0,0.0
2017-02-20 00:00:00,5338.7,5323.166666666667,5324.933333333334,0.0032642161830374,,,0,0.0
2017-02-21 00:00:00,5344.6,5335.166666666667,5349.433333333334,0.0030214429179919,,,0,0.0
2017-02-22 00:00:00,5351.4,5343.266666666667,5354.933333333334,0.0026102288855942,,,0,0.0
2017-02-23 00:00:00,5324.6,5347.733333333333,5359.066666666666,0.0030579738521634,,,0,0.0
2017-02-24 00:00:00,5342.9,5332.2,5353.5,0.0030722638356543,,,0,0.0
2017-02-26 00:00:00,5349.1,5328.733333333333,5358.366666666665,0.0029126222148787,,,0,0.0
2017-02-27 00:00:00,5344.4,5347.333333333333,5352.666666666666,0.0028628923152728,,,0,0.0
2017-02-28 00:00:00,5332.6,5340.1,5356.6,0.0029087999753917,,,0,0.0
2017-03-01 00:00:00,5387.4,5333.2,5349.299999999999,0.0034794698821162,,,0,0.0
2017-03-02 00:00:00,5360.3,5373.3,5414.0,0.0038234756415136,,,0,0.0
2017-03-03 00:00:00,5372.6,5370.099999999999,5383.899999999999,0.0038157682983508,,,0,0.0
2017-03-05 00:00:00,5348.3,5363.433333333333,5382.566666666667,0.0040111770584481,,,0,0.0
2017-03-06 00:00:00,5358.1,5355.099999999999,5362.199999999999,0.003994942339232,,,0,0.0
2017-03-07 00:00:00,5345.1,5355.366666666667,5371.633333333333,0.0040781578903114,,,0,0.0
2017-03-08 00:00:00,5363.8,5353.533333333334,5365.666666666668,0.0040129179824543,,,0,0.0
2017-03-09 00:00:00,5371.8,5358.2,5382.5,0.0039953151713956,,,0,0.0
2017-03-10 00:00:00,5382.3,5359.866666666666,5384.333333333332,0.0037696810808898,,,0,0.0
2017-03-12 00:00:00,5373.4,5380.166666666667,5397.233333333334,0.0037531739593133,,,0,0.0
2017-03-13 00:00:00,5394.5,5375.966666666666,5380.233333333333,0.0036388815233949,,,0,0.0
2017-03-14 00:00:00,5381.2,5388.133333333334,5402.966666666668,0.0036852130403245,,,0,0.0
2017-03-15 00:00:00,5417.8,5379.233333333334,5398.466666666667,0.0039090981991855,,,0,0.0
2017-03-16 00:00:00,5409.9,5407.033333333333,5438.066666666666,0.0039385064087926,,,0,0.0
2017-03-17 00:00:00,5404.7,5414.433333333333,5430.766666666666,0.0039505266026471,,,0,0.0
2017-03-19 00:00:00,5402.2,5409.3,5416.1,0.0037420354685679,,,0,0.0
2017-03-20 00:00:00,5412.1,5401.733333333334,5405.166666666667,0.0036978987133046,,,0,0.0
2017-03-21 00:00:00,5326.6,5409.2,5426.599999999999,0.0052098758110351,,,0,0.0
2017-03-22 00:00:00,5371.8,5362.1,5401.000000000001,0.0055548395870466,,,0,0.0
2017-03-23 00:00:00,5357.9,5351.533333333333,5392.166666666666,0.0055643954902215,,,0,0.0
2017-03-24 00:00:00,5368.7,5358.433333333333,5373.666666666667,0.0050652997244405,,,0,0.0
2017-03-26 00:00:00,5343.7,5367.533333333333,5391.866666666666,0.005047054317038,,,0,0.0
2017-03-27 00:00:00,5383.4,5345.333333333333,5354.366666666666,0.0053017428494112,,,0,0.0
2017-03-28 00:00:00,5407.4,5360.666666666666,5408.133333333332,0.0052685848535264,,,0,0.0
2017-03-29 00:00:00,5433.1,5395.733333333333,5432.066666666666,0.0053455282853338,,,0,0.0
2017-03-30 00:00:00,5431.2,5422.633333333333,5444.566666666667,0.0053014140358277,,,0,0.0
2017-03-31 00:00:00,5432.2,5433.466666666667,5444.433333333334,0.0052647140819241,,,0,0.0
2017-04-02 00:00:00,5436.9,5432.566666666667,5448.133333333333,0.0052612882349198,,,0,0.0
2017-04-03 00:00:00,5428.5,5436.266666666666,5440.633333333333,0.0052725966355273,,,0,0.0
2017-04-04 00:00:00,5449.8,5426.2,5453.099999999999,0.0053034026863721,,,0,0.0
2017-04-05 00:00:00,5415.3,5434.8,5466.8,0.0054702660067833,,,0,0.0
2017-04-06 00:00:00,5422.1,5437.866666666666,5462.733333333332,0.0054377817011603,,,0,0.0
2017-04-07 00:00:00,5419.5,5417.666666666667,5440.533333333334,0.0052257396902525,,,0,0.0
2017-04-09 00:00:00,5420.6,5412.099999999999,5442.299999999999,0.0052140517591745,,,0,0.0
2017-04-10 00:00:00,5421.6,5420.6,5424.900000000001,0.0052079331146202,,,0,0.0
2017-04-11 00:00:00,5396.2,5423.0,5441.1,0.0053192790672408,,,0,0.0
2017-04-12 00:00:00,5370.9,5392.900000000001,5428.700000000001,0.0053976041432534,,,0,0.0
2017-04-13 00:00:00,5356.2,5383.733333333333,5399.066666666666,0.0040558691731505,,,0,0.0
2017-04-16 00:00:00,5351.9,5367.400000000001,5387.200000000001,0.0035701085011524,,,0,0.0
2017-04-17 00:00:00,5395.9,5352.366666666667,5355.133333333333,0.0039808888914996,,,0,0.0
2017-04-18 00:00:00,5394.0,5380.4,5413.9,0.0039642608975316,,,0,0.0
2017-04-19 00:00:00,5398.5,5391.0,5407.4,0.0037935722987931,,,0,0.0
2017-04-20 00:00:00,5446.5,5405.733333333334,5422.366666666667,0.0039448522040465,,,0,0.0
2017-04-21 00:00:00,5435.4,5431.733333333334,5468.466666666667,0.0038764591659218,,,0,0.0
2017-04-23 00:00:00,5487.0,5438.533333333334,5450.466666666667,0.0042883344917485,,,0,0.0
2017-04-24 00:00:00,5499.5,5487.866666666666,5496.433333333332,0.004301089911086,,,0,0.0
2017-04-25 00:00:00,5545.8,5497.7,5513.5,0.0046368295347705,,,0,0.0
2017-04-26 00:00:00,5537.4,5533.599999999999,5568.299999999999,0.004672104007974,,,0,0.0
2017-04-27 00:00:00,5587.1,5544.133333333334,5554.666666666668,0.0049623995872677,,,0,0.0
2017-04-28 00:00:00,5580.3,5573.233333333333,5611.7666666666655,0.0049608036406361,,,0,0.0
2017-04-30 00:00:00,5577.5,5582.433333333333,5594.266666666666,0.004657323951596,,,0,0.0
2017-05-01 00:00:00,5630.1,5577.033333333333,5581.2666666666655,0.0049832939884946,,,0,0.0
2017-05-02 00:00:00,5623.5,5614.533333333333,5651.966666666665,0.0050030410708443,,,0,0.0
2017-05-03 00:00:00,5619.0,5626.5,5637.6,0.00502551821825,,,0,0.0
2017-05-04 00:00:00,5623.9,5618.0,5630.9,0.0050161495755988,,,0,0.0
2017-05-05 00:00:00,5648.9,5620.633333333334,5637.366666666669,0.0048014299721356,,,0,0.0
2017-05-07 00:00:00,5643.6,5636.966666666667,5661.333333333334,0.0045822956898583,,,0,0.0
2017-05-08 00:00:00,5654.1,5648.433333333334,5655.566666666668,0.0044187134671282,,,0,0.0
2017-05-09 00:00:00,5669.3,5648.266666666667,5661.933333333334,0.0043405220763284,,,0,0.0
2017-05-10 00:00:00,5674.4,5669.233333333334,5687.666666666667,0.0041730674701926,,,0,0.0
2017-05-11 00:00:00,5669.9,5670.7,5683.299999999999,0.0041902112243793,,,0,0.0
2017-05-12 00:00:00,5688.9,5660.466666666667,5684.533333333335,0.0041751398092934,,,0,0.0
2017-05-14 00:00:00,5691.1,5678.3,5700.0,0.0039299140455897,,,0,0.0
2017-05-15 00:00:00,5704.1,5690.133333333334,5693.266666666668,0.0038009601870833,,,0,0.0
2017-05-16 00:00:00,5701.4,5697.766666666667,5712.933333333334,0.00346348109234,,,0,0.0
2017-05-17 00:00:00,5589.9,5708.366666666666,5720.433333333332,0.0059177345000658,,,0,0.0
2017-05-18 00:00:00,5632.6,5624.166666666667,5674.333333333334,0.0058674503594761,,,0,0.0
2017-05-19 00:00:00,5655.0,5610.533333333333,5670.466666666665,0.0058822359206019,,,0,0.0
2017-05-21 00:00:00,5657.4,5651.3,5680.200000000001,0.0055802427619418,,,0,0.0
2017-05-22 00:00:00,5690.1,5656.899999999999,5661.399999999998,0.005676183465365,,,0,0.0
2017-05-23 00:00:00,5709.4,5681.5,5714.2,0.0056890773916057,,,0,0.0
2017-05-24 00:00:00,5735.4,5705.899999999999,5721.799999999997,0.0054149536492781,,,0,0.0
2017-05-25 00:00:00,5783.8,5725.633333333334,5746.166666666668,0.0056393614375425,,,0,0.0
2017-05-26 00:00:00,5795.1,5771.599999999999,5807.799999999999,0.005615829734344,,,0,0.0
2017-05-28 00:00:00,5798.5,5787.866666666666,5803.133333333331,0.0056180294752619,,,0,0.0
2017-05-29 00:00:00,5793.6,5798.133333333334,5803.366666666669,0.0055987956480836,,,0,0.0
2017-05-30 00:00:00,5795.1,5795.866666666666,5799.633333333331,0.0055801954327015,,,0,0.0
2017-05-31 00:00:00,5800.7,5792.166666666667,5805.833333333334,0.0055793902893346,,,0,0.0
2017-06-01 00:00:00,5823.4,5794.5,5825.4,0.0056021615920701,,,0,0.0
2017-06-02 00:00:00,5885.6,5810.5,5840.4,0.0059747166815308,,,0,0.0
2017-06-04 00:00:00,5878.1,5865.133333333334,5906.966666666668,0.0059868612611592,,,0,0.0
2017-06-05 00:00:00,5882.9,5879.2,5882.2,0.0059796089471902,,,0,0.0
2017-06-06 00:00:00,5865.8,5882.266666666667,5891.733333333335,0.0060623154010728,,,0,0.0
2017-06-07 00:00:00,5879.4,5869.166666666667,5889.533333333334,0.0060625444150069,,,0,0.0
2017-06-08 00:00:00,5873.0,5869.966666666667,5894.033333333335,0.0060748039595629,,,0,0.0
2017-06-09 00:00:00,5736.6,5874.733333333334,5896.066666666668,0.0067607260126984,,,0,0.0
2017-06-11 00:00:00,5733.6,5765.133333333334,5869.866666666669,0.0066036167019025,,,0,0.0
2017-06-12 00:00:00,5714.0,5734.633333333334,5741.166666666668,0.0066298431232987,,,0,0.0
2017-06-13 00:00:00,5753.8,5695.833333333333,5756.766666666666,0.0067833853202179,,,0,0.0
2017-06-14 00:00:00,5703.6,5740.8,5773.5,0.007002333702119,,,0,0.0
2017-06-15 00:00:00,5701.3,5721.100000000001,5763.100000000002,0.0069609295195759,,,0,0.0
2017-06-16 00:00:00,5684.0,5681.933333333333,5729.966666666667,0.0069034757829233,,,0,0.0
2017-06-18 00:00:00,5684.1,5685.766666666666,5718.133333333333,0.0065836613145867,,,0,0.0
2017-06-19 00:00:00,5769.1,5682.133333333334,5688.366666666669,0.0074585063916981,,,0,0.0
2017-06-20 00:00:00,5724.1,5742.066666666667,5802.133333333333,0.0076454777271772,,,0,0.0
2017-06-21 00:00:00,5784.0,5740.233333333333,5760.2666666666655,0.0080360356591998,,,0,0.0
2017-06-22 00:00:00,5783.8,5754.8,5818.1,0.0080357057865644,,,0,0.0
2017-06-23 00:00:00,5798.6,5784.666666666667,5805.933333333334,0.0080543506075622,,,0,0.0
2017-06-25 00:00:00,5796.3,5787.366666666666,5819.133333333331,0.0080019861514662,,,0,0.0
2017-06-26 00:00:00,5773.0,5794.333333333333,5800.566666666666,0.0076154751511078,,,0,0.0
2017-06-27 00:00:00,5662.9,5792.666666666667,5824.733333333334,0.0086292024590012,,,0,0.0
2017-06-28 00:00:00,5764.8,5699.433333333333,5739.866666666667,0.0096952539995582,,,0,0.0
2017-06-29 00:00:00,5637.5,5719.166666666667,5813.733333333334,0.0107840152871853,,,0,0.0
2017-06-30 00:00:00,5648.8,5666.066666666667,5738.533333333333,0.0107777334116876,,,0,0.0
2017-07-02 00:00:00,5657.2,5648.0,5679.9,0.0108038380992556,,,0,0.0
2017-07-03 00:00:00,5582.0,5657.400000000001,5665.4000000000015,0.0099634740836925,,,0,0.0
2017-07-04 00:00:00,5570.2,5612.166666666667,5652.933333333334,0.0099631454844713,,,0,0.0
2017-07-05 00:00:00,5642.9,5578.333333333333,5603.166666666666,0.0104557821412225,,,0,0.0
2017-07-06 00:00:00,5594.8,5621.166666666667,5682.233333333334,0.0104416029560834,,,0,0.0
2017-07-07 00:00:00,5650.2,5603.766666666666,5634.4333333333325,0.0105788410681226,,,0,0.0
2017-07-09 00:00:00,5657.0,5634.966666666667,5685.333333333334,0.0105850496984294,,,0,0.0
2017-07-10 00:00:00,5691.4,5655.0,5660.4,0.0106587621162492,,,0,0.0
2017-07-11 00:00:00,5712.4,5679.966666666667,5716.333333333334,0.0106885077542277,,,0,0.0
2017-07-12 00:00:00,5784.5,5696.8,5732.700000000001,0.0105318178364123,,,0,0.0
2017-07-13 00:00:00,5792.3,5758.5,5810.6,0.0103640299050443,,,0,0.0
2017-07-14 00:00:00,5840.4,5789.599999999999,5808.099999999999,0.0102670879976603,,,0,0.0
2017-07-16 00:00:00,5841.5,5820.899999999999,5860.399999999998,0.0102665574628463,,,0,0.0
2017-07-17 00:00:00,5850.4,5844.099999999999,5849.399999999999,0.0102584848685543,,,0,0.0
2017-07-18 00:00:00,5885.9,5844.133333333334,5863.366666666669,0.0103305061538385,,,0,0.0
2017-07-19 00:00:00,5914.5,5863.966666666667,5914.033333333335,0.0103023985655887,,,0,0.0
2017-07-20 00:00:00,5913.2,5906.133333333334,5926.766666666668,0.0091410526879653,,,0,0.0
2017-07-21 00:00:00,5916.0,5911.900000000001,5933.200000000001,0.0083538654485557,,,0,0.0
2017-07-23 00:00:00,5910.2,5907.366666666666,5930.933333333332,0.0063285015451947,,,0,0.0
2017-07-24 00:00:00,5921.5,5911.933333333333,5913.666666666667,0.006328827089252,,,0,0.0
2017-07-25 00:00:00,5929.3,5922.666666666667,5946.933333333334,0.0063302006084707,,,0,0.0
2017-07-26 00:00:00,5961.9,5926.133333333334,5942.766666666668,0.0051714818258871,,,0,0.0
2017-07-27 00:00:00,5884.6,5948.466666666667,5976.433333333334,0.0062312224567693,,,0,0.0
2017-07-28 00:00:00,5907.1,5904.133333333334,5969.766666666668,0.0057529450295143,,,0,0.0
2017-07-30 00:00:00,5898.0,5887.566666666667,5931.533333333333,0.0052510502456285,,,0,0.0
2017-07-31 00:00:00,5875.4,5900.033333333333,5903.7666666666655,0.0051505505213757,,,0,0.0
2017-08-01 00:00:00,5928.3,5889.033333333333,5913.666666666666,0.0053797785406547,,,0,0.0
2017-08-02 00:00:00,5904.0,5910.433333333333,5948.466666666667,0.0054895255796324,,,0,0.0
2017-08-03 00:00:00,5879.9,5898.633333333334,5946.766666666668,0.0056257943642063,,,0,0.0
2017-08-04 00:00:00,5891.6,5890.099999999999,5908.199999999999,0.0049810761146357,,,0,0.0
2017-08-06 00:00:00,5899.3,5888.900000000001,5909.200000000001,0.0049809011153648,,,0,0.0
2017-08-07 00:00:00,5929.4,5897.166666666667,5902.033333333334,0.0047786777763685,,,0,0.0
2017-08-08 00:00:00,5895.9,5918.533333333333,5942.966666666665,0.0049895676715593,,,0,0.0
2017-08-09 00:00:00,5914.2,5918.133333333334,5945.166666666668,0.0050194622381377,,,0,0.0
2017-08-10 00:00:00,5769.6,5896.833333333333,5936.766666666666,0.0073518492438889,,,0,0.0
2017-08-11 00:00:00,5833.1,5815.600000000001,5871.400000000002,0.0077273200681318,,,0,0.0
2017-08-13 00:00:00,5856.9,5810.133333333334,5863.966666666668,0.0077998112281542,,,0,0.0
2017-08-14 00:00:00,5918.2,5850.933333333333,5863.466666666667,0.0081731443239154,,,0,0.0
2017-08-15 00:00:00,5903.2,5898.066666666667,5939.133333333333,0.0081908313070376,,,0,0.0
2017-08-16 00:00:00,5906.8,5912.333333333333,5931.766666666666,0.0081797744531508,,,0,0.0
2017-08-17 00:00:00,5792.9,5917.933333333333,5936.166666666667,0.0092233676252024,,,0,0.0
2017-08-18 00:00:00,5796.6,5833.3,5881.200000000001,0.0091030085907628,,,0,0.0
2017-08-20 00:00:00,5806.8,5800.633333333334,5829.866666666669,0.0087020378263105,,,0,0.0
2017-08-21 00:00:00,5798.6,5807.433333333333,5814.666666666667,0.0086395713527739,,,0,0.0
2017-08-22 00:00:00,5879.1,5785.600000000001,5819.900000000002,0.0092455951839055,,,0,0.0
2017-08-23 00:00:00,5832.3,5853.633333333334,5908.466666666668,0.0093779838475713,,,0,0.0
2017-08-24 00:00:00,5842.4,5846.766666666666,5865.133333333333,0.0091350472775222,,,0,0.0
2017-08-25 00:00:00,5823.8,5839.366666666666,5876.133333333331,0.0091193463832234,,,0,0.0
2017-08-27 00:00:00,5819.3,5837.433333333333,5859.266666666666,0.0090836330966419,,,0,0.0
2017-08-28 00:00:00,5808.3,5816.7,5826.0,0.009069567225104,,,0,0.0
2017-08-29 00:00:00,5876.6,5816.866666666666,5846.333333333332,0.0094814063072775,,,0,0.0
2017-08-30 00:00:00,5941.6,5844.0,5911.6,0.0097450724419383,,,0,0.0
2017-08-31 00:00:00,5999.3,5915.8,5969.200000000001,0.0098686105666838,,,0,0.0
2017-09-01 00:00:00,5987.0,5979.133333333334,6020.466666666668,0.0098757693720839,,,0,0.0
2017-09-03 00:00:00,5960.0,5993.066666666667,6013.233333333334,0.0080442828111055,,,0,0.0
2017-09-04 00:00:00,5980.0,5960.3,5966.6,0.007752867346417,,,0,0.0
2017-09-05 00:00:00,5934.4,5969.233333333334,5992.366666666667,0.0079686288384055,0.0066475950564614,,0,0.0
2017-09-06 00:00:00,5944.4,5936.066666666666,5982.733333333332,0.0076364779706814,0.0066475950564614,,0,0.0
2017-09-07 00:00:00,5963.8,5939.5,5970.1,0.0076353163455497,0.0066475950564614,,0,0.0
2017-09-08 00:00:00,5917.9,5962.366666666666,5982.733333333332,0.0078540064244803,0.0066475950564614,,0,0.0
2017-09-10 00:00:00,5940.0,5930.566666666666,5953.633333333331,0.0064153524130465,0.0066360678643143,,0,0.0
2017-09-11 00:00:00,5986.5,5941.766666666666,5944.533333333333,0.0065772636822175,0.0066294325451618,,0,0.0
2017-09-12 00:00:00,5998.5,5972.633333333334,6005.466666666668,0.0065777386149198,0.0066163193344637,,0,0.0
2017-09-13 00:00:00,5995.3,5990.0,6012.5,0.0065591473857991,0.0065936390082446,,0,0.0
2017-09-14 00:00:00,5946.8,5992.266666666666,6007.9333333333325,0.0062418623942005,0.0065810248241768,,0,0.0
2017-09-15 00:00:00,5990.9,5961.533333333333,5986.066666666666,0.0060779232268554,0.0065780634743433,,0,0.0
2017-09-17 00:00:00,5996.4,5981.8,6017.700000000001,0.0060780267201352,0.0065775011485686,,0,0.0
2017-09-18 00:00:00,5982.8,5994.566666666666,5999.233333333332,0.0060456881383063,0.0065768585516843,,0,0.0
2017-09-19 00:00:00,5984.9,5984.666666666667,6008.933333333334,0.0060299769912737,0.0065678004034751,,0,0.0
2017-09-20 00:00:00,5969.8,5983.433333333333,5998.866666666667,0.0060498929202195,0.0065538260742001,,0,0.0
2017-09-21 00:00:00,5934.5,5962.266666666666,6000.9333333333325,0.0057381953381641,0.0065420984796704,,0,0.0
2017-09-22 00:00:00,5928.7,5939.533333333333,5966.966666666665,0.0051766694239954,0.0065245564620972,,0,0.0
2017-09-24 00:00:00,5943.3,5923.133333333334,5941.866666666669,0.0046842367176544,0.0064981509165027,,0,0.0
2017-09-25 00:00:00,5867.4,5937.2,5951.599999999999,0.0054299943652475,0.0064607432616766,,0,0.0
2017-09-26 00:00:00,5885.0,5883.2,5931.299999999999,0.0054337479460677,0.0064269789154246,,0,0.0
2017-09-27 00:00:00,5931.3,5882.099999999999,5908.299999999999,0.0056948266908375,0.0064048652648603,,0,0.0
2017-09-28 00:00:00,5927.3,5922.233333333334,5964.966666666667,0.0054364759001706,0.0063712951865684,,0,0.0
2017-09-29 00:00:00,5973.6,5924.433333333333,5944.266666666666,0.0057050840267803,0.0063392064324668,,0,0.0
2017-10-01 00:00:00,5987.0,5959.7,5992.799999999999,0.0056813282943721,0.0063295138488613,,0,0.0
2017-10-02 00:00:00,5975.3,5985.333333333333,5994.766666666666,0.0053988378503297,0.0063286643172233,,0,0.0
2017-10-03 00:00:00,5987.5,5976.766666666666,6001.633333333333,0.0053585261054812,0.0063031668848039,,0,0.0
2017-10-04 00:00:00,5998.3,5985.966666666667,5999.633333333334,0.0050818718566509,0.0062736547967674,,0,0.0
2017-10-05 00:00:00,6057.5,5993.533333333333,6013.666666666666,0.0055214233701853,0.006260366125783,,0,0.0
2017-10-06 00:00:00,6060.0,6037.833333333333,6081.266666666666,0.0055161172120759,0.0062465586383224,,0,0.0
2017-10-08 00:00:00,6063.3,6052.266666666666,6072.9333333333325,0.0051285035025326,0.0062397702016805,,0,0.0
2017-10-09 00:00:00,6058.1,6061.433333333333,6065.666666666667,0.0049113988219291,0.0062344502329649,,0,0.0
2017-10-10 00:00:00,6060.3,6061.633333333334,6074.366666666669,0.0049108926111445,0.0062201993991669,,0,0.0
2017-10-11 00:00:00,6076.3,6058.666666666667,6084.033333333334,0.0048856702560484,0.0062079102480675,,0,0.0
2017-10-12 00:00:00,6065.6,6068.0,6088.4,0.0049183045183515,0.0062034922820959,,0,0.0
2017-10-13 00:00:00,6093.6,6072.3,6084.200000000001,0.0049325466110673,0.0061553030306308,,0,0.0
2017-10-15 00:00:00,6099.3,6084.7,6106.799999999999,0.0046544420535615,0.0060941461858877,,0,0.0
2017-10-16 00:00:00,6115.9,6098.599999999999,6102.099999999999,0.0046292299736703,0.0060779749734953,,0,0.0
2017-10-17 00:00:00,6122.1,6108.099999999999,6124.199999999999,0.0046257918431172,0.0060763635932091,,0,0.0
2017-10-18 00:00:00,6111.3,6114.600000000001,6130.100000000002,0.0033059198220408,0.0060686741872849,,0,0.0
2017-10-19 00:00:00,6088.9,6113.433333333333,6124.466666666667,0.0035326334832931,0.0060624299080399,,0,0.0
2017-10-20 00:00:00,6104.0,6082.266666666667,6119.233333333335,0.0032309515071315,0.0060561041606462,,0,0.0
2017-10-22 00:00:00,6114.5,6104.066666666667,6123.533333333333,0.0031925753418172,0.0060477905292629,,0,0.0
2017-10-23 00:00:00,6063.9,6112.7,6120.4,0.0035422219308024,0.00603783256479,,0,0.0
2017-10-24 00:00:00,6069.9,6079.099999999999,6103.199999999999,0.0035255798112714,0.0060253581947966,,0,0.0
2017-10-25 00:00:00,6053.9,6069.133333333334,6087.166666666668,0.0035556952322317,0.0060190307024651,,0,0.0
2017-10-26 00:00:00,6084.4,6046.866666666666,6088.433333333332,0.0036780145473306,0.006002091633885,,0,0.0
2017-10-27 00:00:00,6209.0,6067.866666666666,6106.633333333331,0.005737583170732,0.0059832351041747,,0,0.0
2017-10-29 00:00:00,6203.0,6167.333333333333,6261.666666666666,0.0054333857247305,0.0059771628143605,,0,0.0
2017-10-30 00:00:00,6215.8,6206.400000000001,6211.4000000000015,0.0054333128259459,0.0059506746173824,,0,0.0
2017-10-31 00:00:00,6247.9,6219.333333333333,6242.066666666666,0.0054980376624308,0.0059221835266499,,0,0.0
2017-11-01 00:00:00,6227.0,6238.666666666667,6262.333333333334,0.0055820279790193,0.005904678724259,,0,0.0
2017-11-02 00:00:00,6249.3,6241.333333333333,6264.566666666666,0.0055972135318247,0.005904678724259,,0,0.0
2017-11-03 00:00:00,6283.6,6231.133333333334,6275.166666666668,0.0056622364082277,0.005904678724259,,0,0.0
2017-11-05 00:00:00,6289.1,6268.400000000001,6306.300000000001,0.0056080033105386,0.005904678724259,,0,0.0
2017-11-06 00:00:00,6306.3,6286.833333333333,6294.366666666666,0.0055744108910785,0.005886929434527,,0,0.0
2017-11-07 00:00:00,6299.3,6293.633333333332,6324.566666666665,0.0056084465080347,0.0058777486290566,,0,0.0
2017-11-08 00:00:00,6336.0,6305.366666666666,6319.833333333332,0.0056827349342678,0.0058703558484937,,0,0.0
2017-11-09 00:00:00,6304.6,6324.5,6352.0,0.0058787434858861,0.0058703558484937,,0,0.0
2017-11-10 00:00:00,6302.5,6296.933333333334,6353.966666666669,0.0058457188100883,0.0058618731947565,,0,0.0
2017-11-12 00:00:00,6313.8,6298.233333333334,6320.166666666667,0.0057149952245773,0.0058523567014614,,0,0.0
2017-11-13 00:00:00,6304.6,6311.599999999999,6316.799999999999,0.0057590863949977,0.0058470680914871,,0,0.0
2017-11-14 00:00:00,6286.6,6301.133333333334,6324.766666666668,0.0058456883251211,0.0058457035676047,,0,0.0
2017-11-15 00:00:00,6261.3,6287.033333333333,6314.066666666666,0.0055447208428071,0.0058432558333385,,0,0.0
2017-11-16 00:00:00,6345.7,6258.666666666667,6289.533333333334,0.0061415332693315,0.0058432558333385,,0,0.0
2017-11-17 00:00:00,6308.6,6320.8,6381.5,0.0063152441502628,0.0058432558333385,,0,0.0
2017-11-19 00:00:00,6311.7,6321.899999999999,6336.599999999998,0.0062849744293289,0.0058432558333385,,0,0.0
2017-11-20 00:00:00,6313.2,6311.099999999999,6318.299999999999,0.0045059905075828,0.0058111595601529,,0,0.0
2017-11-21 00:00:00,6381.7,6310.233333333334,6330.366666666667,0.0050036131037823,0.005777537602886,,0,0.0
2017-11-22 00:00:00,6388.8,6358.333333333333,6407.066666666666,0.0050018234451461,0.0057663329110099,,0,0.0
2017-11-23 00:00:00,6381.1,6385.233333333334,6396.766666666667,0.0049510730476073,0.005756015712256,,0,0.0
2017-11-24 00:00:00,6411.0,6383.833333333333,6393.466666666666,0.004899808779685,0.0057455701838392,,0,0.0
2017-11-26 00:00:00,6415.5,6401.7,6423.5,0.0048767106278385,0.005737889254448,,0,0.0
2017-11-27 00:00:00,6405.5,6415.0,6418.4,0.0048141977363811,0.0057262891976546,,0,0.0
2017-11-28 00:00:00,6419.4,6407.166666666667,6421.133333333334,0.0048215265846256,0.0057100396256788,,0,0.0
2017-11-29 00:00:00,6306.0,6411.866666666666,6435.833333333332,0.0063568058737286,0.0057100396256788,,0,0.0
2017-11-30 00:00:00,6357.1,6338.466666666667,6394.833333333334,0.0066000347518623,0.0057100396256788,,0,0.0
2017-12-01 00:00:00,6343.4,6340.2,6392.4,0.0065001522676441,0.0057100396256788,,0,0.0
2017-12-03 00:00:00,6379.1,6318.8,6392.400000000001,0.0064995513913733,0.0057100396256788,,0,0.0
2017-12-04 00:00:00,6266.4,6380.2,6388.9,0.0076801047200933,0.0057100396256788,,0,0.0
2017-12-05 00:00:00,6273.9,6299.899999999999,6350.299999999997,0.00767287569641,0.0057100396256788,,0,0.0
2017-12-06 00:00:00,6302.2,6281.099999999999,6331.299999999999,0.007740794144462,0.0057100396256788,,0,0.0
2017-12-07 00:00:00,6328.3,6279.900000000001,6328.500000000001,0.0077625853743109,0.0057100396256788,,0,0.0
2017-12-08 00:00:00,6343.3,6317.099999999999,6346.199999999999,0.0077039924479131,0.0057100396256788,,0,0.0
2017-12-10 00:00:00,6349.1,6347.333333333333,6374.566666666666,0.0070933103241111,0.0057100396256788,,0,0.0
2017-12-11 00:00:00,6402.5,6348.3,6352.8,0.007185258041959,0.0057100396256788,,0,0.0
2017-12-12 00:00:00,6379.0,6384.366666666666,6427.633333333331,0.0072535003307848,0.0057100396256788,,0,0.0
2017-12-13 00:00:00,6402.3,6386.333333333333,6400.566666666666,0.0072857444082493,0.0057100396256788,,0,0.0
2017-12-14 00:00:00,6391.0,6395.7,6426.099999999999,0.0068989504479651,0.0057100396256788,,0,0.0
2017-12-15 00:00:00,6482.4,6400.400000000001,6416.200000000001,0.0075963546394298,0.0057100396256788,,0,0.0
2017-12-17 00:00:00,6494.3,6450.033333333333,6517.166666666666,0.0075854793023123,0.0057100396256788,,0,0.0
2017-12-18 00:00:00,6518.8,6490.366666666666,6499.933333333332,0.0075642563673973,0.0057100396256788,,0,0.0
2017-12-19 00:00:00,6491.4,6511.366666666666,6531.333333333332,0.007648748263494,0.0057100396256788,,0,0.0
2017-12-20 00:00:00,6466.9,6493.600000000001,6525.400000000002,0.0076977904053855,0.0057100396256788,,0,0.0
2017-12-21 00:00:00,6477.6,6474.399999999999,6503.399999999998,0.0076927852393033,0.0057100396256788,,0,0.0
2017-12-22 00:00:00,6465.8,6480.166666666667,6500.033333333334,0.0064396415502524,0.0057100396256788,,0,0.0
2017-12-25 00:00:00,6472.9,6466.3,6483.0,0.0062357893063094,0.0057100396256788,,0,0.0
2017-12-26 00:00:00,6444.8,6471.266666666666,6475.133333333333,0.006311259427304,0.0057100396256788,,0,0.0
2017-12-27 00:00:00,6436.4,6444.400000000001,6474.300000000001,0.0062225851411575,0.0057100396256788,,0,0.0
2017-12-28 00:00:00,6430.5,6439.3,6454.5,0.0045582609846643,0.0056999553588089,,0,0.0
2017-12-29 00:00:00,6366.5,6438.099999999999,6451.799999999999,0.0052074950486675,0.0056919520412216,,0,0.0
2018-01-01 00:00:00,6398.9,6393.900000000001,6422.200000000001,0.0052310571001474,0.0056859061629367,,0,0.0
2018-01-02 00:00:00,6498.8,6393.966666666667,6404.033333333335,0.0061650572262642,0.0056859061629367,,0,0.0
2018-01-03 00:00:00,6568.8,6461.166666666667,6542.733333333334,0.0065146445650328,0.0056859061629367,,0,0.0
2018-01-04 00:00:00,6588.6,6547.3,6596.5,0.0065170803317598,0.0056859061629367,,0,0.0
2018-01-05 00:00:00,6650.3,6584.8,6604.900000000001,0.0065707194589988,0.0056859061629367,,0,0.0
2018-01-07 00:00:00,6657.8,6629.066666666667,6674.133333333333,0.0064421620781948,0.0056859061629367,,0,0.0
2018-01-08 00:00:00,6675.5,6657.733333333334,6665.066666666668,0.0064338759656469,0.0056859061629367,,0,0.0
2018-01-09 00:00:00,6668.4,6663.333333333333,6689.266666666666,0.0064135154154946,0.0056859061629367,,0,0.0
2018-01-10 00:00:00,6658.7,6670.333333333333,6689.266666666666,0.0057780663684185,0.0056859061629367,,0,0.0
2018-01-11 00:00:00,6705.3,6646.966666666667,6681.733333333335,0.0059142287899251,0.0056859061629367,,0,0.0
2018-01-12 00:00:00,6757.8,6689.099999999999,6729.799999999999,0.0060598564992916,0.0056859061629367,,0,0.0
2018-01-14 00:00:00,6772.3,6736.133333333332,6784.066666666665,0.0058917197170058,0.0056859061629367,,0,0.0
2018-01-15 00:00:00,6764.1,6770.933333333333,6775.266666666666,0.0057832453396005,0.0056859061629367,,0,0.0
2018-01-16 00:00:00,6736.3,6768.533333333333,6778.966666666665,0.0059563234343274,0.0056859061629367,,0,0.0
2018-01-17 00:00:00,6815.6,6760.366666666666,6806.533333333332,0.0062675370123513,0.0056859061629367,,0,0.0
2018-01-18 00:00:00,6806.2,6789.8,6845.200000000001,0.006324178078092,0.0056859061629367,,0,0.0
2018-01-19 00:00:00,6834.8,6803.466666666667,6825.933333333334,0.0061207102444925,0.0056859061629367,,0,0.0
2018-01-21 00:00:00,6823.0,6820.933333333333,6855.266666666666,0.0061369293019383,0.0056859061629367,,0,0.0
2018-01-22 00:00:00,6915.6,6820.2,6831.099999999999,0.006502152584173,0.0056859061629367,,0,0.0
2018-01-23 00:00:00,6944.7,6886.033333333333,6955.966666666665,0.0056576408068344,0.0056820316143199,,0,0.0
2018-01-24 00:00:00,6914.1,6938.633333333334,6972.266666666668,0.0059832465090072,0.0056820316143199,,0,0.0
2018-01-25 00:00:00,6926.6,6925.5,6977.4,0.0053200656056684,0.0056787558798685,,0,0.0
2018-01-26 00:00:00,7016.0,6928.7,6970.2,0.0054983392448731,0.0056787558798685,,0,0.0
2018-01-28 00:00:00,7026.2,6986.433333333333,7048.966666666667,0.0055138483330814,0.0056787558798685,,0,0.0
2018-01-29 00:00:00,6989.6,7023.333333333333,7031.166666666666,0.0056230355850761,0.0056787558798685,,0,0.0
2018-01-30 00:00:00,6927.3,6995.633333333334,7026.066666666668,0.0061738531317617,0.0056820316143199,,0,0.0
2018-01-31 00:00:00,6956.3,6935.466666666667,6983.133333333334,0.0061918029890974,0.0056859061629367,,0,0.0
2018-02-01 00:00:00,6939.7,6946.966666666667,6986.133333333334,0.0062340730937455,0.0056919520412216,,0,0.0
2018-02-02 00:00:00,6739.0,6928.033333333334,6985.266666666667,0.0093065445407421,0.0056999553588089,,0,0.0
2018-02-04 00:00:00,6713.3,6806.099999999999,6873.799999999999,0.0092315439856297,0.0056999553588089,,0,0.0
2018-02-05 00:00:00,6436.4,6718.299999999999,6740.399999999999,0.0128730826634592,0.0056999553588089,,0,0.0
2018-02-06 00:00:00,6627.6,6537.133333333334,6698.866666666669,0.0147223352591533,0.0056999553588089,,0,0.0
2018-02-07 00:00:00,6486.1,6512.899999999999,6778.899999999998,0.0154118736461463,0.0056999553588089,,0,0.0
2018-02-08 00:00:00,6300.4,6556.966666666667,6634.933333333334,0.0165251389298524,0.0056999553588089,,0,0.0
2018-02-09 00:00:00,6414.9,6397.266666666666,6509.333333333333,0.0168885581871406,0.0056999553588089,,0,0.0
2018-02-11 00:00:00,6428.6,6337.566666666666,6521.733333333332,0.0169233402443495,0.0056999553588089,,0,0.0
2018-02-12 00:00:00,6518.9,6421.366666666666,6439.433333333332,0.0172745647613881,0.0056999553588089,,0,0.0
2018-02-13 00:00:00,6555.0,6498.233333333333,6579.466666666665,0.0173616431060745,0.0056999553588089,,0,0.0
2018-02-14 00:00:00,6671.8,6526.5,6590.7,0.0175848067840262,0.0056999553588089,,0,0.0
2018-02-15 00:00:00,6818.1,6601.166666666667,6755.833333333334,0.0183260102152164,0.0056999553588089,,0,0.0
2018-02-16 00:00:00,6779.0,6768.366666666666,6872.333333333332,0.0183423271602105,0.0056999553588089,,0,0.0
2018-02-18 00:00:00,6799.8,6797.400000000001,6835.600000000001,0.0183540114680126,0.0056999553588089,,0,0.0
2018-02-19 00:00:00,6783.6,6795.766666666666,6806.633333333333,0.0180709458524185,0.0056999553588089,,0,0.0
2018-02-20 00:00:00,6799.6,6785.100000000001,6814.800000000003,0.01807993044721,0.0056999553588089,,0,0.0
2018-02-21 00:00:00,6719.7,6786.866666666666,6853.333333333332,0.0182096231946021,0.0056999553588089,,0,0.0
2018-02-22 00:00:00,6788.8,6772.266666666666,6830.033333333333,0.0183210009612407,0.0056999553588089,,0,0.0
2018-02-23 00:00:00,6900.5,6770.2,6847.4,0.0186998646192019,0.0056999553588089,,0,0.0
2018-02-25 00:00:00,6912.6,6863.866666666666,6947.533333333332,0.018697713255528,0.0056999553588089,,0,0.0
2018-02-26 00:00:00,6998.8,6915.833333333333,6920.966666666666,0.0175892760167171,0.0056999553588089,,0,0.0
2018-02-27 00:00:00,6924.4,6963.833333333333,7039.966666666666,0.0177737793387244,0.0056999553588089,,0,0.0
2018-02-28 00:00:00,6880.7,6944.233333333333,6986.666666666665,0.0147985800203508,0.0056999553588089,,0,0.0
2018-03-01 00:00:00,6769.0,6901.966666666667,6947.533333333335,0.014054874579125,0.0056999553588089,,0,0.0
2018-03-02 00:00:00,6807.8,6784.599999999999,6881.399999999999,0.013041045724008,0.0056999553588089,,0,0.0
2018-03-04 00:00:00,6792.2,6758.533333333333,6871.666666666666,0.010882745732078,0.0057100396256788,,0,0.0
2018-03-05 00:00:00,6880.8,6790.566666666667,6802.833333333333,0.0105830395317462,0.0057262891976546,,0,0.0
2018-03-06 00:00:00,6825.3,6842.066666666667,6942.533333333333,0.0108967426227805,0.005737889254448,,0,0.0
2018-03-07 00:00:00,6919.5,6860.633333333334,6903.266666666668,0.010883864698671,0.0057455701838392,,0,0.0
2018-03-08 00:00:00,6975.1,6884.433333333333,6971.266666666666,0.0109282384420826,0.005756015712256,,0,0.0
2018-03-09 00:00:00,7097.0,6957.0,7000.5,0.0109043473857221,0.0057663329110099,,0,0.0
2018-03-11 00:00:00,7119.9,7054.266666666666,7146.033333333333,0.0099712761471615,0.0057758228977203,,0,0.0
2018-03-12 00:00:00,7130.3,7112.133333333334,7131.466666666668,0.0097976376135388,0.0057797810735843,,0,0.0
2018-03-13 00:00:00,7039.0,7132.633333333334,7156.266666666668,0.0103810726283349,0.0057823705591753,,0,0.0
2018-03-14 00:00:00,7038.1,7082.933333333333,7144.066666666667,0.0103456599559717,0.0058120343405782,,0,0.0
2018-03-15 00:00:00,7055.2,7049.133333333334,7086.466666666668,0.0103458399635724,0.0058432558333385,,0,0.0
2018-03-16 00:00:00,7020.6,7044.233333333334,7086.166666666667,0.0099771762057927,0.0058457035676047,,0,0.0
2018-03-18 00:00:00,7012.1,7029.466666666667,7050.733333333335,0.0098192701997646,0.0058470680914871,,0,0.0
2018-03-19 00:00:00,6860.3,7011.766666666667,7017.133333333335,0.0104734709463157,0.0058523567014614,,0,0.0
2018-03-20 00:00:00,6887.8,6890.933333333333,6985.666666666667,0.0105081419242249,0.0058618731947565,,0,0.0
2018-03-21 00:00:00,6860.4,6876.266666666666,6914.333333333333,0.0101063159391473,0.0058703558484937,,0,0.0
2018-03-22 00:00:00,6611.7,6867.933333333334,6918.266666666668,0.0126912815413445,0.0058760024116987,,0,0.0
2018-03-23 00:00:00,6524.3,6704.400000000001,6798.200000000001,0.0129004544712837,0.005880489703244,,0,0.0
2018-03-25 00:00:00,6545.7,6572.299999999999,6649.199999999999,0.0125461899466704,0.005886929434527,,0,0.0
2018-03-26 00:00:00,6763.4,6532.400000000001,6563.700000000001,0.014715221934661,0.005891671332729,,0,0.0
2018-03-27 00:00:00,6527.4,6685.5,6841.6,0.016636652814257,0.0059029742534654,,0,0.0
2018-03-28 00:00:00,6469.2,6606.833333333333,6746.666666666666,0.0163233483920405,0.0059159816449954,,0,0.0
2018-03-29 00:00:00,6546.8,6475.400000000001,6552.800000000001,0.0166064896636788,0.0059370289671966,,0,0.0
2018-04-01 00:00:00,6535.8,6532.599999999999,6644.399999999999,0.016189241402042,0.0059655200579291,,0,0.0
2018-04-02 00:00:00,6389.2,6542.099999999999,6558.299999999999,0.01655288142538,0.0059771628143605,,0,0.0
2018-04-03 00:00:00,6432.4,6415.466666666667,6527.133333333334,0.0159761466725938,0.0059814277280987,,0,0.0
2018-04-04 00:00:00,6577.4,6411.399999999999,6494.399999999998,0.017034530838645,0.0059850538850832,,0,0.0
2018-04-05 00:00:00,6505.0,6480.566666666666,6677.433333333332,0.0170593685942038,0.006002091633885,,0,0.0
2018-04-06 00:00:00,6436.2,6536.066666666667,6601.133333333333,0.0170090709982168,0.0060190307024651,,0,0.0
2018-04-08 00:00:00,6459.4,6468.166666666667,6547.433333333334,0.0170779222475335,0.0060253581947966,,0,0.0
2018-04-09 00:00:00,6463.1,6454.733333333333,6468.866666666665,0.0170453336155082,0.00603783256479,,0,0.0
2018-04-10 00:00:00,6591.3,6503.433333333334,6557.666666666669,0.0178718442827728,0.0060477905292629,,0,0.0
2018-04-11 00:00:00,6592.6,6558.3,6664.8,0.0178820235495602,0.0060548747097556,,0,0.0
2018-04-12 00:00:00,6635.0,6589.066666666666,6646.933333333332,0.017431448630185,0.0060610859501822,,0,0.0
2018-04-13 00:00:00,6622.5,6626.233333333334,6682.566666666668,0.0173827583718896,0.0060624299080399,,0,0.0
2018-04-15 00:00:00,6669.0,6633.833333333333,6681.266666666666,0.0174845265496994,0.0060686741872849,,0,0.0
2018-04-16 00:00:00,6684.2,6666.633333333334,6680.566666666668,0.0154288893767862,0.0060763635932091,,0,0.0
2018-04-17 00:00:00,6811.8,6668.400000000001,6717.4000000000015,0.0155899571699003,0.0060779749734953,,0,0.0
2018-04-18 00:00:00,6843.1,6773.333333333333,6863.066666666666,0.0155971938402918,0.0060941461858877,,0,0.0
2018-04-19 00:00:00,6757.8,6822.366666666666,6867.733333333332,0.0141064871481016,0.0061154879480663,,0,0.0
2018-04-20 00:00:00,6655.8,6779.733333333334,6824.266666666667,0.0120730009411805,0.0061288197732154,,0,0.0
2018-04-22 00:00:00,6675.8,6684.133333333334,6741.666666666668,0.0118475646467445,0.0061392312856349,,0,0.0
2018-04-23 00:00:00,6651.2,6676.400000000001,6690.200000000001,0.0116432739417137,0.0061392312856349,,0,0.0
2018-04-24 00:00:00,6512.4,6651.933333333333,6707.066666666667,0.0126133742740147,0.0061392312856349,,0,0.0
2018-04-25 00:00:00,6577.8,6552.466666666667,6657.533333333335,0.0116406516420472,0.0061392312856349,,0,0.0
2018-04-26 00:00:00,6729.3,6523.833333333333,6638.266666666666,0.0125586027429063,0.0061392312856349,,0,0.0
2018-04-27 00:00:00,6651.6,6667.7,6795.9,0.0119710432143903,0.0061392312856349,,0,0.0
2018-04-29 00:00:00,6656.6,6668.833333333333,6734.866666666666,0.0116540195138423,0.0061392312856349,,0,0.0
2018-04-30 00:00:00,6599.1,6658.8,6670.400000000001,0.0115584447374762,0.0061392312856349,,0,0.0
2018-05-01 00:00:00,6701.9,6624.166666666667,6672.733333333334,0.0119855210579685,0.0061392312856349,,0,0.0
2018-05-02 00:00:00,6615.0,6660.133333333334,6761.466666666668,0.0124389587501349,0.0061392312856349,,0,0.0
2018-05-03 00:00:00,6628.4,6643.533333333333,6680.666666666666,0.0116497727178777,0.0061392312856349,,0,0.0
2018-05-04 00:00:00,6759.2,6600.399999999999,6681.999999999997,0.012429642069189,0.0061392312856349,,0,0.0
2018-05-06 00:00:00,6777.8,6706.733333333334,6821.866666666667,0.0123771521439883,0.0061392312856349,,0,0.0
2018-05-07 00:00:00,6799.6,6772.433333333333,6791.066666666667,0.0123641499194432,0.0061392312856349,,0,0.0
2018-05-08 00:00:00,6797.8,6801.0,6830.8,0.0122967347218934,0.0061392312856349,,0,0.0
2018-05-09 00:00:00,6878.4,6789.799999999999,6826.399999999999,0.0125322380958291,0.0061392312856349,,0,0.0
2018-05-10 00:00:00,6947.2,6852.0,6912.6,0.0120152938716508,0.0061392312856349,,0,0.0
2018-05-11 00:00:00,6943.4,6925.900000000001,6976.500000000001,0.0119905050346487,0.0061392312856349,,0,0.0
2018-05-13 00:00:00,6967.7,6940.133333333334,6966.666666666668,0.0115857918580823,0.0061392312856349,,0,0.0
2018-05-14 00:00:00,6957.0,6962.3,6974.200000000001,0.0109364177910648,0.0061392312856349,,0,0.0
2018-05-15 00:00:00,6870.2,6965.400000000001,6990.200000000001,0.0114190645004401,0.0061392312856349,,0,0.0
2018-05-16 00:00:00,6931.8,6891.0,6940.6,0.0114671451508532,0.0061392312856349,,0,0.0
2018-05-17 00:00:00,6905.3,6914.733333333334,6960.266666666667,0.0102350647624029,0.0061392312856349,,0,0.0
2018-05-18 00:00:00,6867.3,6908.433333333333,6950.266666666666,0.0102609797347534,0.0061392312856349,,0,0.0
2018-05-20 00:00:00,6924.8,6883.366666666666,6911.133333333331,0.0091594663328984,0.0061392312856349,,0,0.0
2018-05-21 00:00:00,6904.5,6926.599999999999,6938.899999999999,0.008706339728535,0.0061392312856349,,0,0.0
2018-05-22 00:00:00,6895.1,6909.900000000001,6945.000000000001,0.0087338310662912,0.0061532952477978,,0,0.0
2018-05-23 00:00:00,6944.4,6909.100000000001,6934.400000000002,0.008449829922435,0.006169455179013,,0,0.0
2018-05-24 00:00:00,6959.8,6907.966666666667,6992.533333333335,0.0078775046764204,0.006169455179013,,0,0.0
2018-05-25 00:00:00,6963.4,6936.033333333333,6992.066666666666,0.0070723287946712,0.006169455179013,,0,0.0
2018-05-27 00:00:00,6988.4,6967.566666666666,6994.933333333332,0.0070743715401896,0.006169455179013,,0,0.0
2018-05-28 00:00:00,6985.8,6985.333333333333,6993.766666666666,0.0058437524908548,0.006169455179013,,0,0.0
2018-05-29 00:00:00,6930.6,6985.833333333333,7004.366666666666,0.0062134577764203,0.0061828280604296,,0,0.0
2018-05-30 00:00:00,6975.3,6935.066666666667,6982.333333333333,0.006311783459325,0.0062026303827589,,0,0.0
2018-05-31 00:00:00,6982.5,6961.400000000001,7006.9000000000015,0.0063015663276396,0.0062180214587889,,0,0.0
2018-06-01 00:00:00,7084.4,6987.5,7017.6,0.0065656851822942,0.0062269037989634,,0,0.0
2018-06-03 00:00:00,7086.2,7050.733333333333,7123.066666666666,0.0062555617682188,0.0062326477752574,,0,0.0
2018-06-04 00:00:00,7146.5,7081.666666666667,7091.533333333334,0.0064613580774934,0.0062349312000274,,0,0.0
2018-06-05 00:00:00,7180.2,7127.099999999999,7169.799999999999,0.0064872038376486,0.006238825850255,,0,0.0
2018-06-06 00:00:00,7212.4,7167.566666666667,7198.833333333333,0.0064774642037009,0.0062465586383224,,0,0.0
2018-06-07 00:00:00,7156.4,7191.599999999999,7241.999999999999,0.0059978514022508,0.0062465586383224,,0,0.0
2018-06-08 00:00:00,7149.8,7168.433333333334,7221.066666666668,0.0058029710438303,0.0062465586383224,,0,0.0
2018-06-10 00:00:00,7138.3,7129.900000000001,7182.9000000000015,0.0057152086746717,0.0062465586383224,,0,0.0
2018-06-11 00:00:00,7175.3,7136.2,7144.7,0.0055043472621861,0.0062465586383224,,0,0.0
2018-06-12 00:00:00,7220.7,7165.8,7198.3,0.0054018543835667,0.0062465586383224,,0,0.0
2018-06-13 00:00:00,7207.7,7199.8,7244.1,0.0053520050930276,0.0062465586383224,,0,0.0
2018-06-14 00:00:00,7284.4,7221.166666666667,7249.733333333334,0.0056028771025428,0.0062465586383224,,0,0.0
2018-06-15 00:00:00,7251.8,7252.466666666667,7326.7333333333345,0.0057256828571126,0.0062465586383224,,0,0.0
2018-06-17 00:00:00,7256.6,7254.433333333333,7289.666666666667,0.0057357547949308,0.0062465586383224,,0,0.0
2018-06-18 00:00:00,7206.8,7256.433333333334,7263.266666666668,0.0060709246787975,0.0062465586383224,,0,0.0
2018-06-19 00:00:00,7234.9,7215.466666666667,7248.133333333334,0.0060762785554309,0.0062465586383224,,0,0.0
2018-06-20 00:00:00,7296.1,7200.866666666666,7269.733333333332,0.0062326416599171,0.006238825850255,,0,0.0
2018-06-21 00:00:00,7206.2,7269.100000000001,7337.200000000003,0.0066722999221013,0.006238825850255,,0,0.0
2018-06-22 00:00:00,7193.9,7245.2,7293.0,0.0066334217007811,0.006238825850255,,0,0.0
2018-06-24 00:00:00,7195.8,7205.533333333333,7237.466666666665,0.0066388897912493,0.006238825850255,,0,0.0
2018-06-25 00:00:00,7037.6,7191.666666666667,7201.733333333334,0.0077885560395502,0.006238825850255,,0,0.0
2018-06-26 00:00:00,7079.1,7068.600000000001,7166.400000000002,0.0079110170540564,0.006238825850255,,0,0.0
2018-06-27 00:00:00,6985.8,7066.566666666667,7117.533333333333,0.0081627938818666,0.006238825850255,,0,0.0
2018-06-28 00:00:00,7036.9,7025.233333333334,7087.166666666667,0.0082801848507558,0.006238825850255,,0,0.0
2018-06-29 00:00:00,7043.4,7006.633333333334,7082.266666666668,0.0081944593732887,0.006238825850255,,0,0.0
2018-07-01 00:00:00,7047.2,7054.733333333333,7088.066666666666,0.0080509440291227,0.006238825850255,,0,0.0
2018-07-02 00:00:00,7091.4,7041.8,7062.0,0.0082015667261451,0.006238825850255,,0,0.0
2018-07-03 00:00:00,7003.2,7050.066666666666,7136.733333333332,0.0086331914571717,0.006238825850255,,0,0.0
2018-07-04 00:00:00,7015.7,7045.566666666667,7098.533333333333,0.0085396944683019,0.006238825850255,,0,0.0
2018-07-05 00:00:00,7080.1,7015.366666666668,7029.933333333335,0.0086925109128689,0.006238825850255,,0,0.0
2018-07-06 00:00:00,7210.0,7059.666666666667,7125.033333333334,0.0096976979603142,0.006238825850255,,0,0.0
2018-07-08 00:00:00,7218.1,7168.333333333333,7258.266666666666,0.0093794605348648,0.006238825850255,,0,0.0
2018-07-09 00:00:00,7292.2,7217.566666666667,7222.033333333333,0.0096197301866975,0.006238825850255,,0,0.0
2018-07-10 00:00:00,7222.7,7268.066666666667,7319.533333333333,0.0098675693360788,0.006238825850255,,0,0.0
2018-07-11 00:00:00,7237.7,7252.333333333333,7284.566666666666,0.0097510758504388,0.006238825850255,,0,0.0
2018-07-12 00:00:00,7375.0,7230.033333333334,7276.466666666667,0.0105931383401967,0.006238825850255,,0,0.0
2018-07-13 00:00:00,7375.7,7329.133333333334,7423.666666666668,0.0104478050379106,0.006238825850255,,0,0.0
2018-07-15 00:00:00,7386.7,7371.633333333334,7397.066666666668,0.0099958160933527,0.006238825850255,,0,0.0
2018-07-16 00:00:00,7308.3,7386.133333333334,7392.266666666668,0.0103289975424501,0.006238825850255,,0,0.0
2018-07-17 00:00:00,7410.8,7331.933333333333,7368.766666666666,0.0107388278948712,0.006238825850255,,0,0.0
2018-07-18 00:00:00,7386.1,7365.733333333334,7459.866666666667,0.0093033606442172,0.006238825850255,,0,0.0
2018-07-19 00:00:00,7366.1,7387.833333333333,7414.866666666666,0.009334992179659,0.006238825850255,,0,0.0
2018-07-20 00:00:00,7344.7,7365.0,7396.1,0.0087160992095822,0.006238825850255,,0,0.0
2018-07-22 00:00:00,7342.9,7355.733333333334,7381.5666666666675,0.0086620730505119,0.006238825850255,,0,0.0
2018-07-23 00:00:00,7416.4,7346.333333333333,7349.766666666666,0.0088301206399199,0.006238825850255,,0,0.0
2018-07-24 00:00:00,7392.4,7376.033333333333,7461.466666666665,0.0089168814594253,0.006238825850255,,0,0.0
2018-07-25 00:00:00,7392.3,7408.933333333334,7452.266666666668,0.0088851122365507,0.006238825850255,,0,0.0
2018-07-26 00:00:00,7414.2,7422.833333333333,7478.066666666666,0.0081981062277795,0.006238825850255,,0,0.0
2018-07-27 00:00:00,7280.6,7394.633333333334,7448.766666666668,0.0094402217801581,0.006238825850255,,0,0.0
2018-07-29 00:00:00,7271.5,7323.533333333333,7403.666666666666,0.0093038501095009,0.006238825850255,,0,0.0
2018-07-30 00:00:00,7190.9,7273.666666666667,7277.233333333334,0.0087916756641754,0.006238825850255,,0,0.0
2018-07-31 00:00:00,7252.9,7209.0,7271.2,0.0090037479366849,0.006238825850255,,0,0.0
2018-08-01 00:00:00,7267.9,7233.399999999999,7297.399999999998,0.0087068795957236,0.006238825850255,,0,0.0
2018-08-02 00:00:00,7368.6,7257.633333333334,7294.066666666668,0.0089451570606688,0.006238825850255,,0,0.0
2018-08-03 00:00:00,7385.9,7312.366666666666,7430.633333333331,0.0089470179406717,0.006238825850255,,0,0.0
2018-08-05 00:00:00,7384.9,7374.399999999999,7406.399999999998,0.0078908068628523,0.006238825850255,,0,0.0
2018-08-06 00:00:00,7424.4,7386.8,7390.200000000001,0.0079777187748019,0.006238825850255,,0,0.0
2018-08-07 00:00:00,7456.2,7407.2,7446.799999999999,0.0080228653764002,0.0062465586383224,,0,0.0
2018-08-08 00:00:00,7451.7,7449.333333333333,7475.466666666666,0.0075938885941342,0.0062534083253315,,0,0.0
2018-08-09 00:00:00,7448.9,7451.966666666667,7478.333333333334,0.0069491738370569,0.0062615493902851,,0,0.0
2018-08-10 00:00:00,7415.6,7459.733333333333,7477.566666666666,0.006984858058736,0.0062726846183822,,0,0.0
2018-08-12 00:00:00,7394.8,7413.333333333333,7453.066666666666,0.0069870356715831,0.0062762557208401,,0,0.0
2018-08-13 00:00:00,7412.1,7393.466666666667,7403.333333333334,0.0069620356043567,0.0062932703784843,,0,0.0
2018-08-14 00:00:00,7449.4,7413.633333333334,7465.266666666668,0.0070327612374414,0.0063064128774718,,0,0.0
2018-08-15 00:00:00,7362.3,7429.666666666667,7473.133333333334,0.0072000890860042,0.0063115214433145,,0,0.0
2018-08-16 00:00:00,7367.4,7374.7,7441.299999999999,0.007170488017666,0.0063135138047939,,0,0.0
2018-08-17 00:00:00,7382.8,7382.8,7411.200000000001,0.0071879262833519,0.0063197111141774,,0,0.0
2018-08-19 00:00:00,7387.5,7365.533333333333,7416.666666666666,0.0071555389119346,0.0063263398116433,,0,0.0
2018-08-20 00:00:00,7374.4,7387.5,7392.4,0.005818059857266,0.0063263398116433,,0,0.0
2018-08-21 00:00:00,7356.9,7378.433333333334,7409.266666666668,0.0058427964795631,0.0063263398116433,,0,0.0
2018-08-22 00:00:00,7432.7,7384.566666666666,7420.733333333332,0.0055411196548543,0.0063263398116433,,0,0.0
2018-08-23 00:00:00,7424.0,7408.3,7465.200000000001,0.0053227965111903,0.0063263398116433,,0,0.0
2018-08-24 00:00:00,7492.3,7434.466666666667,7460.933333333334,0.0056162296157056,0.0063263398116433,,0,0.0
2018-08-26 00:00:00,7521.2,7469.733333333334,7518.366666666667,0.0048554407842435,0.0063263398116433,,0,0.0
2018-08-27 00:00:00,7578.0,7512.633333333334,7529.766666666668,0.0050643614344696,0.0063263398116433,,0,0.0
2018-08-28 00:00:00,7583.3,7556.5,7599.8,0.0050553681519237,0.0063263398116433,,0,0.0
2018-08-29 00:00:00,7667.0,7579.3,7597.6,0.0054383921509127,0.0063263398116433,,0,0.0
2018-08-30 00:00:00,7638.3,7639.133333333334,7700.066666666668,0.0055271852672521,0.0063263398116433,,0,0.0
2018-08-31 00:00:00,7671.4,7652.5,7680.6,0.0055515699841683,0.0063263398116433,,0,0.0
2018-09-02 00:00:00,7671.5,7660.933333333333,7690.666666666667,0.0055454494536693,0.0063263398116433,,0,0.0
2018-09-03 00:00:00,7671.5,7669.099999999999,7675.499999999999,0.0053802764883235,0.0063263398116433,,0,0.0
2018-09-04 00:00:00,7632.3,7670.833333333333,7685.266666666666,0.0055053420953582,0.0063263398116433,,0,0.0
2018-09-05 00:00:00,7525.3,7636.099999999999,7687.399999999999,0.0065122610548634,0.0063286643172233,,0,0.0
2018-09-06 00:00:00,7450.2,7556.133333333334,7610.466666666668,0.0068523938214885,0.0063295138488613,,0,0.0
2018-09-07 00:00:00,7433.2,7466.533333333333,7526.666666666666,0.0063066393045715,0.0063295138488613,,0,0.0
2018-09-09 00:00:00,7441.3,7440.133333333334,7487.066666666668,0.0063079082762467,0.0063295138488613,,0,0.0
2018-09-10 00:00:00,7464.3,7440.333333333333,7449.066666666666,0.0063249785870272,0.0063295138488613,,0,0.0
2018-09-11 00:00:00,7517.5,7453.633333333334,7493.666666666668,0.0064929644357952,0.0063435032410996,,0,0.0
2018-09-12 00:00:00,7482.8,7481.966666666667,7559.7333333333345,0.006584855083652,0.0063851606446116,,0,0.0
2018-09-13 00:00:00,7570.8,7482.566666666667,7540.733333333334,0.0069786040835133,0.0064144339142706,,0,0.0
2018-09-14 00:00:00,7545.0,7541.166666666667,7612.233333333334,0.0067330011196198,0.0064246141893467,,0,0.0
2018-09-16 00:00:00,7527.9,7553.0,7590.6,0.0067540648730475,0.0064367587579497,,0,0.0
2018-09-17 00:00:00,7395.4,7529.100000000001,7534.900000000002,0.0075894756068466,0.0064409018142236,,0,0.0
2018-09-18 00:00:00,7498.3,7445.466666666667,7496.933333333334,0.0082097609736935,0.0064517600778441,,0,0.0
2018-09-19 00:00:00,7507.9,7475.900000000001,7557.4000000000015,0.008018836768359,0.0064694111405971,,0,0.0
2018-09-20 00:00:00,7582.9,7490.3,7536.6,0.0083501709607532,0.0064823340206747,,0,0.0
2018-09-21 00:00:00,7520.8,7553.133333333334,7619.366666666669,0.0081198749943231,0.0064900841367219,,0,0.0
2018-09-23 00:00:00,7497.7,7550.533333333333,7580.2666666666655,0.0081090098063615,0.0064962579135842,,0,0.0
2018-09-24 00:00:00,7558.3,7498.2,7512.4,0.0082778632664016,0.0064998518295087,,0,0.0
2018-09-25 00:00:00,7576.9,7523.966666666667,7601.133333333334,0.0083071571156085,0.0065011524259086,,0,0.0
2018-09-26 00:00:00,7576.9,7559.866666666666,7595.933333333332,0.0083071571156085,0.0065072068195182,,0,0.0
2018-09-27 00:00:00,7634.8,7589.366666666666,7628.333333333332,0.0084302176141162,0.0065134528099481,,0,0.0
2018-09-28 00:00:00,7640.7,7617.866666666666,7676.333333333332,0.0077525281698057,0.0065158624483963,,0,0.0
2018-09-30 00:00:00,7660.0,7626.8,7663.400000000001,0.0073310638672336,0.0065381138587794,,0,0.0
2018-10-01 00:00:00,7648.8,7659.033333333333,7669.566666666666,0.0073115741197529,0.0065624162840466,,0,0.0
2018-10-02 00:00:00,7624.8,7658.466666666667,7691.933333333334,0.0073834755310906,0.0065682023206465,,0,0.0
2018-10-03 00:00:00,7619.8,7637.933333333333,7672.466666666667,0.0073816985864456,0.0065739915706081,,0,0.0
2018-10-04 00:00:00,7494.0,7637.333333333333,7660.066666666666,0.0082050047875736,0.0065775011485686,,0,0.0
2018-10-05 00:00:00,7412.1,7515.533333333333,7600.2666666666655,0.0085028991509664,0.0065806999647532,,0,0.0
2018-10-07 00:00:00,7397.3,7415.733333333333,7510.2666666666655,0.0080059066991002,0.0065842581991194,,0,0.0
2018-10-08 00:00:00,7359.3,7403.599999999999,7420.199999999999,0.0080410833276866,0.0065924449177571,,0,0.0
2018-10-09 00:00:00,7379.0,7346.5,7432.4,0.0080829103784811,0.0066018257268824,,0,0.0
2018-10-10 00:00:00,6991.4,7373.833333333333,7436.566666666666,0.0136923087617664,0.0066167299126006,,0,0.0
2018-10-11 00:00:00,7047.8,7118.5,7260.9,0.0133773993449371,0.0066316324120399,,0,0.0
2018-10-12 00:00:00,7161.2,7015.2,7146.2,0.0140215300599218,0.0066361557460152,,0,0.0
2018-10-14 00:00:00,7143.8,7116.0,7219.6,0.013722042980111,0.0066555948566753,,0,0.0
2018-10-15 00:00:00,7076.4,7136.366666666666,7159.733333333332,0.0137501685305087,0.0067026505208605,,0,0.0
2018-10-16 00:00:00,7322.8,7087.600000000001,7137.400000000002,0.016135841412852,0.0067435329963337,,0,0.0
2018-10-17 00:00:00,7258.8,7241.599999999999,7413.299999999999,0.0160728376312692,0.006757395442873,,0,0.0
2018-10-18 00:00:00,7119.5,7267.633333333334,7336.666666666668,0.016487792080847,0.0067720556664582,,0,0.0
2018-10-19 00:00:00,7082.3,7157.666666666667,7243.733333333334,0.0164795193217337,0.0068178895708532,,0,0.0
2018-10-21 00:00:00,7059.3,7124.666666666667,7178.833333333334,0.0162797883581914,0.0068756721347268,,0,0.0
2018-10-22 00:00:00,7117.0,7055.666666666667,7071.633333333334,0.0164717827466991,0.0069012131154442,,0,0.0
2018-10-23 00:00:00,7113.6,7112.900000000001,7191.500000000001,0.0164284153905678,0.0069263248099901,,0,0.0
2018-10-24 00:00:00,6809.8,7058.533333333333,7195.866666666666,0.0185963891802773,0.0069550516783164,,0,0.0
2018-10-25 00:00:00,6862.4,6908.066666666667,7053.133333333333,0.0188300177554728,0.0069614825619663,,0,0.0
2018-10-26 00:00:00,6846.4,6908.333333333333,7006.666666666666,0.0188130024005696,0.006970319843935,,0,0.0
2018-10-28 00:00:00,6898.0,6840.533333333333,6969.2666666666655,0.0188183164295128,0.0069817310711247,,0,0.0
2018-10-29 00:00:00,6705.0,6897.466666666667,6926.533333333335,0.0195234352093357,0.0069859468651595,,0,0.0
2018-10-30 00:00:00,6813.6,6743.733333333334,6929.866666666667,0.0200777382277443,0.006994684686851,,0,0.0
2018-10-31 00:00:00,6952.4,6762.5,6887.0,0.0207929350692237,0.0070175474697802,,0,0.0
2018-11-01 00:00:00,6994.5,6921.166666666667,7048.433333333334,0.0208519741809232,0.0070525450160563,,0,0.0
2018-11-02 00:00:00,6954.0,6988.966666666667,7063.133333333334,0.0172545540733075,0.0070733501674304,,0,0.0
2018-11-04 00:00:00,6935.8,6988.366666666666,7086.933333333332,0.0171526391095052,0.0070838409321504,,0,0.0
2018-11-05 00:00:00,6929.8,6940.033333333333,6949.466666666665,0.0166940662618943,0.0071244246180229,,0,0.0
2018-11-06 00:00:00,6976.8,6916.5,6989.8,0.0167940765140809,0.0071630134648003,,0,0.0
2018-11-07 00:00:00,7191.8,6958.099999999999,7031.299999999999,0.0180972750924914,0.0071778730298125,,0,0.0
2018-11-08 00:00:00,7136.6,7115.366666666666,7280.933333333332,0.016320709839001,0.0071865921626554,,0,0.0
2018-11-09 00:00:00,7011.6,7153.3,7194.200000000001,0.0166498743377504,0.007194007684678,,0,0.0
2018-11-11 00:00:00,7015.6,7043.033333333333,7114.866666666666,0.0161291489494265,0.0072267947083945,,0,0.0
2018-11-12 00:00:00,6820.2,7009.933333333334,7025.266666666668,0.0172261583903417,0.007269622369517,,0,0.0
2018-11-13 00:00:00,6865.2,6905.633333333334,7000.066666666668,0.0173212745144935,0.0072986592640011,,0,0.0
2018-11-14 00:00:00,6761.2,6866.033333333334,6945.766666666667,0.0174381840896287,0.0073213189934933,,0,0.0
2018-11-15 00:00:00,6859.8,6803.666666666667,6873.933333333334,0.0178466741573275,0.0073414565555613,,0,0.0
2018-11-16 00:00:00,6888.6,6823.533333333333,6945.866666666666,0.015028495775784,0.0073667739151672,,0,0.0
2018-11-18 00:00:00,6860.0,6863.233333333334,6931.166666666667,0.014970147618854,0.0073825870587681,,0,0.0
2018-11-19 00:00:00,6645.8,6857.266666666666,6868.733333333333,0.0165289902061193,0.0074209909613943,,0,0.0
2018-11-20 00:00:00,6510.8,6732.166666666667,6839.733333333334,0.0169091911700268,0.0075113813795477,,0,0.0
2018-11-21 00:00:00,6577.6,6535.900000000001,6630.200000000001,0.0160459582927451,0.0075748678348548,,0,0.0
2018-11-22 00:00:00,6536.4,6575.666666666667,6641.533333333334,0.0155700374201026,0.0075874774545794,,0,0.0
2018-11-23 00:00:00,6523.4,6541.8,6584.400000000001,0.0146583224484261,0.0075916821004904,,0,0.0
2018-11-25 00:00:00,6545.8,6534.933333333334,6582.266666666668,0.0145838882264997,0.007595121616782,,0,0.0
2018-11-26 00:00:00,6635.8,6539.099999999999,6555.099999999999,0.0150488780087691,0.0076059148952688,,0,0.0
2018-11-27 00:00:00,6714.8,6622.599999999999,6702.599999999999,0.0153760726678553,0.0076253957483288,,0,0.0
2018-11-28 00:00:00,6904.0,6681.666666666667,6756.733333333334,0.0167496591914598,0.0076358971581155,,0,0.0
2018-11-29 00:00:00,6896.5,6840.933333333333,6979.466666666667,0.0166728910243454,0.0076409778489293,,0,0.0
2018-11-30 00:00:00,6959.3,6890.166666666667,6943.533333333334,0.0151692839277317,0.0076471129953356,,0,0.0
2018-12-02 00:00:00,7078.0,6928.533333333333,6991.866666666666,0.0156427833261624,0.007660811979952,,0,0.0
2018-12-03 00:00:00,7038.9,7074.433333333333,7100.666666666667,0.0151707142045029,0.0076764902082516,,0,0.0
2018-12-04 00:00:00,6818.4,7060.466666666667,7111.133333333334,0.0167369470206792,0.0076864449796983,,0,0.0
2018-12-05 00:00:00,6741.1,6880.433333333334,6983.566666666668,0.0157349043443854,0.0076952878223444,,0,0.0
2018-12-06 00:00:00,6843.3,6745.266666666667,6851.433333333334,0.0160505225573448,0.0077008914266493,,0,0.0
2018-12-07 00:00:00,6628.3,6772.933333333333,6920.366666666667,0.0172259187002689,0.0077156562580225,,0,0.0
2018-12-09 00:00:00,6568.6,6690.8,6789.6,0.0169184252519179,0.0077340571062969,,0,0.0
2018-12-10 00:00:00,6678.0,6576.766666666667,6598.633333333335,0.0173826892392832,0.0077466611571339,,0,0.0
2018-12-11 00:00:00,6703.8,6641.533333333333,6749.2666666666655,0.0174084510653711,0.0077526977581114,,0,0.0
2018-12-12 00:00:00,6790.4,6720.099999999999,6790.799999999999,0.0161266906843035,0.007757726360364,,0,0.0
2018-12-13 00:00:00,6750.8,6784.133333333334,6876.666666666668,0.0154194491946507,0.0077755707069305,,0,0.0
2018-12-14 00:00:00,6583.6,6769.8,6817.8,0.0163821252695891,0.0077941836338522,,0,0.0
2018-12-16 00:00:00,6612.6,6642.133333333334,6700.666666666668,0.0163351055619148,0.0078269088263173,,0,0.0
2018-12-17 00:00:00,6491.6,6600.866666666666,6624.333333333332,0.0168749593244328,0.0078657555504504,,0,0.0
2018-12-18 00:00:00,6471.4,6509.333333333333,6617.466666666666,0.0168661176572709,0.0078841557696363,,0,0.0
2018-12-19 00:00:00,6353.5,6487.8,6539.400000000001,0.0169655712279954,0.0079009119584543,,0,0.0
2018-12-20 00:00:00,6289.5,6408.066666666667,6535.033333333333,0.0167252717985917,0.0079398229462309,,0,0.0
2018-12-21 00:00:00,6060.9,6278.966666666667,6396.133333333334,0.0165904968987424,0.0079731738066037,,0,0.0
2018-12-23 00:00:00,6043.5,6129.7,6249.2,0.0165654266331731,0.007989852463134,,0,0.0
2018-12-24 00:00:00,5871.0,6031.099999999999,6066.699999999999,0.0168417149233205,0.0080039464252832,,0,0.0
2018-12-25 00:00:00,5882.6,5947.7,6026.599999999999,0.0159597783281148,0.0080123717337296,,0,0.0
2018-12-26 00:00:00,6239.2,5860.133333333334,5917.866666666669,0.0223216023760236,0.0080208510723796,,0,0.0
2018-12-27 00:00:00,6268.2,6115.3,6412.8,0.0215920224151045,0.0080292855814823,,0,0.0
2018-12-28 00:00:00,6276.6,6205.099999999999,6375.999999999999,0.0215506838435102,0.0080358707228821,,0,0.0
2018-12-30 00:00:00,6322.5,6294.333333333333,6364.866666666666,0.0212655591585608,0.0080385594934432,,0,0.0
2018-12-31 00:00:00,6332.0,6322.400000000001,6336.4000000000015,0.0202605840039634,0.0080426830693961,,0,0.0
2019-01-01 00:00:00,6352.8,6317.2,6371.2,0.0202261699103318,0.0080476134201141,,0,0.0
2019-01-02 00:00:00,6199.2,6346.166666666667,6366.133333333334,0.0203600342758092,0.0080526473183425,,0,0.0
2019-01-03 00:00:00,6148.6,6241.0,6347.8,0.0203080627796847,0.0080686304930217,,0,0.0
2019-01-04 00:00:00,6414.9,6188.0,6245.8,0.0226519485673258,0.0080959600924213,,0,0.0
2019-01-06 00:00:00,6434.3,6326.099999999999,6533.799999999999,0.022672001187074,0.0081144424003423,,0,0.0
2019-01-07 00:00:00,6479.0,6431.233333333334,6439.666666666667,0.0221094851743981,0.0081413344380948,,0,0.0
2019-01-08 00:00:00,6552.9,6461.233333333334,6536.366666666667,0.0222474197998508,0.008167969102891,,0,0.0
2019-01-09 00:00:00,6575.8,6524.166666666667,6597.933333333334,0.021845506178919,0.0081764593885331,,0,0.0
2019-01-10 00:00:00,6598.8,6582.333333333333,6621.266666666666,0.0218321204040896,0.0081853028800942,,0,0.0
2019-01-11 00:00:00,6597.6,6577.933333333333,6645.266666666666,0.021355142253392,0.0081926453401631,,0,0.0
2019-01-13 00:00:00,6561.8,6589.366666666666,6623.533333333332,0.0212406930422629,0.0081962828005341,,0,0.0
2019-01-14 00:00:00,6534.8,6568.766666666666,6576.533333333333,0.0192842055043673,0.0081998364769623,,0,0.0
2019-01-15 00:00:00,6674.0,6535.666666666667,6566.533333333334,0.01958965197983,0.0082032857568594,,0,0.0
2019-01-16 00:00:00,6642.9,6627.7,6721.0,0.0180986838175478,0.0082073828806336,,0,0.0
2019-01-17 00:00:00,6698.4,6668.133333333334,6693.766666666668,0.0180737855197516,0.0082438121200476,,0,0.0
2019-01-18 00:00:00,6789.4,6678.866666666666,6762.333333333332,0.0130441955170741,0.0082790240585787,,0,0.0
2019-01-20 00:00:00,6763.7,6765.366666666666,6834.433333333332,0.013168556734999,0.0082936709831822,,0,0.0
2019-01-21 00:00:00,6753.3,6766.866666666666,6773.233333333332,0.0132135601900487,0.0083071571156085,,0,0.0
2019-01-22 00:00:00,6636.6,6748.599999999999,6772.799999999999,0.0139861773149705,0.0083286640381808,,0,0.0
2019-01-23 00:00:00,6644.0,6664.033333333333,6733.466666666665,0.0139879281801522,0.0083520182046544,,0,0.0
2019-01-24 00:00:00,6669.8,6642.066666666667,6708.733333333334,0.0139903352620889,0.008392041531336,,0,0.0
2019-01-25 00:00:00,6778.8,6669.166666666667,6701.833333333334,0.0128026247711005,0.0084400237682756,,0,0.0
2019-01-27 00:00:00,6757.8,6745.766666666666,6826.233333333333,0.012586089285512,0.0084763645367007,,0,0.0
2019-01-28 00:00:00,6663.9,6762.7,6769.099999999999,0.0094968491406995,0.0085212968096341,,0,0.0
2019-01-29 00:00:00,6662.5,6687.933333333334,6744.266666666668,0.0095051037189547,0.0085844484636515,,0,0.0
2019-01-30 00:00:00,6848.4,6655.400000000001,6711.000000000001,0.0111214089561902,0.0086311969580865,,0,0.0
2019-01-31 00:00:00,6874.9,6779.533333333333,6918.466666666665,0.0109419307212526,0.0086363814049728,,0,0.0
2019-02-01 00:00:00,6862.8,6875.033333333333,6926.666666666666,0.0109787502694364,0.0086508222016429,,0,0.0
2019-02-03 00:00:00,6861.6,6872.866666666666,6901.133333333331,0.0109865276586936,0.0086772919816904,,0,0.0
2019-02-04 00:00:00,6921.3,6856.233333333334,6870.166666666667,0.0110723940862391,0.0086972743695897,,0,0.0
2019-02-05 00:00:00,6997.8,6912.133333333334,6974.666666666668,0.0110681407639295,0.0086972743695897,,0,0.0
2019-02-06 00:00:00,6977.8,6975.966666666667,7039.433333333334,0.0110274460471868,0.0086972743695897,,0,0.0
2019-02-07 00:00:00,6871.8,6986.066666666667,7014.533333333333,0.01091803779999,0.0086972743695897,,0,0.0
2019-02-08 00:00:00,6912.1,6898.366666666666,6953.333333333332,0.0108580797392103,0.0086972743695897,,0,0.0
2019-02-10 00:00:00,6901.5,6885.100000000001,6941.000000000003,0.0107804504085459,0.0086972743695897,,0,0.0
2019-02-11 00:00:00,6903.3,6910.166666666667,6919.233333333334,0.0104026032501892,0.0086972743695897,,0,0.0
2019-02-12 00:00:00,7014.8,6915.0,6945.7,0.0108761446016925,0.0086972743695897,,0,0.0
2019-02-13 00:00:00,7009.8,6977.599999999999,7054.399999999999,0.0108640592898703,0.0086972743695897,,0,0.0
2019-02-14 00:00:00,7010.3,7022.933333333333,7045.466666666667,0.0098999830724004,0.0086972743695897,,0,0.0
2019-02-15 00:00:00,7056.1,7005.966666666666,7050.733333333333,0.009925863120203,0.0086972743695897,,0,0.0
2019-02-17 00:00:00,7057.4,7035.866666666666,7106.133333333331,0.0099441608273345,0.0086972743695897,,0,0.0
2019-02-18 00:00:00,7065.9,7058.733333333333,7067.966666666665,0.0094278566052203,0.0086972743695897,,0,0.0
2019-02-19 00:00:00,7060.8,7062.233333333333,7077.666666666665,0.0093734817828737,0.0086972743695897,,0,0.0
2019-02-20 00:00:00,7062.1,7057.900000000001,7088.9000000000015,0.0085945001122311,0.0086772919816904,,0,0.0
2019-02-21 00:00:00,7026.4,7061.833333333333,7098.266666666666,0.0087547805122572,0.0086772919816904,,0,0.0
2019-02-22 00:00:00,7095.7,7044.066666666666,7088.933333333332,0.0067125152788561,0.0086508222016429,,0,0.0
2019-02-24 00:00:00,7114.9,7068.566666666667,7123.733333333334,0.0066986312304386,0.0086363814049728,,0,0.0
2019-02-25 00:00:00,7108.7,7114.3,7123.400000000001,0.006677117568092,0.0086138457847014,,0,0.0
2019-02-26 00:00:00,7108.5,7123.333333333333,7149.166666666666,0.0066749336486023,0.0085670972902665,,0,0.0
2019-02-27 00:00:00,7114.6,7107.966666666667,7147.133333333334,0.0064749741741942,0.0085212968096341,,0,0.0
2019-02-28 00:00:00,7101.4,7095.133333333334,7146.666666666668,0.0060940894138225,0.0085212968096341,,0,0.0
2019-03-01 00:00:00,7154.7,7098.633333333334,7129.166666666668,0.0062104076499028,0.0085212968096341,,0,0.0
2019-03-03 00:00:00,7198.5,7138.5,7177.0,0.0049345158073728,0.0085212968096341,,0,0.0
2019-03-04 00:00:00,7137.9,7190.566666666667,7210.333333333333,0.0054078946824801,0.0085212968096341,,0,0.0
2019-03-05 00:00:00,7149.0,7138.7,7206.599999999999,0.005356888867034,0.0085212968096341,,0,0.0
2019-03-06 00:00:00,7099.4,7149.133333333334,7177.866666666669,0.0056952793223465,0.0085212968096341,,0,0.0
2019-03-07 00:00:00,7030.5,7121.066666666666,7145.533333333331,0.0050754359637525,0.0085212968096341,,0,0.0
2019-03-08 00:00:00,7028.6,7050.099999999999,7099.799999999999,0.0050725596912344,0.0085212968096341,,0,0.0
2019-03-10 00:00:00,7015.8,6998.666666666667,7061.133333333334,0.0050916438800478,0.0085212968096341,,0,0.0
2019-03-11 00:00:00,7192.1,7019.666666666667,7026.733333333334,0.0074768007259308,0.0085212968096341,,0,0.0
2019-03-12 00:00:00,7205.0,7128.400000000001,7261.200000000001,0.0074764312075216,0.0085212968096341,,0,0.0
2019-03-13 00:00:00,7271.8,7196.7,7232.5,0.0076988245371337,0.0085212968096341,,0,0.0
2019-03-14 00:00:00,7249.5,7251.533333333333,7317.966666666665,0.0077515552678504,0.0085212968096341,,0,0.0
2019-03-15 00:00:00,7320.5,7260.566666666667,7281.333333333333,0.0079703626955589,0.0085212968096341,,0,0.0
2019-03-17 00:00:00,7312.5,7301.866666666666,7354.433333333332,0.0078384087368898,0.0085212968096341,,0,0.0
2019-03-18 00:00:00,7339.1,7312.0,7317.9,0.0076317295499997,0.0085212968096341,,0,0.0
2019-03-19 00:00:00,7348.5,7330.766666666667,7363.7333333333345,0.0076286456303792,0.0085212968096341,,0,0.0
2019-03-20 00:00:00,7395.0,7357.633333333334,7388.066666666668,0.0076734272132837,0.0085212968096341,,0,0.0
2019-03-21 00:00:00,7512.0,7385.400000000001,7444.000000000001,0.0082493487945807,0.0085212968096341,,0,0.0
2019-03-22 00:00:00,7337.0,7458.266666666666,7571.433333333332,0.0101069873987301,0.0085670972902665,,0,0.0
2019-03-24 00:00:00,7340.6,7396.266666666666,7462.333333333333,0.0100784860054725,0.0086138457847014,,0,0.0
2019-03-25 00:00:00,7342.0,7348.433333333334,7359.566666666668,0.0099892776818628,0.0086363814049728,,0,0.0
2019-03-26 00:00:00,7355.6,7319.166666666667,7371.233333333334,0.0099271424817824,0.0086508222016429,,0,0.0
2019-03-27 00:00:00,7297.0,7365.8,7414.200000000001,0.0099047720009485,0.0086508222016429,,0,0.0
2019-03-28 00:00:00,7348.6,7310.8,7367.8,0.0099930762520173,0.0086508222016429,,0,0.0
2019-03-29 00:00:00,7390.0,7323.833333333333,7381.066666666666,0.0098334433241371,0.0086508222016429,,0,0.0
2019-03-31 00:00:00,7433.6,7371.599999999999,7410.799999999999,0.0094634536396635,0.0086772919816904,,0,0.0
2019-04-01 00:00:00,7482.8,7426.466666666667,7442.333333333334,0.0094698850017436,0.0086772919816904,,0,0.0
2019-04-02 00:00:00,7495.6,7463.466666666666,7503.733333333333,0.0094044522320551,0.0086772919816904,,0,0.0
2019-04-03 00:00:00,7556.6,7489.133333333334,7516.666666666668,0.0079959511434698,0.0086476322538418,,0,0.0
2019-04-04 00:00:00,7536.1,7547.633333333334,7604.166666666668,0.0080801207998199,0.0086138457847014,,0,0.0
2019-04-05 00:00:00,7592.4,7537.966666666667,7574.7333333333345,0.0080078312919059,0.0085670972902665,,0,0.0
2019-04-07 00:00:00,7594.4,7573.533333333333,7612.066666666666,0.0079269885241249,0.0085212968096341,,0,0.0
2019-04-08 00:00:00,7605.4,7593.8,7601.200000000001,0.0077321533081647,0.0084763645367007,,0,0.0
2019-04-09 00:00:00,7568.4,7586.066666666666,7629.733333333332,0.0078550392990046,0.0084400237682756,,0,0.0
2019-04-10 00:00:00,7633.1,7580.866666666666,7601.933333333332,0.0079926836122983,0.0083901942874347,,0,0.0
2019-04-11 00:00:00,7601.5,7609.7,7662.5,0.0081092821579831,0.0083286640381808,,0,0.0
2019-04-12 00:00:00,7634.6,7608.566666666667,7634.533333333333,0.0080622021700244,0.0083286640381808,,0,0.0
2019-04-14 00:00:00,7630.8,7624.2,7656.299999999999,0.0073437616541117,0.0083286640381808,,0,0.0
2019-04-15 00:00:00,7631.1,7631.933333333333,7636.466666666667,0.0046843482055453,0.0083286640381808,,0,0.0
2019-04-16 00:00:00,7658.4,7616.966666666667,7654.133333333334,0.004683635482523,0.0083286640381808,,0,0.0
2019-04-17 00:00:00,7676.1,7654.966666666667,7679.333333333334,0.0046613304241345,0.0083286640381808,,0,0.0
2019-04-18 00:00:00,7696.5,7681.7,7709.0,0.0046613035116187,0.0083286640381808,,0,0.0
2019-04-21 00:00:00,7698.3,7680.433333333333,7719.766666666666,0.0040307229732193,0.0083286640381808,,0,0.0
2019-04-22 00:00:00,7720.8,7698.8,7707.3,0.0038978332363806,0.0083286640381808,,0,0.0
2019-04-23 00:00:00,7816.5,7699.466666666667,7748.133333333334,0.004441059481954,0.0083286640381808,,0,0.0
2019-04-24 00:00:00,7840.9,7782.099999999999,7858.699999999999,0.0043826788035612,0.0083286640381808,,0,0.0
2019-04-25 00:00:00,7780.0,7822.166666666667,7860.933333333334,0.0048570282015515,0.0083286640381808,,0,0.0
2019-04-26 00:00:00,7818.1,7804.133333333334,7836.266666666668,0.0049004690633489,0.0083286640381808,,0,0.0
2019-04-28 00:00:00,7817.0,7793.633333333334,7850.666666666668,0.0047113603613277,0.0083286640381808,,0,0.0
2019-04-29 00:00:00,7784.8,7819.466666666667,7822.833333333334,0.0047906118210558,0.0083286640381808,,0,0.0
2019-04-30 00:00:00,7827.3,7806.099999999999,7828.299999999999,0.004681540888039,0.0083286640381808,,0,0.0
2019-05-01 00:00:00,7731.4,7796.133333333332,7870.066666666665,0.0056056981913128,0.0083286640381808,,0,0.0
2019-05-02 00:00:00,7726.1,7764.899999999999,7815.699999999997,0.0056151963217861,0.0083286640381808,,0,0.0
2019-05-03 00:00:00,7855.4,7726.5,7787.4,0.0064786517232332,0.0083286640381808,,0,0.0
2019-05-05 00:00:00,7689.9,7810.099999999999,7900.699999999999,0.0080653075068333,0.0083286640381808,,0,0.0
2019-05-06 00:00:00,7745.8,7712.233333333333,7742.666666666665,0.0081303938540417,0.0083286640381808,,0,0.0
2019-05-07 00:00:00,7635.8,7732.2,7814.0,0.0087585791939936,0.0083901942874347,,0,0.0
2019-05-08 00:00:00,7615.9,7662.400000000001,7760.200000000001,0.0087781150842662,0.0084400237682756,,0,0.0
2019-05-09 00:00:00,7581.9,7627.066666666666,7669.733333333332,0.0088330004269775,0.0084763645367007,,0,0.0
2019-05-10 00:00:00,7597.6,7557.666666666667,7649.133333333334,0.0088046929495135,0.0085212968096341,,0,0.0
2019-05-12 00:00:00,7505.2,7553.333333333333,7683.666666666666,0.0091610107332277,0.0085670972902665,,0,0.0
2019-05-13 00:00:00,7296.2,7516.200000000001,7527.300000000001,0.0108827178462162,0.0086138457847014,,0,0.0
2019-05-14 00:00:00,7422.9,7365.599999999999,7450.699999999999,0.0117574132476466,0.0086476322538418,,0,0.0
2019-05-15 00:00:00,7509.3,7389.033333333333,7483.466666666665,0.0120965738822425,0.0086772919816904,,0,0.0
2019-05-16 00:00:00,7600.8,7460.966666666667,7577.933333333334,0.0120841173377958,0.0086994253207019,,0,0.0
2019-05-17 00:00:00,7505.9,7566.266666666666,7667.933333333332,0.0122838970495444,0.0087066096621293,,0,0.0
2019-05-19 00:00:00,7535.8,7539.5,7578.6,0.0122800392521746,0.0087114894026529,,0,0.0
2019-05-20 00:00:00,7411.0,7529.400000000001,7547.500000000001,0.0126223650533091,0.0087249651379367,,0,0.0
2019-05-21 00:00:00,7466.3,7439.966666666667,7524.333333333334,0.0128131793486834,0.0087443057892742,,0,0.0
2019-05-22 00:00:00,7412.7,7447.733333333334,7499.166666666667,0.0128553194152136,0.0087566798531254,,0,0.0
2019-05-23 00:00:00,7320.2,7423.066666666667,7459.333333333333,0.0129061911380511,0.0087683471391299,,0,0.0
2019-05-24 00:00:00,7308.6,7333.566666666667,7403.133333333333,0.0127344791902027,0.0087848953742208,,0,0.0
2019-05-26 00:00:00,7305.7,7326.866666666666,7357.133333333331,0.0127370830001719,0.0087981843068445,,0,0.0
2019-05-27 00:00:00,7319.3,7308.933333333333,7313.566666666667,0.011951566302399,0.0088174067947167,,0,0.0
2019-05-28 00:00:00,7284.7,7314.033333333333,7339.2666666666655,0.0112206507030018,0.0088315605334487,,0,0.0
2019-05-29 00:00:00,7218.4,7309.566666666667,7342.333333333333,0.0110554073685255,0.0088590563317641,,0,0.0
2019-05-30 00:00:00,7183.1,7228.2,7277.2,0.0107717483904206,0.008900996847988,,0,0.0
2019-05-31 00:00:00,7135.6,7209.766666666667,7240.333333333335,0.01080133611264,0.008931019260047,,0,0.0
2019-06-02 00:00:00,7080.3,7158.833333333333,7189.966666666666,0.0108465292559825,0.0089460875006703,,0,0.0
2019-06-03 00:00:00,6999.8,7087.566666666667,7099.333333333333,0.0109085042334906,0.0089753829386783,,0,0.0
2019-06-04 00:00:00,7203.2,7023.466666666667,7107.333333333334,0.0129875456338946,0.0090816071347917,,0,0.0
2019-06-05 00:00:00,7211.4,7130.833333333333,7281.566666666666,0.0114775533749333,0.0091602385330631,,0,0.0
2019-06-06 00:00:00,7275.0,7201.133333333334,7253.666666666668,0.0109222253281758,0.0091962773594287,,0,0.0
2019-06-07 00:00:00,7428.3,7259.0,7314.4,0.0116723302940484,0.0092674523149234,,0,0.0
2019-06-09 00:00:00,7456.9,7381.466666666666,7499.233333333333,0.0113405095665598,0.0093036053768591,,0,0.0
2019-06-10 00:00:00,7508.7,7465.466666666667,7475.2333333333345,0.0111255728593881,0.0093051973251215,,0,0.0
2019-06-11 00:00:00,7513.8,7506.166666666667,7580.733333333334,0.0110889822691349,0.0093207683602005,,0,0.0
2019-06-12 00:00:00,7490.1,7535.8,7578.6,0.0104261975607411,0.0093542369812663,,0,0.0
2019-06-13 00:00:00,7495.4,7493.966666666667,7526.7333333333345,0.0103002566171717,0.0093764711588692,,0,0.0
2019-06-14 00:00:00,7483.7,7484.333333333333,7546.866666666666,0.0101628462964974,0.00939195638346,,0,0.0
2019-06-16 00:00:00,7498.3,7485.366666666668,7519.133333333335,0.0096923873813793,0.0094161544186377,,0,0.0
2019-06-17 00:00:00,7536.8,7494.133333333334,7507.466666666668,0.0097055181391149,0.0094340391926892,,0,0.0
2019-06-18 00:00:00,7659.5,7523.466666666667,7563.933333333334,0.0102287825525015,0.0094518377099108,,0,0.0
2019-06-19 00:00:00,7699.8,7623.0,7731.1,0.0102473072483195,0.0094666693207036,,0,0.0
2019-06-20 00:00:00,7735.7,7668.900000000001,7734.4000000000015,0.0101087438823144,0.0094833670712215,,0,0.0
2019-06-21 00:00:00,7718.4,7735.700000000001,7792.800000000001,0.0097855959458025,0.0095009764298271,,0,0.0
2019-06-23 00:00:00,7742.2,7730.566666666666,7763.033333333331,0.0095905728706069,0.0095478382947808,,0,0.0
2019-06-24 00:00:00,7732.3,7733.933333333333,7753.366666666667,0.0093571506050877,0.0095478382947808,,0,0.0
2019-06-25 00:00:00,7599.3,7740.366666666666,7758.133333333331,0.0101870187959457,0.0096051515286522,,0,0.0
2019-06-26 00:00:00,7626.6,7644.900000000001,7706.800000000001,0.0095605656547864,0.0096051515286522,,0,0.0
2019-06-27 00:00:00,7669.0,7637.933333333334,7680.466666666669,0.0076074687748253,0.0096051515286522,,0,0.0
2019-06-28 00:00:00,7697.1,7660.400000000001,7697.200000000001,0.007592999215614,0.0096051515286522,,0,0.0
2019-06-30 00:00:00,7776.5,7678.266666666667,7718.7333333333345,0.0076574248645512,0.0096051515286522,,0,0.0
2019-07-01 00:00:00,7751.3,7780.366666666666,7794.333333333332,0.0065481719392882,0.0096051515286522,,0,0.0
2019-07-02 00:00:00,7808.7,7769.5,7805.6,0.0066442750431482,0.0096051515286522,,0,0.0
2019-07-03 00:00:00,7864.6,7787.633333333334,7837.866666666669,0.0066521981900602,0.0096051515286522,,0,0.0
2019-07-04 00:00:00,7881.1,7846.133333333334,7893.666666666668,0.006641120112179,0.0096051515286522,,0,0.0
2019-07-05 00:00:00,7831.6,7874.233333333333,7892.066666666666,0.006813561087064,0.0096051515286522,,0,0.0
2019-07-07 00:00:00,7819.9,7830.399999999999,7886.399999999998,0.0068574977456323,0.0096051515286522,,0,0.0
2019-07-08 00:00:00,7770.5,7826.333333333333,7832.866666666666,0.0070718567261694,0.0096051515286522,,0,0.0
2019-07-09 00:00:00,7824.0,7782.7,7810.599999999999,0.0071590360536158,0.0096051515286522,,0,0.0
2019-07-10 00:00:00,7904.3,7793.166666666667,7866.233333333334,0.0073604932492566,0.0096051515286522,,0,0.0
2019-07-11 00:00:00,7898.6,7873.099999999999,7957.5999999999985,0.0066185542869007,0.0096051515286522,,0,0.0
2019-07-12 00:00:00,7934.5,7903.3,7935.200000000001,0.0065993742902312,0.0096051515286522,,0,0.0
2019-07-14 00:00:00,7928.5,7924.900000000001,7954.000000000001,0.0065748942040858,0.0096051515286522,,0,0.0
2019-07-15 00:00:00,7971.6,7933.099999999999,7938.999999999999,0.0065844556240321,0.0096051515286522,,0,0.0
2019-07-16 00:00:00,7918.6,7955.2,7992.0,0.0068269861753126,0.0096051515286522,,0,0.0
2019-07-17 00:00:00,7849.8,7932.600000000001,7964.000000000003,0.0071586772775962,0.0096051515286522,,0,0.0
2019-07-18 00:00:00,7922.6,7879.5,7913.5,0.0060155711794743,0.0096051515286522,,0,0.0
2019-07-19 00:00:00,7796.6,7894.600000000001,7979.100000000002,0.0072204369319416,0.0096051515286522,,0,0.0
2019-07-21 00:00:00,7827.9,7849.2,7904.799999999999,0.0071786723566675,0.0096051515286522,,0,0.0
2019-07-22 00:00:00,7905.6,7821.066666666666,7838.033333333331,0.0074307951054344,0.0096051515286522,,0,0.0
2019-07-23 00:00:00,7930.4,7876.399999999999,7942.399999999998,0.0071434454722361,0.0096051515286522,,0,0.0
2019-07-24 00:00:00,7994.4,7926.0,7966.8,0.0072367921687572,0.0096051515286522,,0,0.0
2019-07-25 00:00:00,7970.8,7975.366666666666,8048.233333333332,0.0071675110312791,0.0096051515286522,,0,0.0
2019-07-26 00:00:00,7993.6,7959.466666666667,8023.333333333334,0.0070380497644137,0.0096051515286522,,0,0.0
2019-07-28 00:00:00,7995.5,7993.600000000001,8018.600000000002,0.0070328034177489,0.0096051515286522,,0,0.0
2019-07-29 00:00:00,7987.8,7998.099999999999,8001.899999999999,0.0068514070748506,0.0096051515286522,,0,0.0
2019-07-30 00:00:00,7967.4,7975.666666666667,8021.533333333334,0.0068758530918489,0.0096051515286522,,0,0.0
2019-07-31 00:00:00,7815.6,7957.233333333333,8008.066666666666,0.0080708645728305,0.0096051515286522,,0,0.0
2019-08-01 00:00:00,7763.6,7851.766666666667,7943.133333333335,0.0080590433183963,0.0096051515286522,,0,0.0
2019-08-02 00:00:00,7685.4,7836.100000000001,7919.900000000002,0.0079305013892694,0.0096051515286522,,0,0.0
2019-08-04 00:00:00,7659.9,7698.766666666666,7769.333333333333,0.0079405151362093,0.0096051515286522,,0,0.0
2019-08-05 00:00:00,7222.2,7661.933333333333,7671.466666666667,0.014630180202097,0.0096560587840384,,0,0.0
2019-08-06 00:00:00,7481.5,7369.866666666668,7535.933333333335,0.0172052872251156,0.0096950426708467,,0,0.0
2019-08-07 00:00:00,7517.7,7408.633333333334,7601.666666666668,0.0171908298567322,0.0097016080497145,,0,0.0
2019-08-08 00:00:00,7695.9,7480.833333333333,7594.266666666666,0.0181450373264218,0.0097282969947768,,0,0.0
2019-08-09 00:00:00,7651.8,7640.333333333333,7774.466666666666,0.0180933396507747,0.0097683358981207,,0,0.0
2019-08-11 00:00:00,7624.4,7645.333333333333,7710.866666666666,0.0179323241105852,0.0097916167796706,,0,0.0
2019-08-12 00:00:00,7568.8,7635.866666666666,7650.133333333331,0.0176764388507029,0.0098084539066517,,0,0.0
2019-08-13 00:00:00,7741.2,7593.966666666667,7667.133333333334,0.0184558136328603,0.0098263567619508,,0,0.0
2019-08-14 00:00:00,7491.9,7672.166666666667,7844.233333333334,0.0195858027717816,0.009850506330108,,0,0.0
2019-08-15 00:00:00,7505.1,7566.600000000001,7678.600000000002,0.0195673801159366,0.0098837762042396,,0,0.0
2019-08-16 00:00:00,7603.4,7480.066666666666,7583.233333333332,0.0197427486257064,0.0099023775366744,,0,0.0
2019-08-18 00:00:00,7643.6,7573.433333333333,7654.166666666667,0.0198146227899778,0.0099153175605758,,0,0.0
2019-08-19 00:00:00,7703.2,7636.633333333334,7654.966666666668,0.0199076441077473,0.0099265028009927,,0,0.0
2019-08-20 00:00:00,7665.4,7691.400000000001,7754.200000000001,0.0199150987557696,0.0099356516545584,,0,0.0
2019-08-21 00:00:00,7763.1,7685.033333333333,7724.466666666665,0.02018369016885,0.009957718487248,,0,0.0
2019-08-22 00:00:00,7705.6,7734.2,7803.799999999999,0.0202295662173907,0.0099742261764771,,0,0.0
2019-08-23 00:00:00,7483.4,7706.733333333334,7765.866666666667,0.0207876457018127,0.0099832269438277,,0,0.0
2019-08-25 00:00:00,7404.4,7560.099999999999,7678.799999999999,0.0208522370564104,0.00999117696694,,0,0.0
2019-08-26 00:00:00,7566.3,7387.766666666667,7427.2333333333345,0.0214290692290837,0.009994446172685,,0,0.0
2019-08-27 00:00:00,7581.4,7527.533333333333,7657.7666666666655,0.0214260124781063,0.0100371510494126,,0,0.0
2019-08-28 00:00:00,7575.3,7584.666666666667,7638.533333333334,0.0167525633346759,0.0100924009723099,,0,0.0
2019-08-29 00:00:00,7692.9,7557.433333333333,7617.066666666667,0.0151593928998967,0.0101066516689387,,0,0.0
2019-08-30 00:00:00,7670.9,7652.933333333334,7763.566666666668,0.0151679950604823,0.0101078656405223,,0,0.0
2019-09-01 00:00:00,7624.8,7692.0,7742.8,0.0142678789218784,0.0101357950894059,,0,0.0
2019-09-02 00:00:00,7619.5,7613.533333333333,7638.666666666666,0.0142125736875661,0.0101749325462215,,0,0.0
2019-09-03 00:00:00,7606.5,7628.733333333334,7680.766666666667,0.0141946835667969,0.0102079006742236,,0,0.0
2019-09-04 00:00:00,7718.3,7620.233333333334,7657.866666666667,0.014451190616342,0.0102319236574522,,0,0.0
2019-09-05 00:00:00,7869.3,7682.966666666667,7760.133333333334,0.0142131085940011,0.0102411860053612,,0,0.0
2019-09-06 00:00:00,7862.0,7822.733333333334,7928.966666666667,0.0119112384149531,0.0102541434915365,,0,0.0
2019-09-08 00:00:00,7862.0,7863.0,7889.6,0.011923348815707,0.0102806181759626,,0,0.0
2019-09-09 00:00:00,7841.5,7864.866666666666,7869.433333333332,0.0116962587322817,0.0103146270798109,,0,0.0
2019-09-10 00:00:00,7808.6,7840.733333333334,7885.0666666666675,0.0117314173375106,0.0103373287492109,,0,0.0
2019-09-11 00:00:00,7950.6,7802.100000000001,7861.800000000003,0.0122599977938954,0.010345749959772,,0,0.0
2019-09-12 00:00:00,7930.8,7897.866666666666,8010.933333333332,0.0122037170571631,0.0103634562959536,,0,0.0
2019-09-13 00:00:00,7889.4,7938.466666666666,7972.533333333333,0.0120133486530726,0.0103634562959536,,0,0.0
2019-09-15 00:00:00,7817.4,7909.033333333333,7936.2666666666655,0.0120816953260452,0.0103634562959536,,0,0.0
2019-09-16 00:00:00,7862.7,7826.266666666667,7839.933333333334,0.0098962107485965,0.010345749959772,,0,0.0
2019-09-17 00:00:00,7887.5,7837.533333333333,7898.066666666666,0.009405289491598,0.0103373287492109,,0,0.0
2019-09-18 00:00:00,7882.9,7871.033333333333,7913.666666666666,0.0083406410782934,0.0103146270798109,,0,0.0
2019-09-19 00:00:00,7903.8,7858.566666666666,7927.533333333331,0.0083415620631301,0.0102806181759626,,0,0.0
2019-09-20 00:00:00,7808.2,7893.966666666667,7959.433333333334,0.0089122659020161,0.0102541434915365,,0,0.0
2019-09-22 00:00:00,7853.3,7841.466666666667,7894.933333333334,0.0083572384939439,0.0102411860053612,,0,0.0
2019-09-23 00:00:00,7862.0,7853.466666666667,7873.333333333334,0.0083060967999487,0.0102319236574522,,0,0.0
2019-09-24 00:00:00,7729.7,7842.133333333334,7899.466666666668,0.0091173081759995,0.0102079006742236,,0,0.0
2019-09-25 00:00:00,7793.5,7759.700000000001,7840.600000000001,0.0092624980468181,0.0101749325462215,,0,0.0
2019-09-26 00:00:00,7755.3,7751.7,7862.599999999999,0.0093419418250177,0.0101357950894059,,0,0.0
2019-09-27 00:00:00,7693.8,7762.099999999999,7812.399999999999,0.0089594117559732,0.0101078656405223,,0,0.0
2019-09-29 00:00:00,7701.0,7703.466666666667,7789.133333333334,0.0076825991313116,0.0101066516689387,,0,0.0
2019-09-30 00:00:00,7758.5,7706.3,7729.6,0.0079155316525255,0.0100924009723099,,0,0.0
2019-10-01 00:00:00,7700.1,7737.066666666667,7789.333333333333,0.00806147296998,0.0100371510494126,,0,0.0
2019-10-02 00:00:00,7538.7,7729.633333333334,7790.066666666668,0.0092150786714197,0.009994446172685,,0,0.0
2019-10-03 00:00:00,7623.8,7583.8,7662.8,0.0096543903717073,0.00999117696694,,0,0.0
2019-10-04 00:00:00,7749.4,7572.8,7691.0,0.0094800866893271,0.0099832269438277,,0,0.0
2019-10-06 00:00:00,7718.9,7702.533333333333,7801.066666666666,0.0094956335711988,0.0099742261764771,,0,0.0
2019-10-07 00:00:00,7724.0,7708.533333333333,7738.466666666665,0.0094591699774538,0.009957718487248,,0,0.0
2019-10-08 00:00:00,7597.7,7735.599999999999,7768.999999999999,0.0099123411504941,0.0099356516545584,,0,0.0
2019-10-09 00:00:00,7618.5,7650.033333333334,7712.966666666667,0.0098190518129265,0.0099265028009927,,0,0.0
2019-10-10 00:00:00,7764.3,7631.966666666667,7699.133333333334,0.0108198357452202,0.0099265028009927,,0,0.0
2019-10-11 00:00:00,7839.8,7716.533333333333,7840.2666666666655,0.0110698361797414,0.0099265028009927,,0,0.0
2019-10-13 00:00:00,7873.9,7829.266666666666,7909.933333333332,0.011099460637094,0.0099265028009927,,0,0.0
2019-10-14 00:00:00,7858.8,7860.7,7887.099999999999,0.0107498469194527,0.0099265028009927,,0,0.0
2019-10-15 00:00:00,7933.0,7840.833333333333,7893.466666666666,0.0108772202466068,0.0099265028009927,,0,0.0
2019-10-16 00:00:00,7920.3,7909.566666666667,7976.233333333334,0.0108869165333385,0.0099265028009927,,0,0.0
2019-10-17 00:00:00,7929.0,7916.3,7943.8,0.0101012527534393,0.0099265028009927,,0,0.0
2019-10-18 00:00:00,7864.5,7936.033333333333,7968.2666666666655,0.0101738193512448,0.0099356516545584,,0,0.0
2019-10-20 00:00:00,7874.5,7873.366666666666,7929.733333333332,0.0100945661067816,0.0099356516545584,,0,0.0
2019-10-21 00:00:00,7926.9,7873.066666666667,7876.733333333334,0.0099556839176149,0.0099356516545584,,0,0.0
2019-10-22 00:00:00,7825.1,7909.033333333333,7950.466666666665,0.0104634935875331,0.0099356516545584,,0,0.0
2019-10-23 00:00:00,7905.6,7871.166666666667,7923.533333333334,0.010575760575475,0.0099356516545584,,0,0.0
2019-10-24 00:00:00,7905.3,7870.2,7949.0,0.0103891525085161,0.0099499223724747,,0,0.0
2019-10-25 00:00:00,8019.4,7921.533333333333,7948.666666666666,0.0093479610627697,0.0099356516545584,,0,0.0
2019-10-27 00:00:00,8037.8,7981.333333333333,8060.466666666666,0.0091494074715431,0.0099265028009927,,0,0.0
2019-10-28 00:00:00,8094.3,8037.566666666667,8043.833333333333,0.008629261854077,0.0099191021353486,,0,0.0
2019-10-29 00:00:00,8039.4,8077.633333333334,8124.266666666668,0.0087585666068914,0.0099085565757213,,0,0.0
2019-10-30 00:00:00,8105.0,8057.033333333333,8082.166666666666,0.0088549302000055,0.0099023775366744,,0,0.0
2019-10-31 00:00:00,8071.3,8076.966666666667,8150.933333333334,0.00785585365332,0.0098980969104984,,0,0.0
2019-11-01 00:00:00,8145.8,8073.433333333333,8118.666666666667,0.0079751923909767,0.0098818900423377,,0,0.0
2019-11-03 00:00:00,8159.0,8122.266666666666,8173.133333333333,0.0070635715270062,0.009850506330108,,0,0.0
2019-11-04 00:00:00,8221.8,8156.733333333334,8165.0666666666675,0.0069684581277684,0.0098262475685318,,0,0.0
2019-11-05 00:00:00,8195.5,8202.133333333333,8248.466666666667,0.0070613708410705,0.0098023238793645,,0,0.0
2019-11-06 00:00:00,8185.2,8200.266666666666,8225.133333333333,0.0070434605824286,0.0097683358981207,,0,0.0
2019-11-07 00:00:00,8221.2,8179.533333333333,8215.666666666666,0.0068529903057074,0.0097282969947768,,0,0.0
2019-11-08 00:00:00,8247.5,8219.633333333333,8267.166666666666,0.0068112414030401,0.0097016080497145,,0,0.0
2019-11-10 00:00:00,8238.4,8224.666666666666,8272.933333333332,0.0068451088382492,0.0096950426708467,,0,0.0
2019-11-11 00:00:00,8232.0,8240.633333333333,8243.166666666666,0.0064622733430177,0.0096733888765433,,0,0.0
2019-11-12 00:00:00,8252.8,8222.733333333334,8252.866666666667,0.0064577923775128,0.0096370602792024,,0,0.0
2019-11-13 00:00:00,8254.0,8252.533333333335,8288.466666666669,0.0063941419409665,0.0096051515286522,,0,0.0
2019-11-14 00:00:00,8263.1,8244.566666666668,8281.033333333335,0.0053626257760176,0.0095755692626966,,0,0.0
2019-11-15 00:00:00,8315.9,8248.766666666665,8289.73333333333,0.0051401393379088,0.0095328346868706,,0,0.0
2019-11-17 00:00:00,8303.4,8296.133333333333,8335.666666666666,0.0051891075255979,0.0095009764298271,,0,0.0
2019-11-18 00:00:00,8321.3,8304.933333333334,8309.366666666669,0.0043595471555321,0.0094962413559491,,0,0.0
2019-11-19 00:00:00,8311.3,8317.933333333332,8363.066666666666,0.004410937136842,0.0094878601302629,,0,0.0
2019-11-20 00:00:00,8264.0,8329.9,8353.8,0.0045154184694768,0.0094749858455354,,0,0.0
2019-11-21 00:00:00,8264.3,8277.0,8328.8,0.0041344329272974,0.0094666693207036,,0,0.0
2019-11-22 00:00:00,8277.0,8266.6,8299.1,0.0038165586828758,0.0094613118085586,,0,0.0
2019-11-24 00:00:00,8301.3,8270.833333333334,8313.866666666669,0.0036315049988326,0.0094496958788059,,0,0.0
2019-11-25 00:00:00,8369.8,8298.266666666666,8305.033333333333,0.0035256806122033,0.0094340391926892,,0,0.0
2019-11-26 00:00:00,8396.5,8346.433333333332,8396.966666666665,0.0035490997017396,0.0094165730484091,,0,0.0
2019-11-27 00:00:00,8420.5,8390.866666666667,8420.833333333334,0.0032527956985801,0.0094048708618266,,0,0.0
2019-11-28 00:00:00,8444.4,8422.133333333333,8451.866666666667,0.0030996459307565,0.00939195638346,,0,0.0
2019-11-29 00:00:00,8416.9,8432.666666666666,8456.333333333332,0.0032231075415739,0.0093764711588692,,0,0.0
2019-12-01 00:00:00,8425.0,8421.699999999999,8440.999999999998,0.0031456169250107,0.0093653161939807,,0,0.0
2019-12-02 00:00:00,8299.0,8422.466666666667,8428.133333333335,0.004755107062832,0.0093525558339287,,0,0.0
2019-12-03 00:00:00,8255.8,8340.066666666668,8409.533333333335,0.0049059047915497,0.0093449514438937,,0,0.0
2019-12-04 00:00:00,8283.6,8250.1,8337.300000000001,0.0049534532675882,0.0093384670023383,,0,0.0
2019-12-05 00:00:00,8307.8,8270.866666666667,8326.333333333334,0.0049634666430287,0.0093194211445799,,0,0.0
2019-12-06 00:00:00,8397.6,8302.133333333333,8338.066666666666,0.0054862470490788,0.0093036053768591,,0,0.0
2019-12-08 00:00:00,8402.6,8369.800000000001,8431.800000000003,0.0054863223458304,0.0092829293455176,,0,0.0
2019-12-09 00:00:00,8356.8,8403.300000000001,8404.200000000003,0.0054961004229109,0.0092387883591189,,0,0.0
2019-12-10 00:00:00,8360.0,8376.033333333335,8406.366666666669,0.005480419117211,0.0091880447023237,,0,0.0
2019-12-11 00:00:00,8413.1,8350.733333333332,8405.666666666664,0.0056312575291653,0.0091602385330631,,0,0.0
2019-12-12 00:00:00,8501.0,8390.4,8436.5,0.0060275852448621,0.0091544369022208,,0,0.0
2019-12-13 00:00:00,8493.7,8462.4,8545.199999999999,0.0058327884864535,0.0091333578237713,,0,0.0
2019-12-15 00:00:00,8509.2,8483.633333333333,8532.166666666666,0.0058246802181426,0.0090605280563422,,0,0.0
2019-12-16 00:00:00,8570.0,8508.433333333332,8512.966666666665,0.0059610990867509,0.0089815798463291,,0,0.0
2019-12-17 00:00:00,8585.3,8555.566666666666,8602.233333333332,0.0059546800502507,0.0089532148483225,,0,0.0
2019-12-18 00:00:00,8603.5,8582.133333333333,8600.266666666666,0.0057540855777191,0.0089460875006703,,0,0.0
2019-12-19 00:00:00,8660.2,8601.133333333333,8624.966666666667,0.0058592298164276,0.008931019260047,,0,0.0
2019-12-20 00:00:00,8690.6,8638.033333333335,8685.966666666669,0.0058686181537073,0.0089145736807207,,0,0.0
2019-12-22 00:00:00,8703.4,8680.266666666665,8714.73333333333,0.0058613464467905,0.0088986890692834,,0,0.0
2019-12-23 00:00:00,8709.9,8698.733333333332,8708.666666666664,0.0057567750304328,0.0088700212182781,,0,0.0
2019-12-24 00:00:00,8710.4,8709.266666666668,8724.833333333336,0.005766658941846,0.0088439653134915,,0,0.0
2019-12-25 00:00:00,8712.0,8705.233333333332,8722.066666666664,0.0042660457760104,0.0088315605334487,,0,0.0
2019-12-26 00:00:00,8789.6,8712.333333333334,8714.066666666668,0.0040987872356301,0.0088315605334487,,0,0.0
2019-12-27 00:00:00,8760.6,8763.933333333334,8816.866666666669,0.004343574047758,0.0088315605334487,,0,0.0
2019-12-29 00:00:00,8780.8,8778.966666666667,8806.633333333335,0.0043449404278616,0.0088315605334487,,0,0.0
2019-12-30 00:00:00,8719.4,8777.066666666668,8786.233333333335,0.0044362876157066,0.0088315605334487,,0,0.0
2019-12-31 00:00:00,8755.8,8728.833333333334,8783.166666666668,0.0044534181674022,0.0088315605334487,,0,0.0
2020-01-01 00:00:00,8760.0,8729.499999999998,8782.199999999997,0.0041105268738652,0.0088315605334487,,0,0.0
2020-01-02 00:00:00,8882.0,8760.166666666666,8767.033333333333,0.0048207949584946,0.0088315605334487,,0,0.0
2020-01-03 00:00:00,8792.2,8843.0,8929.8,0.0055729951729134,0.0088315605334487,,0,0.0
2020-01-05 00:00:00,8763.6,8800.4,8881.699999999999,0.0053459223870806,0.0088315605334487,,0,0.0
2020-01-06 00:00:00,8834.0,8754.0,8774.1,0.0055037179102981,0.0088315605334487,,0,0.0
2020-01-07 00:00:00,8737.7,8800.433333333332,8891.866666666665,0.0062126321299196,0.0088315605334487,,0,0.0
2020-01-08 00:00:00,8938.5,8776.833333333334,8840.266666666668,0.0077977598928913,0.0088315605334487,,0,0.0
2020-01-09 00:00:00,9001.9,8853.199999999999,9042.399999999998,0.0078751314125378,0.0088315605334487,,0,0.0
2020-01-10 00:00:00,8963.6,8976.5,9033.7,0.0080148786562415,0.0088315605334487,,0,0.0
2020-01-13 00:00:00,9093.2,8986.033333333333,9019.066666666666,0.008430129608052,0.0088315605334487,,0,0.0
2020-01-14 00:00:00,9019.5,9060.3,9128.500000000002,0.0087491827645057,0.0088315605334487,,0,0.0
2020-01-15 00:00:00,9062.7,9046.9,9075.5,0.0087721592860161,0.0088315605334487,,0,0.0
2020-01-16 00:00:00,9135.2,9052.8,9093.9,0.0088644054379192,0.0088439653134915,,0,0.0
2020-01-17 00:00:00,9161.0,9111.733333333334,9170.366666666669,0.0088471052877973,0.0088510177439014,,0,0.0
2020-01-19 00:00:00,9175.4,9153.066666666668,9186.533333333336,0.0088328978304619,0.0088510177439014,,0,0.0
2020-01-20 00:00:00,9161.5,9170.266666666668,9180.733333333335,0.0087502112294856,0.0088510177439014,,0,0.0
2020-01-21 00:00:00,9170.0,9163.366666666669,9175.733333333334,0.008663285151731,0.0088510177439014,,0,0.0
2020-01-22 00:00:00,9174.6,9155.666666666666,9204.933333333332,0.0086728475516541,0.0088510177439014,,0,0.0
2020-01-23 00:00:00,9262.8,9196.666666666666,9223.733333333332,0.0085371324383297,0.0088510177439014,,0,0.0
2020-01-24 00:00:00,9130.8,9224.0,9303.8,0.0093647591215441,0.0088596678189623,,0,0.0
2020-01-26 00:00:00,9009.0,9171.333333333332,9239.866666666663,0.0099831433582378,0.008874758837235,,0,0.0
2020-01-27 00:00:00,8974.2,9020.166666666666,9051.633333333331,0.0095980093880893,0.0088986890692834,,0,0.0
2020-01-28 00:00:00,9095.4,8981.000000000002,9041.400000000003,0.009668587496395,0.0089145736807207,,0,0.0
2020-01-29 00:00:00,9116.9,9062.633333333331,9164.566666666666,0.009597211381223,0.008931019260047,,0,0.0
2020-01-30 00:00:00,9213.8,9113.266666666668,9158.133333333337,0.0096997730027009,0.0089460875006703,,0,0.0
2020-01-31 00:00:00,9009.2,9149.2,9299.6,0.0107706871573209,0.0089532148483225,,0,0.0
2020-02-02 00:00:00,9017.6,9071.766666666666,9181.533333333333,0.0095215488520784,0.0089815798463291,,0,0.0
2020-02-03 00:00:00,9087.5,9013.0,9038.9,0.0095467145688282,0.0090605280563422,,0,0.0
2020-02-04 00:00:00,9335.3,9083.0,9157.3,0.0111799734538876,0.0091333578237713,,0,0.0
2020-02-05 00:00:00,9377.0,9262.366666666669,9439.533333333333,0.0108156359052206,0.0091552091023854,,0,0.0
2020-02-06 00:00:00,9459.9,9384.033333333333,9452.666666666666,0.0106787838915166,0.0091880447023237,,0,0.0
2020-02-07 00:00:00,9394.0,9427.266666666668,9495.933333333336,0.0108646059700931,0.0092387883591189,,0,0.0
2020-02-09 00:00:00,9350.9,9411.966666666667,9445.333333333334,0.0108543714854227,0.0092829293455176,,0,0.0
2020-02-10 00:00:00,9520.1,9365.066666666666,9404.333333333332,0.0114912820606996,0.0093036053768591,,0,0.0
2020-02-11 00:00:00,9536.4,9465.666666666666,9580.533333333333,0.0114910581763243,0.0093194211445799,,0,0.0
2020-02-12 00:00:00,9571.2,9545.733333333332,9595.066666666664,0.0114660550285376,0.0093194211445799,,0,0.0
2020-02-13 00:00:00,9604.9,9571.366666666669,9623.233333333334,0.0114649525320709,0.0093194211445799,,0,0.0
2020-02-14 00:00:00,9629.5,9583.433333333334,9660.766666666668,0.0114564220767636,0.0093194211445799,,0,0.0
2020-02-16 00:00:00,9660.2,9622.733333333334,9661.266666666666,0.0113354468061941,0.0093194211445799,,0,0.0
2020-02-17 00:00:00,9599.2,9653.2,9672.2,0.0108595377792108,0.0093194211445799,,0,0.0
2020-02-18 00:00:00,9657.8,9619.966666666667,9663.233333333334,0.0102122637955911,0.0093194211445799,,0,0.0
2020-02-19 00:00:00,9738.2,9615.533333333333,9700.066666666666,0.010110870869444,0.0093194211445799,,0,0.0
2020-02-20 00:00:00,9567.4,9707.133333333331,9772.666666666666,0.0109462143710293,0.0093194211445799,,0,0.0
2020-02-21 00:00:00,9449.6,9611.533333333333,9711.966666666664,0.0114428365431148,0.0093194211445799,,0,0.0
2020-02-23 00:00:00,9305.0,9487.3,9568.600000000002,0.0118580449394268,0.0093194211445799,,0,0.0
2020-02-24 00:00:00,9137.6,9314.7,9344.1,0.0114629849157069,0.0093384670023383,,0,0.0
2020-02-25 00:00:00,8918.6,9164.866666666669,9292.133333333331,0.0127268790174067,0.0093449514438937,,0,0.0
2020-02-26 00:00:00,8828.6,8982.233333333332,9157.066666666664,0.0127452361679599,0.0093525558339287,,0,0.0
2020-02-27 00:00:00,8411.2,8856.933333333332,9006.466666666665,0.0146832917760836,0.0093609548633159,,0,0.0
2020-02-28 00:00:00,8543.6,8524.2,8736.2,0.0152741896947157,0.0093691204522089,,0,0.0
2020-03-01 00:00:00,8355.7,8414.233333333332,8701.066666666664,0.0154090263289781,0.0093889670074644,,0,0.0
2020-03-02 00:00:00,8859.8,8322.966666666667,8417.733333333334,0.0213903080991707,0.0094048708618266,,0,0.0
2020-03-03 00:00:00,8562.2,8686.199999999999,9055.999999999998,0.0224798077247828,0.0094165730484091,,0,0.0
2020-03-04 00:00:00,8882.6,8691.066666666668,8873.133333333335,0.023859658240181,0.0094165730484091,,0,0.0
2020-03-05 00:00:00,8693.8,8796.533333333333,9035.866666666663,0.0241620221440236,0.009443513291337,,0,0.0
2020-03-06 00:00:00,8504.4,8730.533333333333,8850.266666666666,0.0243877208702586,0.0094613118085586,,0,0.0
2020-03-08 00:00:00,8115.9,8514.0,8715.7,0.0258555522839898,0.0094666693207036,,0,0.0
2020-03-09 00:00:00,8112.4,8177.3,8250.8,0.0257993811368022,0.0094749858455354,,0,0.0
2020-03-10 00:00:00,8213.8,8057.233333333333,8296.666666666664,0.026098384537521,0.0094878601302629,,0,0.0
2020-03-11 00:00:00,7994.3,8175.833333333333,8418.066666666666,0.026435880027654,0.0094962413559491,,0,0.0
2020-03-12 00:00:00,7116.0,8046.766666666666,8198.733333333334,0.0344914173503392,0.0095009764298271,,0,0.0
2020-03-13 00:00:00,7829.8,7398.466666666667,7735.533333333335,0.0428303457215149,0.0095133262855166,,0,0.0
2020-03-15 00:00:00,7553.5,7583.666666666667,8222.333333333334,0.0431777914672321,0.0095341317104533,,0,0.0
2020-03-16 00:00:00,7160.8,7661.0,7768.5,0.0441484778313491,0.0095536401118073,,0,0.0
2020-03-17 00:00:00,7178.2,7217.400000000001,7506.600000000001,0.0442744400979503,0.0095755692626966,,0,0.0
2020-03-18 00:00:00,7366.2,7226.8,7502.8,0.0450530620422312,0.0095938921259149,,0,0.0
2020-03-19 00:00:00,7197.2,7202.400000000001,7589.800000000001,0.0450366308412785,0.0095976103846562,,0,0.0
2020-03-20 00:00:00,6928.2,7194.066666666667,7508.333333333333,0.0454603602319929,0.0096261998798983,,0,0.0
2020-03-22 00:00:00,6629.3,7150.433333333333,7409.366666666667,0.0452960746525579,0.0096614889340512,,0,0.0
2020-03-23 00:00:00,7084.1,6659.666666666667,6690.033333333334,0.0483680697689332,0.0096804874388872,,0,0.0
2020-03-24 00:00:00,7496.2,7014.766666666667,7385.7333333333345,0.0504432568323102,0.0096960801920401,,0,0.0
2020-03-25 00:00:00,7478.5,7388.733333333334,7740.266666666667,0.0481160550661056,0.0097026455709079,,0,0.0
2020-03-26 00:00:00,7874.1,7537.233333333334,7701.466666666667,0.0494993780917178,0.0097455570424587,,0,0.0
2020-03-27 00:00:00,7552.8,7692.5,8074.5,0.0492258634909287,0.0098023238793645,,0,0.0
2020-03-29 00:00:00,7462.5,7663.599999999999,7778.199999999999,0.0491272261775521,0.0098262475685318,,0,0.0
2020-03-30 00:00:00,7869.9,7452.666666666667,7512.833333333334,0.0508130954241603,0.0098648270363668,,0,0.0
2020-03-31 00:00:00,7707.0,7734.3,8016.200000000001,0.0499999451455027,0.0098980969104984,,0,0.0
2020-04-01 00:00:00,7501.0,7799.3,7897.700000000001,0.0503180643010105,0.0099023775366744,,0,0.0
2020-04-02 00:00:00,7588.1,7546.666666666667,7693.333333333334,0.0503043342681127,0.0099085565757213,,0,0.0
2020-04-03 00:00:00,7518.7,7537.133333333334,7702.066666666668,0.0500162356174436,0.0099191021353486,,0,0.0
2020-04-05 00:00:00,7650.4,7531.5,7643.0,0.0431846896633307,0.0099265028009927,,0,0.0
2020-04-06 00:00:00,8077.8,7631.766666666666,7671.833333333333,0.0389286124323689,0.0099356516545584,,0,0.0
2020-04-07 00:00:00,8039.6,7940.666666666667,8232.933333333334,0.0379645402342334,0.0099499223724747,,0,0.0
2020-04-08 00:00:00,8222.2,8094.533333333333,8244.666666666666,0.0357998794339625,0.0099694136379264,,0,0.0
2020-04-09 00:00:00,8233.6,8137.266666666667,8323.933333333334,0.0358084705503256,0.0099862105200503,,0,0.0
2020-04-12 00:00:00,8118.2,8219.199999999999,8337.799999999997,0.0358315606322975,0.00999117696694,,0,0.0
2020-04-13 00:00:00,8364.7,8164.633333333334,8253.56666666667,0.0355883917373438,0.0100357811287449,,0,0.0
2020-04-14 00:00:00,8674.0,8274.333333333334,8463.366666666669,0.0344489375750844,0.010086526056127,,0,0.0
2020-04-15 00:00:00,8534.0,8565.233333333334,8811.966666666667,0.0326628317048584,0.0100979094301104,,0,0.0
2020-04-16 00:00:00,8934.5,8567.266666666668,8647.933333333336,0.0310476476629654,0.0101041200760847,,0,0.0
2020-04-17 00:00:00,8811.6,8801.266666666666,9100.633333333331,0.029563085363966,0.0101078656405223,,0,0.0
2020-04-19 00:00:00,8749.7,8818.666666666666,8946.333333333332,0.0296716715351255,0.0101098073758792,,0,0.0
2020-04-20 00:00:00,8733.0,8758.333333333334,8781.366666666669,0.0278075898657015,0.0101368585829707,,0,0.0
2020-04-21 00:00:00,8462.0,8756.666666666666,8823.933333333332,0.0270249624909345,0.0101683328238711,,0,0.0
2020-04-22 00:00:00,8620.9,8524.233333333332,8703.066666666664,0.0268207862982524,0.0101804190735952,,0,0.0
2020-04-23 00:00:00,8558.5,8576.233333333335,8747.26666666667,0.024586760947342,0.0101996412957684,,0,0.0
2020-04-24 00:00:00,8771.2,8629.300000000001,8720.000000000002,0.0242382953029695,0.0102205231740463,,0,0.0
2020-04-26 00:00:00,8760.4,8686.666666666666,8869.533333333333,0.0230240785193278,0.0102380449004105,,0,0.0
2020-04-27 00:00:00,8831.4,8772.466666666667,8807.433333333334,0.023008783078338,0.0102737819327456,,0,0.0
2020-04-28 00:00:00,8777.4,8827.0,8908.4,0.0229005695391086,0.0103447045628439,,0,0.0
2020-04-29 00:00:00,9100.5,8797.666666666666,8932.933333333332,0.0237138415538956,0.0103958778793527,,0,0.0
2020-04-30 00:00:00,8848.4,9000.166666666666,9226.333333333332,0.022340135288232,0.0104144004054652,,0,0.0
2020-05-01 00:00:00,8716.0,8939.366666666667,9063.233333333334,0.0226844706372667,0.0104448455741371,,0,0.0
2020-05-03 00:00:00,8593.8,8762.733333333334,8842.466666666667,0.022601219958326,0.0105196270815041,,0,0.0
2020-05-04 00:00:00,8835.6,8606.566666666668,8640.033333333335,0.023315034689567,0.0106272722334958,,0,0.0
2020-05-05 00:00:00,8967.0,8747.766666666668,8926.833333333336,0.0230471379910789,0.0107143154054846,,0,0.0
2020-05-06 00:00:00,8975.0,8942.800000000001,9055.4,0.0222854622744159,0.0107602670383868,,0,0.0
2020-05-07 00:00:00,9149.5,8976.866666666667,9065.133333333331,0.0212298926769907,0.0107712177738707,,0,0.0
2020-05-08 00:00:00,9228.4,9091.933333333332,9208.066666666666,0.0207792869496319,0.0107760993994832,,0,0.0
2020-05-10 00:00:00,9261.8,9199.233333333335,9274.36666666667,0.0181771877388475,0.0107908932605929,,0,0.0
2020-05-11 00:00:00,9284.6,9237.333333333332,9288.866666666663,0.017797112529477,0.0108084860089303,,0,0.0
2020-05-12 00:00:00,9022.5,9252.733333333332,9378.666666666664,0.0190020371484982,0.0108177358252204,,0,0.0
2020-05-13 00:00:00,9020.4,9130.266666666666,9245.233333333334,0.0189889412268417,0.0108331825006013,,0,0.0
2020-05-14 00:00:00,9114.2,9039.466666666667,9191.933333333334,0.0174143210193891,0.0108504503707026,,0,0.0
2020-05-15 00:00:00,9124.5,9029.333333333334,9203.266666666668,0.0170623482210573,0.0108562256123165,,0,0.0
2020-05-17 00:00:00,9172.6,9071.1,9209.2,0.0168965107321967,0.0108588087592105,,0,0.0
2020-05-18 00:00:00,9351.6,9159.066666666666,9199.333333333332,0.0165824855671347,0.0108617985345406,,0,0.0
2020-05-19 00:00:00,9322.0,9294.633333333331,9425.766666666666,0.0166161446063171,0.0108617985345406,,0,0.0
2020-05-20 00:00:00,9489.3,9341.0,9404.8,0.0169108510416334,0.0108617985345406,,0,0.0
2020-05-21 00:00:00,9407.0,9436.733333333334,9558.966666666667,0.0169987224168054,0.0108617985345406,,0,0.0
2020-05-22 00:00:00,9425.2,9425.433333333332,9495.966666666664,0.0150956017684046,0.0108617985345406,,0,0.0
2020-05-24 00:00:00,9459.5,9365.9,9485.5,0.0133960664958294,0.0108617985345406,,0,0.0
2020-05-25 00:00:00,9514.0,9442.7,9483.999999999998,0.0126808812224773,0.0108617985345406,,0,0.0
2020-05-26 00:00:00,9399.0,9491.866666666669,9562.733333333334,0.0125391598173893,0.0108617985345406,,0,0.0
2020-05-27 00:00:00,9445.8,9461.466666666667,9545.333333333334,0.0112507776879862,0.0108617985345406,,0,0.0
2020-05-28 00:00:00,9421.5,9378.533333333333,9579.266666666666,0.0109881544321198,0.0108617985345406,,0,0.0
2020-05-29 00:00:00,9591.6,9438.166666666666,9552.333333333332,0.0115109905827386,0.0108617985345406,,0,0.0
2020-05-31 00:00:00,9511.6,9520.4,9665.0,0.0111424271114325,0.0108617985345406,,0,0.0
2020-06-01 00:00:00,9569.1,9498.0,9541.5,0.0110765059807407,0.0108617985345406,,0,0.0
2020-06-02 00:00:00,9678.2,9554.5,9623.8,0.0112759750479459,0.0108617985345406,,0,0.0
2020-06-03 00:00:00,9698.5,9622.4,9735.8,0.0112759294475376,0.0108617985345406,,0,0.0
2020-06-04 00:00:00,9620.6,9691.233333333332,9738.066666666664,0.0090970330298923,0.0108588087592105,,0,0.0
2020-06-05 00:00:00,9808.2,9646.4,9718.4,0.0097459371219748,0.0108562256123165,,0,0.0
2020-06-07 00:00:00,9873.2,9753.466666666664,9902.533333333333,0.009656581985882,0.0108504503707026,,0,0.0
2020-06-08 00:00:00,9882.4,9853.566666666668,9896.733333333335,0.0096598406147709,0.0108331825006013,,0,0.0
2020-06-09 00:00:00,9991.7,9844.933333333334,9940.266666666668,0.0097845411710913,0.0108177358252204,,0,0.0
2020-06-10 00:00:00,10043.8,9937.7,10061.2,0.0091162761523181,0.0108084860089303,,0,0.0
2020-06-11 00:00:00,9678.8,10054.2,10147.399999999998,0.0127208114867196,0.0108084860089303,,0,0.0
2020-06-12 00:00:00,9648.0,9787.266666666666,9987.933333333332,0.0121892784586997,0.0108084860089303,,0,0.0
2020-06-14 00:00:00,9552.4,9664.733333333334,9833.266666666666,0.0122433794542521,0.0108084860089303,,0,0.0
2020-06-15 00:00:00,9877.8,9548.4,9590.4,0.014325600364238,0.0108084860089303,,0,0.0
2020-06-16 00:00:00,9999.2,9713.8,10043.999999999998,0.0144931623314229,0.0108084860089303,,0,0.0
2020-06-17 00:00:00,9964.5,9937.833333333334,10075.666666666668,0.0145434215523897,0.0108084860089303,,0,0.0
2020-06-18 00:00:00,10033.4,9985.833333333334,10041.066666666668,0.0141617043177678,0.0108084860089303,,0,0.0
2020-06-19 00:00:00,9940.4,9986.133333333331,10090.466666666667,0.0144321148334382,0.0108084860089303,,0,0.0
2020-06-21 00:00:00,9919.0,9999.866666666669,10066.033333333333,0.0144244171654304,0.0108084860089303,,0,0.0
2020-06-22 00:00:00,10164.4,9899.433333333332,9940.866666666663,0.0148701904194563,0.0108084860089303,,0,0.0
2020-06-23 00:00:00,10195.2,10081.733333333332,10254.466666666664,0.0146288082412473,0.0108084860089303,,0,0.0
2020-06-24 00:00:00,9988.8,10164.133333333331,10341.066666666666,0.0155477574774229,0.0108084860089303,,0,0.0
2020-06-25 00:00:00,10119.7,10062.066666666668,10182.333333333336,0.0156050081689443,0.0108084860089303,,0,0.0
2020-06-26 00:00:00,9858.6,10051.633333333331,10202.666666666666,0.0168276795679741,0.0108084860089303,,0,0.0
2020-06-28 00:00:00,9841.4,9943.533333333333,10048.866666666663,0.0167092832801988,0.0108084860089303,,0,0.0
2020-06-29 00:00:00,10007.4,9829.933333333334,9865.266666666668,0.0165678871633051,0.0108084860089303,,0,0.0
2020-06-30 00:00:00,10143.6,9924.233333333332,10104.666666666664,0.0167621186651445,0.0108084860089303,,0,0.0
2020-07-01 00:00:00,10281.2,10094.066666666666,10234.333333333332,0.0169768133287347,0.0108084860089303,,0,0.0
2020-07-02 00:00:00,10361.8,10230.933333333332,10372.066666666666,0.0169026383849671,0.0108084860089303,,0,0.0
2020-07-03 00:00:00,10339.8,10352.999999999998,10441.199999999995,0.0169078313359332,0.0108084860089303,,0,0.0
2020-07-05 00:00:00,10405.6,10354.066666666668,10386.933333333334,0.014371982908442,0.0108084860089303,,0,0.0
2020-07-06 00:00:00,10652.2,10393.866666666669,10423.733333333334,0.0149378602451194,0.0108084860089303,,0,0.0
2020-07-07 00:00:00,10563.2,10572.466666666667,10740.733333333334,0.0148597046448303,0.0108084860089303,,0,0.0
2020-07-08 00:00:00,10694.0,10596.133333333331,10673.866666666669,0.0133534802597385,0.0108084860089303,,0,0.0
2020-07-09 00:00:00,10766.3,10637.933333333332,10757.066666666666,0.0132308421760919,0.0108084860089303,,0,0.0
2020-07-10 00:00:00,10854.8,10708.3,10843.8,0.0131513988251688,0.0108084860089303,,0,0.0
2020-07-12 00:00:00,10889.8,10784.333333333332,10930.266666666665,0.0131397069408737,0.0108084860089303,,0,0.0
2020-07-13 00:00:00,10658.6,10891.2,10920.2,0.0140266809667155,0.0108084860089303,,0,0.0
2020-07-14 00:00:00,10730.4,10768.466666666667,10961.333333333334,0.0139759494050754,0.0108084860089303,,0,0.0
2020-07-15 00:00:00,10659.8,10618.233333333332,10864.466666666664,0.013270363225988,0.0108084860089303,,0,0.0
2020-07-16 00:00:00,10580.4,10668.066666666668,10771.133333333337,0.0134525340906919,0.0108084860089303,,0,0.0
2020-07-17 00:00:00,10637.2,10576.533333333333,10663.866666666663,0.0124077886400345,0.0108084860089303,,0,0.0
2020-07-19 00:00:00,10660.2,10623.6,10695.6,0.0121884350362182,0.0108084860089303,,0,0.0
2020-07-20 00:00:00,10963.0,10657.500000000002,10672.800000000005,0.0115319320446416,0.0108084860089303,,0,0.0
2020-07-21 00:00:00,10887.0,10832.333333333334,11104.666666666668,0.0117569153498823,0.0108084860089303,,0,0.0
2020-07-22 00:00:00,10836.1,10919.0,11039.2,0.011610579498397,0.0108084860089303,,0,0.0
2020-07-23 00:00:00,10596.3,10846.9,10918.4,0.0127555909587265,0.0108084860089303,,0,0.0
2020-07-24 00:00:00,10478.6,10692.033333333336,10855.866666666669,0.012797974680676,0.0108084860089303,,0,0.0
2020-07-26 00:00:00,10453.7,10468.933333333334,10621.266666666668,0.0127154454761318,0.0108084860089303,,0,0.0
2020-07-27 00:00:00,10712.2,10476.166666666668,10507.133333333337,0.0137937088339942,0.0108084860089303,,0,0.0
2020-07-28 00:00:00,10577.2,10627.266666666666,10805.733333333334,0.014116028188042,0.0108084860089303,,0,0.0
2020-07-29 00:00:00,10692.3,10625.766666666666,10723.533333333333,0.0132941259677843,0.0108084860089303,,0,0.0
2020-07-30 00:00:00,10918.6,10644.633333333331,10762.266666666666,0.0139103824279394,0.0108084860089303,,0,0.0
2020-07-31 00:00:00,10932.4,10791.633333333331,11066.966666666667,0.0136833069271681,0.0108084860089303,,0,0.0
2020-08-02 00:00:00,10925.5,10863.0,11021.4,0.0136246679578629,0.0108084860089303,,0,0.0
2020-08-03 00:00:00,11049.6,10920.566666666666,10951.333333333332,0.0137320185794234,0.0108084860089303,,0,0.0
2020-08-04 00:00:00,11087.4,11014.4,11121.4,0.0137337804003019,0.0108084860089303,,0,0.0
2020-08-05 00:00:00,11100.8,11063.833333333334,11131.066666666668,0.0127007565233595,0.0108084860089303,,0,0.0
2020-08-06 00:00:00,11261.2,11109.066666666666,11148.733333333332,0.012962996757029,0.0108084860089303,,0,0.0
2020-08-07 00:00:00,11140.5,11202.666666666666,11341.733333333332,0.0131472341369465,0.0108084860089303,,0,0.0
2020-08-09 00:00:00,11116.4,11158.9,11273.4,0.0129934124644198,0.0108084860089303,,0,0.0
2020-08-10 00:00:00,11082.8,11115.466666666667,11148.733333333334,0.0130331545481796,0.0108084860089303,,0,0.0
2020-08-11 00:00:00,10931.5,11058.666666666666,11179.533333333333,0.0135026157142019,0.0108084860089303,,0,0.0
2020-08-12 00:00:00,11140.4,10984.1,11113.8,0.0126555755709808,0.0108084860089303,,0,0.0
2020-08-13 00:00:00,11212.8,11074.066666666666,11260.133333333331,0.0125753712421741,0.0108084860089303,,0,0.0
2020-08-14 00:00:00,11153.6,11196.733333333332,11290.266666666665,0.0125918344057515,0.0108084860089303,,0,0.0
2020-08-16 00:00:00,11168.6,11167.466666666667,11231.133333333337,0.0112990314530325,0.0108084860089303,,0,0.0
2020-08-17 00:00:00,11311.8,11165.7,11174.499999999998,0.0110242671873496,0.0108084860089303,,0,0.0
2020-08-18 00:00:00,11420.2,11263.0,11364.6,0.0109907603137442,0.0108084860089303,,0,0.0
2020-08-19 00:00:00,11293.8,11373.133333333331,11470.266666666666,0.0104211873506467,0.0107908932605929,,0,0.0
2020-08-20 00:00:00,11503.2,11341.133333333331,11394.266666666665,0.0103410228435905,0.0107760993994832,,0,0.0
2020-08-21 00:00:00,11568.0,11411.6,11597.4,0.0102300160011594,0.0107712177738707,,0,0.0
2020-08-23 00:00:00,11587.4,11518.533333333333,11626.266666666666,0.0094030370459992,0.0107602670383868,,0,0.0
2020-08-24 00:00:00,11650.2,11586.6,11597.0,0.0094081315851923,0.0107143154054846,,0,0.0
2020-08-25 00:00:00,11750.6,11636.133333333331,11740.066666666666,0.0094357999386136,0.0106272722334958,,0,0.0
2020-08-26 00:00:00,11970.2,11695.466666666667,11812.133333333337,0.0098811947721448,0.0105196270815041,,0,0.0
2020-08-27 00:00:00,11972.2,11901.866666666669,12073.133333333337,0.0099189086497216,0.0104448455741371,,0,0.0
2020-08-28 00:00:00,12002.8,11952.733333333332,12068.066666666664,0.0099042827699048,0.0104236924556939,,0,0.0
2020-08-30 00:00:00,12050.8,11982.066666666666,12041.333333333332,0.0095925393843786,0.010411895300418,,0,0.0
2020-08-31 00:00:00,12127.4,12034.2,12067.999999999998,0.0090083912680161,0.0103958778793527,,0,0.0
2020-09-01 00:00:00,12361.8,12095.333333333334,12199.066666666668,0.0094679964033013,0.0103650876760533,,0,0.0
2020-09-02 00:00:00,12422.2,12284.333333333334,12441.266666666668,0.0092621221931664,0.0103206397303811,,0,0.0
2020-09-03 00:00:00,11600.8,12354.266666666668,12534.533333333336,0.0181845293900031,0.0103206397303811,,0,0.0
2020-09-04 00:00:00,11540.3,11868.4,12154.2,0.0178708014200042,0.0103206397303811,,0,0.0
2020-09-06 00:00:00,11417.2,11508.5,11874.6,0.0180507068552902,0.0103650876760533,,0,0.0
2020-09-07 00:00:00,11559.0,11424.333333333334,11540.266666666668,0.0181569280656477,0.0103958778793527,,0,0.0
2020-09-08 00:00:00,11041.0,11505.133333333331,11638.466666666667,0.0209555700026456,0.0103958778793527,,0,0.0
2020-09-09 00:00:00,11443.9,11184.6,11433.0,0.0223604588156806,0.0103958778793527,,0,0.0
2020-09-10 00:00:00,11202.5,11320.033333333333,11602.466666666664,0.0227763000955529,0.0103958778793527,,0,0.0
2020-09-11 00:00:00,11071.2,11285.7,11482.999999999998,0.0227923794296333,0.0103958778793527,,0,0.0
2020-09-13 00:00:00,11184.8,11121.366666666669,11305.233333333335,0.0224969505657403,0.0103958778793527,,0,0.0
2020-09-14 00:00:00,11298.0,11160.933333333334,11218.866666666669,0.0225904223115828,0.0103958778793527,,0,0.0
2020-09-15 00:00:00,11436.8,11273.433333333334,11384.966666666667,0.0227786684641437,0.0103958778793527,,0,0.0
2020-09-16 00:00:00,11285.6,11392.933333333334,11538.866666666669,0.022908905304288,0.0103958778793527,,0,0.0
2020-09-17 00:00:00,11087.2,11358.866666666669,11476.933333333334,0.023058417477702,0.0103958778793527,,0,0.0
2020-09-18 00:00:00,10953.6,11099.566666666666,11277.733333333332,0.0225811917276776,0.0103958778793527,,0,0.0
2020-09-20 00:00:00,10948.3,10964.666666666666,11169.133333333331,0.0225750636170365,0.0104051699295814,,0,0.0
2020-09-21 00:00:00,11029.2,10933.233333333332,10997.466666666664,0.0226769823413837,0.0104051699295814,,0,0.0
2020-09-22 00:00:00,11137.2,10912.0,11150.6,0.0228206933300775,0.0104051699295814,,0,0.0
2020-09-23 00:00:00,10765.9,11086.4,11258.2,0.023614079986308,0.0104236924556939,,0,0.0
2020-09-24 00:00:00,10968.0,10915.466666666667,11088.833333333334,0.023583418730489,0.0104448455741371,,0,0.0
2020-09-25 00:00:00,11148.8,10891.4,11104.8,0.0239962722596068,0.0105196270815041,,0,0.0
2020-09-27 00:00:00,11175.7,11054.2,11277.399999999998,0.0192494700656713,0.0106272722334958,,0,0.0
2020-09-28 00:00:00,11434.4,11179.700000000004,11193.200000000004,0.0200058768008945,0.0107143154054846,,0,0.0
2020-09-29 00:00:00,11356.0,11343.466666666667,11529.333333333334,0.0199196050308186,0.0107602670383868,,0,0.0
2020-09-30 00:00:00,11457.6,11375.333333333334,11445.066666666668,0.0198197977302654,0.0107712177738707,,0,0.0
2020-10-01 00:00:00,11585.9,11394.266666666668,11604.933333333336,0.0169398927559129,0.0107865422515303,,0,0.0
2020-10-02 00:00:00,11269.8,11543.166666666666,11661.933333333332,0.0162004244316461,0.0108084860089303,,0,0.0
2020-10-04 00:00:00,11347.4,11365.0,11509.2,0.0155356711440682,0.0108177358252204,,0,0.0
2020-10-05 00:00:00,11449.6,11331.933333333334,11367.666666666668,0.0153496417950179,0.0108331825006013,,0,0.0
2020-10-06 00:00:00,11270.4,11415.2,11546.999999999998,0.0156872752685214,0.0108504503707026,,0,0.0
2020-10-07 00:00:00,11515.2,11340.533333333333,11468.666666666666,0.0162655139093464,0.0108569546323167,,0,0.0
2020-10-08 00:00:00,11593.6,11431.266666666668,11604.533333333336,0.0161122942551526,0.0108620718746519,,0,0.0
2020-10-09 00:00:00,11741.2,11559.933333333334,11631.666666666668,0.0159676582897886,0.0108709131083499,,0,0.0
2020-10-11 00:00:00,11758.4,11687.066666666666,11807.133333333331,0.0152853971606184,0.0108799690464115,,0,0.0
2020-10-12 00:00:00,12123.4,11745.266666666668,11783.333333333336,0.0160615305935219,0.0108848171897773,,0,0.0
2020-10-13 00:00:00,12129.0,12022.266666666668,12312.133333333337,0.0160452699795956,0.0108977103834146,,0,0.0
2020-10-14 00:00:00,11975.6,12141.8,12250.000000000002,0.016523507769161,0.0109153647808332,,0,0.0
2020-10-15 00:00:00,11930.1,12027.866666666669,12139.133333333331,0.0165632344340455,0.0109342198496026,,0,0.0
2020-10-16 00:00:00,11810.2,11888.233333333332,12024.466666666664,0.0145246864727053,0.0109671844015745,,0,0.0
2020-10-18 00:00:00,11888.2,11884.333333333334,11961.866666666669,0.01415613694289,0.010989457372932,,0,0.0
2020-10-19 00:00:00,11730.8,11875.4,11915.6,0.014349989251997,0.0110075137505469,,0,0.0
2020-10-20 00:00:00,11719.6,11767.933333333334,11927.266666666668,0.0143725982149683,0.0110398372779375,,0,0.0
2020-10-21 00:00:00,11641.2,11713.8,11813.200000000004,0.0136440668350482,0.0110626217741334,,0,0.0
2020-10-22 00:00:00,11679.8,11678.866666666669,11756.733333333335,0.0135254590074334,0.011073171080241,,0,0.0
2020-10-23 00:00:00,11684.8,11648.6,11770.4,0.0134120478261573,0.0110827441249378,,0,0.0
2020-10-25 00:00:00,11642.6,11652.799999999996,11738.799999999996,0.013230912025833,0.0110942214531145,,0,0.0
2020-10-26 00:00:00,11505.0,11628.433333333334,11668.366666666669,0.0119192884996418,0.011112516748241,,0,0.0
2020-10-27 00:00:00,11553.4,11524.933333333334,11690.666666666668,0.0118657867334267,0.0111339999854103,,0,0.0
2020-10-28 00:00:00,11203.6,11563.466666666667,11628.133333333337,0.0135907774938524,0.0111612002826601,,0,0.0
2020-10-29 00:00:00,11227.9,11308.266666666665,11477.13333333333,0.0131567535858934,0.0112003120784447,,0,0.0
2020-10-30 00:00:00,11100.8,11286.366666666669,11413.133333333331,0.0123194767130776,0.011235714195494,,0,0.0
2020-11-01 00:00:00,11013.1,11118.4,11277.4,0.0122197524020174,0.0112633535677619,,0,0.0
2020-11-02 00:00:00,11103.0,11031.1,11064.799999999996,0.011960120556702,0.0112759522477418,,0,0.0
2020-11-03 00:00:00,11332.8,11095.333333333334,11233.266666666668,0.0130390119248161,0.0112875032504892,,0,0.0
2020-11-04 00:00:00,11808.9,11258.733333333332,11435.866666666663,0.0146255779995718,0.0113172391296133,,0,0.0
2020-11-05 00:00:00,12078.2,11637.633333333331,12029.466666666667,0.0155822357153506,0.0113379781863769,,0,0.0
2020-11-06 00:00:00,12104.4,11998.166666666666,12211.533333333333,0.0153037944187031,0.0113916730548373,,0,0.0
2020-11-08 00:00:00,12243.5,12034.366666666669,12188.833333333334,0.0154513015546557,0.0114496293099392,,0,0.0
2020-11-09 00:00:00,11864.6,12214.466666666667,12296.333333333334,0.0169051791755055,0.0114597034962353,,0,0.0
2020-11-10 00:00:00,11607.6,12035.266666666665,12247.73333333333,0.0175262095157595,0.0114639687238889,,0,0.0
2020-11-11 00:00:00,11906.8,11674.666666666666,11836.133333333331,0.0182540348922374,0.0114655037803042,,0,0.0
2020-11-12 00:00:00,11860.6,11806.4,12027.4,0.018281401430596,0.0114718042017354,,0,0.0
2020-11-13 00:00:00,11953.8,11876.866666666669,11967.933333333334,0.0182589428067415,0.0114843057756288,,0,0.0
2020-11-15 00:00:00,12054.6,11908.2,12006.399999999998,0.0183217013767799,0.0114911701185119,,0,0.0
2020-11-16 00:00:00,12058.8,12033.466666666667,12093.733333333334,0.0183220102055432,0.0115011363217191,,0,0.0
2020-11-17 00:00:00,11986.4,12004.799999999996,12148.599999999997,0.0183665129897958,0.0115214613136901,,0,0.0
2020-11-18 00:00:00,11890.2,12006.066666666668,12046.933333333334,0.0182396349817325,0.0115712557715193,,0,0.0
2020-11-19 00:00:00,11947.6,11932.933333333334,11993.666666666668,0.0182444626695147,0.0116414548962227,,0,0.0
2020-11-20 00:00:00,11917.6,11923.366666666669,12032.833333333334,0.0166597982304555,0.0116842945131651,,0,0.0
2020-11-22 00:00:00,11941.2,11943.333333333334,12003.866666666669,0.0166604811005128,0.0117138380348962,,0,0.0
2020-11-23 00:00:00,11963.0,11931.866666666669,11953.933333333338,0.0163125248948909,0.0117441663436965,,0,0.0
2020-11-24 00:00:00,12136.2,11931.0,12043.4,0.0162297564685555,0.0117571642987644,,0,0.0
2020-11-25 00:00:00,12189.8,12052.133333333331,12221.266666666666,0.0162128389511842,0.0118077290935367,,0,0.0
2020-11-26 00:00:00,12164.6,12157.799999999996,12227.799999999996,0.0158330055713769,0.0118619158364267,,0,0.0
2020-11-27 00:00:00,12283.2,12177.866666666669,12219.333333333334,0.0131342361564822,0.0118885125741899,,0,0.0
2020-11-29 00:00:00,12326.4,12248.733333333332,12351.266666666665,0.012205612796941,0.0119152634572975,,0,0.0
2020-11-30 00:00:00,12354.2,12326.866666666669,12345.333333333334,0.0122060292486626,0.0119213186576744,,0,0.0
2020-12-01 00:00:00,12455.8,12268.066666666666,12440.733333333332,0.0120807358544959,0.011937457559053,,0,0.0
2020-12-02 00:00:00,12469.0,12437.066666666666,12534.93333333333,0.0094746559020896,0.011937457559053,,0,0.0
2020-12-03 00:00:00,12488.2,12424.9,12532.1,0.0075897183340714,0.011937457559053,,0,0.0
2020-12-04 00:00:00,12511.4,12492.266666666668,12538.333333333336,0.0055318450401897,0.011937457559053,,0,0.0
2020-12-06 00:00:00,12547.2,12499.933333333334,12549.06666666667,0.0053245045320702,0.011937457559053,,0,0.0
2020-12-07 00:00:00,12594.4,12551.4,12571.6,0.0051982548679767,0.011937457559053,,0,0.0
2020-12-08 00:00:00,12649.8,12561.733333333335,12646.86666666667,0.0050368761254911,0.011937457559053,,0,0.0
2020-12-09 00:00:00,12364.8,12610.133333333331,12715.866666666663,0.007519400076132,0.011937457559053,,0,0.0
2020-12-10 00:00:00,12405.4,12446.733333333332,12585.066666666664,0.0073302474048533,0.011937457559053,,0,0.0
2020-12-11 00:00:00,12371.0,12358.533333333333,12497.066666666666,0.0070505001984328,0.011937457559053,,0,0.0
2020-12-13 00:00:00,12417.6,12340.8,12445.600000000002,0.0070321397169961,0.011937457559053,,0,0.0
2020-12-14 00:00:00,12473.1,12420.6,12438.2,0.0069717999107869,0.011937457559053,,0,0.0
2020-12-15 00:00:00,12589.4,12467.966666666667,12548.533333333336,0.0071451029933868,0.011937457559053,,0,0.0
2020-12-16 00:00:00,12678.6,12536.066666666668,12655.933333333334,0.0072088629198282,0.011937457559053,,0,0.0
2020-12-17 00:00:00,12746.4,12647.866666666669,12729.733333333334,0.0067112592730913,0.011937457559053,,0,0.0
2020-12-18 00:00:00,12748.7,12726.066666666666,12784.133333333331,0.0067136845236118,0.011937457559053,,0,0.0
2020-12-20 00:00:00,12748.4,12714.366666666669,12819.533333333336,0.0066595987159973,0.011937457559053,,0,0.0
2020-12-21 00:00:00,12703.6,12750.866666666669,12777.933333333334,0.0065452468346534,0.0119213186576744,,0,0.0
2020-12-22 00:00:00,12725.8,12646.466666666667,12831.133333333337,0.0065314034625372,0.0119152634572975,,0,0.0
2020-12-23 00:00:00,12663.4,12694.2,12792.999999999998,0.0066887929829261,0.0118885125741899,,0,0.0
2020-12-24 00:00:00,12711.2,12679.333333333334,12727.266666666668,0.0065167011932931,0.0118619158364267,,0,0.0
2020-12-27 00:00:00,12745.2,12694.799999999996,12750.799999999996,0.0065270129398173,0.0118074801446545,,0,0.0
2020-12-28 00:00:00,12866.4,12730.4,12776.4,0.0067921128805274,0.0117441663436965,,0,0.0
2020-12-29 00:00:00,12861.4,12823.733333333332,12911.466666666664,0.0068047079096545,0.0117138380348962,,0,0.0
2020-12-30 00:00:00,12865.8,12872.933333333334,12921.06666666667,0.0067995991645717,0.0116842945131651,,0,0.0
2020-12-31 00:00:00,12901.0,12876.0,12915.4,0.0067837167535735,0.0116414548962227,,0,0.0
2021-01-03 00:00:00,12878.6,12875.0,12937.4,0.006771366628531,0.0115712557715193,,0,0.0
2021-01-04 00:00:00,12689.2,12888.4,12909.0,0.0054407081710038,0.0115214613136901,,0,0.0
2021-01-05 00:00:00,12809.6,12733.266666666668,12929.733333333335,0.0057284761540394,0.0115214613136901,,0,0.0
2021-01-06 00:00:00,12686.8,12753.166666666666,12879.533333333333,0.0061876851172019,0.0115214613136901,,0,0.0
2021-01-07 00:00:00,12952.8,12683.6,12861.2,0.0075883287663422,0.0115214613136901,,0,0.0
2021-01-08 00:00:00,13137.8,12865.466666666664,13060.133333333331,0.0080501273820132,0.0115214613136901,,0,0.0
2021-01-10 00:00:00,13096.6,13072.6,13203.8,0.0079867011584896,0.0115214613136901,,0,0.0
2021-01-11 00:00:00,12937.1,13100.2,13115.399999999998,0.0084879224864726,0.0115214613136901,,0,0.0
2021-01-12 00:00:00,12911.3,12977.633333333331,13069.066666666666,0.0084506743479037,0.0115011363217191,,0,0.0
2021-01-13 00:00:00,12984.8,12888.5,12995.6,0.0085232141002156,0.0115011363217191,,0,0.0
2021-01-14 00:00:00,12932.8,12945.4,13056.2,0.0085934051637121,0.0115011363217191,,0,0.0
2021-01-15 00:00:00,12774.7,12957.4,13018.8,0.0090306775100607,0.0114911701185119,,0,0.0
2021-01-17 00:00:00,12761.4,12826.233333333332,12893.866666666663,0.0090289680136408,0.0114911701185119,,0,0.0
2021-01-18 00:00:00,12847.2,12773.8,12798.200000000004,0.0090588074175215,0.0114911701185119,,0,0.0
2021-01-19 00:00:00,13065.6,12813.200000000004,12884.000000000004,0.0097470238126777,0.0114911701185119,,0,0.0
2021-01-20 00:00:00,13329.8,12993.733333333332,13140.866666666663,0.0106166795362788,0.0114911701185119,,0,0.0
2021-01-21 00:00:00,13399.2,13234.933333333334,13436.666666666668,0.0105058716109819,0.0114911701185119,,0,0.0
2021-01-22 00:00:00,13368.5,13378.6,13459.0,0.010537994753861,0.0114911701185119,,0,0.0
2021-01-24 00:00:00,13413.0,13365.033333333333,13414.466666666664,0.0105346052305983,0.0114911701185119,,0,0.0
2021-01-25 00:00:00,13478.6,13408.066666666666,13427.733333333332,0.0105520550464678,0.0114911701185119,,0,0.0
2021-01-26 00:00:00,13576.2,13417.866666666669,13630.133333333331,0.0105647172794069,0.0114911701185119,,0,0.0
2021-01-27 00:00:00,12995.1,13529.566666666666,13662.233333333332,0.0142318374592317,0.0115011363217191,,0,0.0
2021-01-28 00:00:00,13151.1,13161.6,13422.1,0.0143189870309036,0.0115214613136901,,0,0.0
2021-01-29 00:00:00,12887.0,13161.166666666666,13399.733333333332,0.0149229770816572,0.0115712557715193,,0,0.0
2021-01-31 00:00:00,12808.9,12971.066666666666,13096.93333333333,0.0142162387581414,0.0116534191153394,,0,0.0
2021-02-01 00:00:00,13276.4,12809.166666666666,12875.933333333332,0.0161634080922959,0.0117138380348962,,0,0.0
2021-02-02 00:00:00,13502.9,13121.766666666668,13445.033333333336,0.0165409374140168,0.0117441663436965,,0,0.0
2021-02-03 00:00:00,13456.4,13424.4,13602.200000000004,0.0162694146622708,0.0118074801446545,,0,0.0
2021-02-04 00:00:00,13563.8,13485.7,13569.399999999998,0.0162903143322428,0.0118619158364267,,0,0.0
2021-02-05 00:00:00,13614.8,13501.0,13643.6,0.0162766976230255,0.0118885125741899,,0,0.0
2021-02-07 00:00:00,13649.0,13597.733333333332,13665.666666666664,0.0162047355111571,0.0119152634572975,,0,0.0
2021-02-08 00:00:00,13692.0,13640.133333333331,13664.666666666666,0.0158132118328743,0.0119213186576744,,0,0.0
2021-02-09 00:00:00,13698.8,13669.033333333333,13730.466666666664,0.0157932203045401,0.0119417346862045,,0,0.0
2021-02-10 00:00:00,13664.0,13696.4,13748.0,0.0158347382420667,0.0119867346048873,,0,0.0
2021-02-11 00:00:00,13740.6,13657.133333333331,13786.466666666667,0.0155140879207237,0.0120470422537842,,0,0.0
2021-02-12 00:00:00,13829.0,13705.666666666666,13787.933333333332,0.0149890439169659,0.0120812155902705,,0,0.0
2021-02-14 00:00:00,13835.0,13771.2,13886.799999999996,0.014972411322968,0.0121350651811317,,0,0.0
2021-02-15 00:00:00,13867.2,13835.733333333332,13851.866666666663,0.0149430582731358,0.012188856747459,,0,0.0
2021-02-16 00:00:00,13737.5,13862.4,13892.4,0.0151486687265502,0.0121964977579314,,0,0.0
2021-02-17 00:00:00,13709.0,13791.166666666666,13856.133333333331,0.0151419751206433,0.0122046649270521,,0,0.0
2021-02-18 00:00:00,13622.6,13683.266666666668,13816.933333333336,0.0151490106573731,0.0122058210228018,,0,0.0
2021-02-19 00:00:00,13577.4,13608.466666666667,13742.533333333336,0.0113304449618145,0.0122058210228018,,0,0.0
2021-02-21 00:00:00,13598.4,13618.066666666666,13694.733333333332,0.0110956841761527,0.0122058210228018,,0,0.0
2021-02-22 00:00:00,13234.8,13592.8,13630.600000000002,0.0118580766573231,0.0122058210228018,,0,0.0
2021-02-23 00:00:00,13175.8,13363.866666666669,13505.933333333334,0.0118103424955794,0.0122058210228018,,0,0.0
2021-02-24 00:00:00,13334.0,13094.133333333331,13423.866666666663,0.0088991553192079,0.0122058210228018,,0,0.0
2021-02-25 00:00:00,12784.8,13214.466666666667,13463.933333333334,0.0120745059788677,0.0122058210228018,,0,0.0
2021-02-26 00:00:00,12913.6,12969.200000000004,13175.200000000004,0.0124021302458341,0.01221289082534,,0,0.0
2021-02-28 00:00:00,13009.8,12892.466666666667,13116.133333333337,0.0123801941264979,0.0122315659281348,,0,0.0
2021-03-01 00:00:00,13323.8,12991.933333333334,13031.06666666667,0.0136528551781856,0.0122516886240738,,0,0.0
2021-03-02 00:00:00,13099.4,13220.4,13437.2,0.0140710669364922,0.0122897372534865,,0,0.0
2021-03-03 00:00:00,12596.8,13161.6,13269.2,0.0161820956828931,0.0123498354197878,,0,0.0
2021-03-04 00:00:00,12409.6,12794.933333333334,12997.866666666669,0.016319601679631,0.012391162186166,,0,0.0
2021-03-05 00:00:00,12658.4,12506.6,12703.2,0.0172400678524693,0.0124049594429343,,0,0.0
2021-03-07 00:00:00,12673.7,12523.133333333331,12835.666666666666,0.0171432848542399,0.0124734742287119,,0,0.0
2021-03-08 00:00:00,12373.8,12699.033333333336,12738.06666666667,0.0175063172447227,0.0125572655297817,,0,0.0
2021-03-09 00:00:00,12812.6,12459.433333333334,12632.966666666667,0.0197311467085662,0.0125836028239628,,0,0.0
2021-03-10 00:00:00,12772.4,12670.466666666667,13012.133333333337,0.0196818586910572,0.0126237049883661,,0,0.0
2021-03-11 00:00:00,13070.7,12824.833333333334,12943.066666666668,0.0205464323497688,0.012668228396729,,0,0.0
2021-03-12 00:00:00,12935.8,12972.633333333331,13219.066666666666,0.0206246170902189,0.0126908188729184,,0,0.0
2021-03-14 00:00:00,12961.0,12933.333333333334,13097.466666666667,0.0206311857894219,0.0127081009997456,,0,0.0
2021-03-15 00:00:00,13063.8,12953.633333333331,12984.166666666666,0.0207544623900385,0.0127081009997456,,0,0.0
2021-03-16 00:00:00,13160.2,13011.933333333334,13151.06666666667,0.0208435711986384,0.0127081009997456,,0,0.0
2021-03-17 00:00:00,13240.0,13171.333333333334,13285.866666666669,0.0200215661205212,0.0127081009997456,,0,0.0
2021-03-18 00:00:00,12801.4,13158.0,13368.6,0.0213553078658336,0.0127081009997456,,0,0.0
2021-03-19 00:00:00,12846.0,12955.933333333334,13130.06666666667,0.0211615872947487,0.0127081009997456,,0,0.0
2021-03-21 00:00:00,12881.4,12820.666666666666,12941.333333333332,0.0190123303967098,0.0127081009997456,,0,0.0
2021-03-22 00:00:00,13103.8,12859.966666666667,12911.233333333334,0.0192682166022233,0.0127081009997456,,0,0.0
2021-03-23 00:00:00,13046.8,13039.4,13239.2,0.0192380121587855,0.0127081009997456,,0,0.0
2021-03-24 00:00:00,12823.0,13077.933333333334,13158.666666666668,0.0187570238113823,0.0127081009997456,,0,0.0
2021-03-25 00:00:00,12819.0,12928.466666666667,13057.333333333334,0.0184179520668812,0.0127081009997456,,0,0.0
2021-03-26 00:00:00,12977.6,12774.8,12921.600000000002,0.0163686810911896,0.0127081009997456,,0,0.0
2021-03-28 00:00:00,12938.2,12892.733333333332,13091.266666666665,0.0159503613638659,0.0127081009997456,,0,0.0
2021-03-29 00:00:00,12995.6,12952.733333333332,12971.866666666663,0.0154039754502438,0.0127081009997456,,0,0.0
2021-03-30 00:00:00,12913.5,12947.2,13068.999999999998,0.0155012412093757,0.0127081009997456,,0,0.0
2021-03-31 00:00:00,13140.0,12901.233333333332,13008.066666666664,0.0147641478218287,0.0127081009997456,,0,0.0
2021-04-01 00:00:00,13363.8,13064.933333333334,13250.866666666669,0.0131226538977453,0.0127081009997456,,0,0.0
2021-04-02 00:00:00,13366.6,13284.6,13446.6,0.0130723763609855,0.0127081009997456,,0,0.0
2021-04-04 00:00:00,13368.4,13378.866666666669,13398.133333333331,0.012104700275037,0.0126908188729184,,0,0.0
2021-04-05 00:00:00,13631.8,13354.0,13386.8,0.0124577445795496,0.012668228396729,,0,0.0
2021-04-06 00:00:00,13609.6,13532.466666666664,13736.73333333333,0.0124946923040474,0.0126237049883661,,0,0.0
2021-04-07 00:00:00,13653.8,13606.066666666666,13672.533333333333,0.0124316442163736,0.0125836028239628,,0,0.0
2021-04-08 00:00:00,13817.0,13616.933333333334,13705.466666666667,0.0125715605501419,0.012573465896158,,0,0.0
2021-04-09 00:00:00,13825.2,13759.666666666666,13874.533333333333,0.0125497453674449,0.0125606529587934,,0,0.0
2021-04-11 00:00:00,13794.0,13781.766666666668,13899.533333333336,0.0094984065196334,0.0125444525924171,,0,0.0
2021-04-12 00:00:00,13832.2,13810.4,13830.6,0.0095009370509407,0.0125169260607184,,0,0.0
2021-04-13 00:00:00,13981.6,13809.200000000004,13871.200000000004,0.0096262045423211,0.0124762184417985,,0,0.0
2021-04-14 00:00:00,13826.2,13926.133333333331,14064.266666666666,0.0096827291394362,0.0124446943979616,,0,0.0
2021-04-15 00:00:00,14025.4,13885.733333333332,13983.866666666663,0.009867416145883,0.0124197164282041,,0,0.0
2021-04-16 00:00:00,14043.2,13959.333333333334,14114.466666666667,0.0085997519330536,0.0124197164282041,,0,0.0
2021-04-18 00:00:00,14006.4,14028.133333333331,14088.866666666663,0.0086840909502115,0.0124197164282041,,0,0.0
2021-04-19 00:00:00,13933.6,14006.466666666667,14021.133333333337,0.008731683619116,0.0124197164282041,,0,0.0
2021-04-20 00:00:00,13761.0,13946.133333333331,14055.266666666666,0.0093350468552647,0.0124197164282041,,0,0.0
2021-04-21 00:00:00,13899.6,13815.066666666666,13894.93333333333,0.0094608046184606,0.0124197164282041,,0,0.0
2021-04-22 00:00:00,13774.8,13852.733333333332,13989.066666666664,0.0096221578437007,0.0124197164282041,,0,0.0
2021-04-23 00:00:00,13921.2,13817.2,13916.999999999998,0.0091977142012987,0.0124197164282041,,0,0.0
2021-04-25 00:00:00,13925.4,13890.4,14027.2,0.0085884523403532,0.0124197164282041,,0,0.0
2021-04-26 00:00:00,14043.2,13930.266666666668,13937.933333333336,0.0086906213492101,0.0124197164282041,,0,0.0
2021-04-27 00:00:00,13978.6,13992.666666666666,14103.733333333332,0.0088221621220804,0.0124197164282041,,0,0.0
2021-04-28 00:00:00,13987.2,13990.6,14053.0,0.0078116819372785,0.0124197164282041,,0,0.0
2021-04-29 00:00:00,13931.0,13963.1,14032.4,0.0078770937392774,0.0124197164282041,,0,0.0
2021-04-30 00:00:00,13880.1,13947.8,14062.000000000002,0.0079335016582635,0.0124197164282041,,0,0.0
2021-05-02 00:00:00,13894.8,13895.566666666666,13956.333333333332,0.0074929937291716,0.0124197164282041,,0,0.0
2021-05-03 00:00:00,13784.6,13895.066666666666,13903.333333333332,0.0077150261283486,0.0124197164282041,,0,0.0
2021-05-04 00:00:00,13540.2,13841.666666666666,13905.533333333333,0.0086587981075755,0.0124197164282041,,0,0.0
2021-05-05 00:00:00,13513.6,13576.200000000004,13756.400000000003,0.0086180382716437,0.0124197164282041,,0,0.0
2021-05-06 00:00:00,13622.6,13557.333333333334,13636.666666666668,0.0084386054103594,0.0124197164282041,,0,0.0
2021-05-07 00:00:00,13727.4,13552.033333333333,13701.466666666664,0.0083305758503782,0.0124197164282041,,0,0.0
2021-05-09 00:00:00,13750.4,13718.266666666668,13837.133333333337,0.0075998979609154,0.0124197164282041,,0,0.0
2021-05-10 00:00:00,13345.4,13744.066666666666,13763.333333333332,0.0098862139451785,0.0124197164282041,,0,0.0
2021-05-11 00:00:00,13348.2,13475.133333333331,13633.066666666666,0.0099046120277992,0.0124197164282041,,0,0.0
2021-05-12 00:00:00,13025.8,13270.533333333336,13464.466666666667,0.0110333688108831,0.0124197164282041,,0,0.0
2021-05-13 00:00:00,13120.4,13119.533333333336,13268.466666666667,0.0110568580022773,0.0124197164282041,,0,0.0
2021-05-14 00:00:00,13407.4,13093.133333333331,13260.866666666669,0.0120256665921864,0.0124197164282041,,0,0.0
2021-05-16 00:00:00,13402.4,13318.6,13523.6,0.0119060900384878,0.0124197164282041,,0,0.0
2021-05-17 00:00:00,13338.4,13414.866666666669,13444.133333333331,0.0115877192216144,0.0124197164282041,,0,0.0
2021-05-18 00:00:00,13176.0,13312.4,13433.0,0.0117873588776084,0.0124197164282041,,0,0.0
2021-05-19 00:00:00,13191.0,13263.333333333334,13353.466666666667,0.0115336602488593,0.0124197164282041,,0,0.0
2021-05-20 00:00:00,13524.8,13133.066666666666,13305.93333333333,0.0131490933241421,0.0124446943979616,,0,0.0
2021-05-21 00:00:00,13418.8,13403.0,13649.6,0.0132109769295716,0.0124762184417985,,0,0.0
2021-05-23 00:00:00,13372.0,13464.799999999996,13528.599999999997,0.0132072220544469,0.0125169260607184,,0,0.0
2021-05-24 00:00:00,13663.2,13378.133333333331,13394.466666666667,0.0142210857056888,0.0125444525924171,,0,0.0
2021-05-25 00:00:00,13700.8,13573.733333333332,13781.466666666664,0.0142370790598597,0.0125606529587934,,0,0.0
2021-05-26 00:00:00,13712.8,13686.200000000004,13759.200000000004,0.0141344341652821,0.012573465896158,,0,0.0
2021-05-27 00:00:00,13707.6,13703.200000000004,13744.200000000004,0.0135187290096966,0.0125836028239628,,0,0.0
2021-05-28 00:00:00,13692.0,13686.266666666668,13746.933333333336,0.0135114118877897,0.0126237049883661,,0,0.0
2021-05-30 00:00:00,13717.4,13709.333333333334,13750.866666666669,0.0134051976785095,0.012668228396729,,0,0.0
2021-05-31 00:00:00,13691.2,13714.466666666667,13727.133333333337,0.0133030332016984,0.0126908188729184,,0,0.0
2021-06-01 00:00:00,13638.2,13690.266666666668,13723.733333333335,0.0133230156211996,0.0127081009997456,,0,0.0
2021-06-02 00:00:00,13689.0,13671.066666666666,13744.533333333333,0.0114373459726978,0.0127081009997456,,0,0.0
2021-06-03 00:00:00,13505.6,13670.733333333332,13734.466666666664,0.0119029767019918,0.0127081009997456,,0,0.0
2021-06-04 00:00:00,13766.8,13559.933333333334,13655.266666666668,0.0110767402416885,0.0127081009997456,,0,0.0
2021-06-06 00:00:00,13769.4,13674.333333333334,13878.466666666667,0.0110405663376803,0.0127081009997456,,0,0.0
2021-06-07 00:00:00,13824.8,13774.3,13780.000000000002,0.0100684372682783,0.0127081009997456,,0,0.0
2021-06-08 00:00:00,13820.0,13784.933333333334,13876.266666666668,0.0100681760351669,0.0127081009997456,,0,0.0
2021-06-09 00:00:00,13816.8,13827.8,13911.200000000004,0.0099679150138039,0.0127081009997456,,0,0.0
2021-06-10 00:00:00,13969.2,13843.933333333334,13878.866666666669,0.009597995844324,0.0127081009997456,,0,0.0
2021-06-11 00:00:00,13993.2,13892.466666666667,14056.333333333334,0.0095930463915759,0.0127081009997456,,0,0.0
2021-06-13 00:00:00,14019.2,13975.466666666667,14016.933333333334,0.0080288248854043,0.0127081009997456,,0,0.0
2021-06-14 00:00:00,14114.8,14014.866666666669,14028.933333333338,0.0077648105855657,0.0127081009997456,,0,0.0
2021-06-15 00:00:00,14040.6,14071.4,14177.0,0.0078469796141734,0.0127081009997456,,0,0.0
2021-06-16 00:00:00,13898.0,14071.133333333331,14132.466666666667,0.0069042579174566,0.0127081009997456,,0,0.0
2021-06-17 00:00:00,14189.6,13948.666666666666,14055.933333333332,0.0082393193952878,0.0127081009997456,,0,0.0
2021-06-18 00:00:00,14032.8,14085.066666666666,14317.133333333331,0.0087258886882068,0.0127081009997456,,0,0.0
2021-06-20 00:00:00,14053.8,14091.733333333332,14159.266666666665,0.0087182113470925,0.0127081009997456,,0,0.0
2021-06-21 00:00:00,14151.8,14050.333333333334,14066.066666666668,0.0087880024683982,0.0127081009997456,,0,0.0
2021-06-22 00:00:00,14290.6,14097.200000000004,14220.200000000004,0.0089738558660992,0.0127081009997456,,0,0.0
2021-06-23 00:00:00,14304.0,14223.533333333333,14363.266666666666,0.0089295815042932,0.0127081009997456,,0,0.0
2021-06-24 00:00:00,14364.6,14295.866666666669,14341.733333333334,0.0088214353591292,0.0127081009997456,,0,0.0
2021-06-25 00:00:00,14348.2,14369.133333333331,14435.266666666666,0.0088568330558003,0.0127081009997456,,0,0.0
2021-06-27 00:00:00,14372.6,14363.733333333332,14396.266666666665,0.0080466090021657,0.0127081009997456,,0,0.0
2021-06-28 00:00:00,14509.4,14370.733333333332,14385.666666666664,0.0072683469977086,0.0127081009997456,,0,0.0
2021-06-29 00:00:00,14604.0,14466.066666666668,14580.533333333336,0.0072930986183146,0.0127081009997456,,0,0.0
2021-06-30 00:00:00,14577.0,14565.4,14644.6,0.0073663714282339,0.0127081009997456,,0,0.0
2021-07-01 00:00:00,14548.4,14575.2,14615.999999999998,0.0074099974864888,0.0127081009997456,,0,0.0
2021-07-02 00:00:00,14716.6,14552.466666666667,14617.933333333334,0.0076387100976175,0.0127081009997456,,0,0.0
2021-07-04 00:00:00,14729.6,14663.2,14797.399999999998,0.0074243420910853,0.0127081009997456,,0,0.0
2021-07-05 00:00:00,14728.4,14728.666666666666,14737.733333333332,0.0074474792997571,0.0127081009997456,,0,0.0
2021-07-06 00:00:00,14778.8,14717.466666666667,14744.533333333336,0.0074476017713909,0.0127081009997456,,0,0.0
2021-07-07 00:00:00,14825.6,14740.733333333332,14841.866666666663,0.0073849699604386,0.0127081009997456,,0,0.0
2021-07-08 00:00:00,14707.0,14821.266666666668,14901.933333333336,0.0075597110125801,0.0127081009997456,,0,0.0
2021-07-09 00:00:00,14828.4,14699.933333333334,14843.866666666669,0.0070614190229525,0.0127081009997456,,0,0.0
2021-07-11 00:00:00,14844.4,14776.933333333334,14897.866666666669,0.0057062354720585,0.0127081009997456,,0,0.0
2021-07-12 00:00:00,14895.4,14846.4,14855.600000000002,0.0047682600170231,0.0127081009997456,,0,0.0
2021-07-13 00:00:00,14860.0,14866.333333333334,14932.266666666668,0.0049090198647105,0.0127081009997456,,0,0.0
2021-07-14 00:00:00,14919.6,14893.0,14976.4,0.0048205054135654,0.0127081009997456,,0,0.0
2021-07-15 00:00:00,14771.8,14929.2,15001.6,0.0052753031644971,0.0127081009997456,,0,0.0
2021-07-16 00:00:00,14684.0,14824.333333333334,14925.066666666668,0.0055432251662278,0.0127081009997456,,0,0.0
2021-07-18 00:00:00,14658.8,14747.2,14821.399999999998,0.0055385534440316,0.0127081009997456,,0,0.0
2021-07-19 00:00:00,14605.6,14661.466666666664,14695.133333333331,0.005617231360423,0.0127081009997456,,0,0.0
2021-07-20 00:00:00,14759.0,14583.0,14705.4,0.0060137315326429,0.0127081009997456,,0,0.0
2021-07-21 00:00:00,14851.8,14696.4,14860.4,0.0058230026991481,0.0127081009997456,,0,0.0
2021-07-22 00:00:00,14986.6,14799.0,14913.8,0.0059724602826273,0.0127081009997456,,0,0.0
2021-07-23 00:00:00,15107.0,14943.8,15042.600000000002,0.0061046488957586,0.0127081009997456,,0,0.0
2021-07-25 00:00:00,15136.6,15063.066666666666,15176.533333333333,0.0060399250949104,0.0127081009997456,,0,0.0
2021-07-26 00:00:00,15127.6,15128.566666666666,15149.033333333333,0.0056245732846416,0.0127081009997456,,0,0.0
2021-07-27 00:00:00,14935.8,15110.133333333331,15166.066666666666,0.0064467286373692,0.0127081009997456,,0,0.0
2021-07-28 00:00:00,15003.8,14957.333333333334,15124.866666666669,0.0064996583711842,0.0127081009997456,,0,0.0
2021-07-29 00:00:00,14885.2,15000.6,15092.6,0.0067608522829126,0.0127081009997456,,0,0.0
2021-07-30 00:00:00,14979.6,14953.466666666664,15030.133333333331,0.0068661810099671,0.0127081009997456,,0,0.0
2021-08-01 00:00:00,15017.0,14933.333333333334,15040.466666666667,0.0065740890050735,0.0127081009997456,,0,0.0
2021-08-02 00:00:00,14976.4,15009.466666666667,15034.133333333337,0.0063975409540958,0.0127081009997456,,0,0.0
2021-08-03 00:00:00,15047.2,14998.333333333334,15049.066666666668,0.0064660840896353,0.0127081009997456,,0,0.0
2021-08-04 00:00:00,15099.0,14993.333333333334,15120.666666666668,0.0064662371441381,0.0127081009997456,,0,0.0
2021-08-05 00:00:00,15173.4,15079.2,15144.399999999998,0.0064896145625779,0.0127081009997456,,0,0.0
2021-08-06 00:00:00,15105.6,15148.666666666666,15212.133333333331,0.0065635258119863,0.0127081009997456,,0,0.0
2021-08-08 00:00:00,15034.2,15116.2,15171.6,0.0062186005647855,0.0127081009997456,,0,0.0
2021-08-09 00:00:00,15131.0,15051.733333333332,15087.466666666664,0.0061170312071793,0.0127081009997456,,0,0.0
2021-08-10 00:00:00,15047.2,15104.6,15184.2,0.0062809091927466,0.0127081009997456,,0,0.0
2021-08-11 00:00:00,15006.0,15074.6,15142.0,0.0062469660540022,0.0127081009997456,,0,0.0
2021-08-12 00:00:00,15078.2,15037.133333333331,15099.466666666667,0.0059307494518408,0.0127081009997456,,0,0.0
2021-08-13 00:00:00,15132.2,15043.733333333332,15135.266666666665,0.005835964317916,0.0127081009997456,,0,0.0
2021-08-15 00:00:00,15123.0,15116.733333333332,15167.266666666665,0.00551956905076,0.0127081009997456,,0,0.0
2021-08-16 00:00:00,15138.8,15123.4,15131.4,0.0052289184949778,0.0127081009997456,,0,0.0
2021-08-17 00:00:00,14963.0,15071.133333333331,15215.666666666662,0.0058241779261373,0.0127081009997456,,0,0.0
2021-08-18 00:00:00,14851.4,15003.333333333334,15100.666666666668,0.0060250577885083,0.0127081009997456,,0,0.0
2021-08-19 00:00:00,14922.4,14902.466666666667,14992.133333333337,0.0054682803151328,0.0127081009997456,,0,0.0
2021-08-20 00:00:00,15100.4,14881.066666666666,15045.733333333332,0.006015024231591,0.0127081009997456,,0,0.0
2021-08-22 00:00:00,15112.6,15021.066666666668,15184.533333333336,0.0056935391378685,0.0127081009997456,,0,0.0
2021-08-23 00:00:00,15335.0,15110.933333333334,15127.266666666668,0.0063899286831511,0.0127081009997456,,0,0.0
2021-08-24 00:00:00,15362.8,15262.2,15415.799999999996,0.00638440940098,0.0127081009997456,,0,0.0
2021-08-25 00:00:00,15366.4,15355.666666666666,15396.133333333331,0.0063243927602696,0.0127081009997456,,0,0.0
2021-08-26 00:00:00,15283.4,15368.733333333332,15399.466666666664,0.0064404052721717,0.0127081009997456,,0,0.0
2021-08-27 00:00:00,15432.8,15304.466666666667,15348.533333333336,0.0067265449827814,0.0127081009997456,,0,0.0
2021-08-29 00:00:00,15457.2,15384.0,15497.4,0.0066680959063877,0.0127081009997456,,0,0.0
2021-08-30 00:00:00,15603.0,15449.266666666668,15467.933333333336,0.0067970317494977,0.0127081009997456,,0,0.0
2021-08-31 00:00:00,15601.8,15550.266666666668,15675.333333333336,0.0066455204725429,0.0127081009997456,,0,0.0
2021-09-01 00:00:00,15621.2,15601.866666666669,15681.133333333337,0.0065587405077193,0.0127081009997456,,0,0.0
2021-09-02 00:00:00,15600.0,15635.200000000004,15687.600000000006,0.0063829843022154,0.0127081009997456,,0,0.0
2021-09-03 00:00:00,15657.2,15612.933333333334,15671.466666666667,0.0063021633246407,0.0127081009997456,,0,0.0
2021-09-05 00:00:00,15653.0,15630.6,15706.0,0.0062914023928471,0.0127081009997456,,0,0.0
2021-09-06 00:00:00,15691.0,15657.133333333331,15661.866666666669,0.0062803691459901,0.0127081009997456,,0,0.0
2021-09-07 00:00:00,15664.6,15682.333333333334,15719.466666666667,0.0063068938189525,0.0127081009997456,,0,0.0
2021-09-08 00:00:00,15601.0,15659.466666666667,15709.133333333337,0.0064400959308976,0.0127081009997456,,0,0.0
2021-09-09 00:00:00,15565.0,15606.466666666667,15687.733333333334,0.0057390424166981,0.0127081009997456,,0,0.0
2021-09-10 00:00:00,15448.8,15596.333333333334,15645.666666666668,0.0057396551966515,0.0127081009997456,,0,0.0
2021-09-12 00:00:00,15493.2,15517.266666666668,15600.133333333337,0.0057065916413545,0.0127081009997456,,0,0.0
2021-09-13 00:00:00,15451.4,15479.433333333334,15509.766666666668,0.0052737729644063,0.0127081009997456,,0,0.0
2021-09-14 00:00:00,15414.8,15456.2,15560.999999999998,0.005332530013023,0.0127081009997456,,0,0.0
2021-09-15 00:00:00,15511.4,15432.533333333336,15512.466666666667,0.004450795350853,0.0127081009997456,,0,0.0
2021-09-16 00:00:00,15494.8,15450.266666666668,15584.933333333336,0.0044554982483612,0.0127081009997456,,0,0.0
2021-09-17 00:00:00,15299.2,15469.0,15569.4,0.0053284565962783,0.0127081009997456,,0,0.0
2021-09-19 00:00:00,15342.4,15377.533333333336,15463.06666666667,0.005222696014746,0.0127081009997456,,0,0.0
2021-09-20 00:00:00,15046.2,15331.333333333334,15355.666666666668,0.0063457096532164,0.0127081009997456,,0,0.0
2021-09-21 00:00:00,14992.4,15075.666666666666,15325.133333333331,0.0063294342568539,0.0127081009997456,,0,0.0
2021-09-22 00:00:00,15211.2,15052.0,15120.4,0.0068801962954156,0.0127081009997456,,0,0.0
2021-09-23 00:00:00,15324.4,15136.200000000004,15321.600000000006,0.0071477776425209,0.0127081009997456,,0,0.0
2021-09-24 00:00:00,15338.8,15295.466666666667,15395.333333333334,0.0071433667373968,0.0127081009997456,,0,0.0
2021-09-26 00:00:00,15338.0,15296.533333333333,15396.066666666666,0.0071448104610231,0.0127081009997456,,0,0.0
2021-09-27 00:00:00,15188.0,15336.266666666668,15351.333333333336,0.0073304119826501,0.0127081009997456,,0,0.0
2021-09-28 00:00:00,14820.6,15236.933333333334,15369.866666666669,0.0089028075999255,0.0127081009997456,,0,0.0
2021-09-29 00:00:00,14807.6,14931.0,15101.2,0.0088332079741269,0.0127081009997456,,0,0.0
2021-09-30 00:00:00,14733.4,14827.666666666666,14924.533333333333,0.0088412891884005,0.0127081009997456,,0,0.0
2021-10-01 00:00:00,14796.8,14775.2,14860.199999999995,0.0089862080718351,0.0127081009997456,,0,0.0
2021-10-03 00:00:00,14831.6,14729.733333333332,14903.466666666664,0.0090544401615693,0.0127081009997456,,0,0.0
2021-10-04 00:00:00,14501.6,14824.8,14858.600000000002,0.010041899041584,0.0126908188729184,,0,0.0
2021-10-05 00:00:00,14654.0,14574.0,14763.0,0.0104194132611475,0.012668228396729,,0,0.0
2021-10-06 00:00:00,14826.0,14617.266666666668,14807.933333333336,0.0109100734600095,0.0126237049883661,,0,0.0
2021-10-07 00:00:00,14941.0,14703.933333333334,14968.06666666667,0.011125202298016,0.0125836028239628,,0,0.0
2021-10-08 00:00:00,14822.0,14924.4,15033.8,0.0110571727858909,0.012573465896158,,0,0.0
2021-10-10 00:00:00,14733.4,14880.466666666667,14953.533333333336,0.0110849139818459,0.0125606529587934,,0,0.0
2021-10-11 00:00:00,14701.2,14766.433333333334,14812.06666666667,0.010823725674142,0.0125444525924171,,0,0.0
2021-10-12 00:00:00,14621.4,14765.0,14849.2,0.0107899816998609,0.0125169260607184,,0,0.0
2021-10-13 00:00:00,14820.6,14674.266666666668,14746.333333333336,0.0105764652629907,0.0124762184417985,,0,0.0
2021-10-14 00:00:00,15087.2,14751.6,14894.799999999996,0.0113396891073813,0.0124446943979616,,0,0.0
2021-10-15 00:00:00,15159.8,14999.799999999996,15180.799999999996,0.0108964826461374,0.0124197164282041,,0,0.0
2021-10-17 00:00:00,15098.0,15119.133333333331,15200.666666666662,0.0107799593475073,0.0124049594429343,,0,0.0
2021-10-18 00:00:00,15308.4,15123.6,15154.2,0.0112640839767253,0.012391162186166,,0,0.0
2021-10-19 00:00:00,15425.2,15225.666666666666,15396.133333333331,0.011393828610885,0.0123498354197878,,0,0.0
2021-10-20 00:00:00,15351.8,15387.133333333331,15482.466666666664,0.0112128678327699,0.0122814280836649,,0,0.0
2021-10-21 00:00:00,15408.4,15383.466666666664,15431.133333333331,0.0095838630923592,0.0122315659281348,,0,0.0
2021-10-22 00:00:00,15338.8,15408.733333333332,15499.666666666664,0.0096753040634117,0.01221289082534,,0,0.0
2021-10-24 00:00:00,15322.0,15369.733333333332,15448.866666666663,0.0095690855868583,0.0122058210228018,,0,0.0
2021-10-25 00:00:00,15555.6,15329.433333333334,15345.966666666667,0.0100101448002372,0.0121974456278203,,0,0.0
2021-10-26 00:00:00,15576.4,15479.666666666666,15637.733333333332,0.0100137794183671,0.012188856747459,,0,0.0
2021-10-27 00:00:00,15642.2,15604.333333333334,15689.066666666668,0.0081453580053637,0.0121465676556276,,0,0.0
2021-10-28 00:00:00,15687.6,15633.200000000004,15742.600000000006,0.0079929507631831,0.0120927180647665,,0,0.0
2021-10-29 00:00:00,15878.6,15696.066666666666,15784.133333333331,0.0080174220993453,0.0120776209166818,,0,0.0
2021-10-31 00:00:00,15895.4,15789.933333333334,15968.666666666668,0.0079685039188652,0.012050086285527,,0,0.0
2021-11-01 00:00:00,15890.8,15891.933333333334,15912.866666666669,0.0075814403583442,0.0119928935744442,,0,0.0
2021-11-02 00:00:00,15958.2,15868.200000000004,15952.200000000004,0.0072449314353605,0.0119397045281719,,0,0.0
2021-11-03 00:00:00,16199.4,15939.533333333336,16013.866666666669,0.007492854223024,0.0119126892690648,,0,0.0
2021-11-04 00:00:00,16351.4,16116.933333333334,16283.06666666667,0.007143099283654,0.0119045333702398,,0,0.0
2021-11-05 00:00:00,16356.0,16302.466666666667,16438.733333333334,0.0069784944575681,0.0118843817177092,,0,0.0
2021-11-07 00:00:00,16323.4,16372.866666666669,16442.533333333336,0.006424006155187,0.0118619316953749,,0,0.0
2021-11-08 00:00:00,16321.0,16319.166666666666,16349.633333333331,0.0064850027482744,0.0118342095764513,,0,0.0
2021-11-09 00:00:00,16195.0,16336.333333333334,16389.066666666666,0.0067607755820949,0.0117988506865939,,0,0.0
2021-11-10 00:00:00,16001.0,16256.0,16341.2,0.0071354368712346,0.0117721371137453,,0,0.0
2021-11-11 00:00:00,16073.4,16053.266666666668,16199.133333333337,0.0070451800723896,0.0116837474241397,,0,0.0
2021-11-12 00:00:00,16210.6,16062.0,16134.4,0.006992600292231,0.0115991493600057,,0,0.0
2021-11-14 00:00:00,16233.2,16147.466666666667,16284.533333333336,0.0069951999286282,0.0115606897352368,,0,0.0
2021-11-15 00:00:00,16197.0,16233.133333333331,16247.866666666663,0.0068900544720036,0.0115327961467505,,0,0.0
2021-11-16 00:00:00,16308.4,16190.066666666666,16290.133333333331,0.0068866269880471,0.0115214613136901,,0,0.0
2021-11-17 00:00:00,16333.0,16262.8,16376.200000000004,0.0062741956913825,0.0114741682777182,,0,0.0
2021-11-18 00:00:00,16499.6,16335.4,16397.4,0.0064996666387608,0.0114155872917914,,0,0.0
2021-11-19 00:00:00,16591.0,16439.333333333332,16571.266666666663,0.0065203574065629,0.0113667588591331,,0,0.0
2021-11-22 00:00:00,16401.4,16573.533333333333,16650.066666666666,0.0072720849808638,0.0113350670345979,,0,0.0
2021-11-23 00:00:00,16290.8,16514.06666666667,16658.933333333338,0.0071427022900494,0.0113147382074235,,0,0.0
2021-11-24 00:00:00,16362.0,16278.799999999996,16434.799999999996,0.0071749715632151,0.0112875032504892,,0,0.0
2021-11-25 00:00:00,16374.8,16280.266666666668,16454.13333333334,0.0071651190921496,0.0112759522477418,,0,0.0
2021-11-26 00:00:00,16048.4,16391.8,16422.8,0.0085818696061413,0.0112700067121314,,0,0.0
2021-11-28 00:00:00,16173.4,16139.4,16286.4,0.0080573649226775,0.0112574308323557,,0,0.0
2021-11-29 00:00:00,16434.4,16141.0,16213.6,0.008597022953099,0.011231822760378,,0,0.0
2021-11-30 00:00:00,16227.4,16349.933333333334,16529.06666666667,0.0090669209023841,0.0111776474721012,,0,0.0
2021-12-01 00:00:00,15949.4,16253.333333333334,16434.066666666666,0.0098120975755069,0.0111338147047242,,0,0.0
2021-12-02 00:00:00,15938.2,16070.0,16309.8,0.0098100078997151,0.0111104432370843,,0,0.0
2021-12-03 00:00:00,15687.2,15923.066666666666,16082.133333333331,0.0102478996632301,0.0110902990789993,,0,0.0
2021-12-05 00:00:00,15739.4,15782.266666666668,16027.333333333336,0.0099958473295718,0.0110808271117672,,0,0.0
2021-12-06 00:00:00,15843.2,15724.833333333334,15767.466666666667,0.010064114678285,0.0110766231112146,,0,0.0
2021-12-07 00:00:00,16344.2,15767.333333333334,15974.266666666668,0.0122602663451286,0.0110766231112146,,0,0.0
2021-12-08 00:00:00,16378.6,16181.733333333332,16537.86666666666,0.0122640788730559,0.0110766231112146,,0,0.0
2021-12-09 00:00:00,16176.4,16355.933333333334,16458.86666666667,0.012587643978946,0.0110766231112146,,0,0.0
2021-12-10 00:00:00,16323.2,16239.466666666667,16357.533333333336,0.0126601026069497,0.0110766231112146,,0,0.0
2021-12-12 00:00:00,16361.2,16264.8,16395.0,0.0126661537608887,0.0110766231112146,,0,0.0
2021-12-13 00:00:00,16091.4,16353.4,16374.2,0.0129556360380389,0.0110766231112146,,0,0.0
2021-12-14 00:00:00,15924.4,16189.666666666666,16313.333333333332,0.0130104270805084,0.0110766231112146,,0,0.0
2021-12-15 00:00:00,16335.0,15932.266666666668,16125.933333333336,0.0141934605812295,0.0110766231112146,,0,0.0
2021-12-16 00:00:00,15852.6,16145.666666666666,16538.333333333332,0.0155992768552253,0.0110766231112146,,0,0.0
2021-12-17 00:00:00,15844.8,16042.6,16278.4,0.0155449129731435,0.0110766231112146,,0,0.0
2021-12-19 00:00:00,15723.4,15827.799999999996,15989.799999999996,0.0155945381740236,0.0110766231112146,,0,0.0
2021-12-20 00:00:00,15736.0,15767.7,15823.6,0.0150117920944401,0.0110766231112146,,0,0.0
2021-12-21 00:00:00,15976.8,15665.2,15819.6,0.0153306676233625,0.0110766231112146,,0,0.0
2021-12-22 00:00:00,16203.6,15867.333333333334,16112.866666666669,0.0152255323446032,0.0110766231112146,,0,0.0
2021-12-23 00:00:00,16319.8,16105.066666666666,16311.533333333333,0.0150461847510886,0.0110766231112146,,0,0.0
2021-12-26 00:00:00,16360.8,16285.866666666669,16407.733333333334,0.0144723349862729,0.0110766231112146,,0,0.0
2021-12-27 00:00:00,16573.6,16355.2,16372.6,0.0146918295163957,0.0110766231112146,,0,0.0
2021-12-28 00:00:00,16557.6,16498.266666666666,16673.933333333334,0.0141091016438225,0.0110766231112146,,0,0.0
2021-12-29 00:00:00,16481.0,16568.999999999996,16666.199999999993,0.0142051619299153,0.0110766231112146,,0,0.0
2021-12-30 00:00:00,16455.6,16489.733333333334,16573.266666666666,0.0141952142438872,0.0110766231112146,,0,0.0
2021-12-31 00:00:00,16350.2,16490.0,16550.6,0.0124582365417908,0.0110766231112146,,0,0.0
2022-01-02 00:00:00,16402.2,16387.933333333334,16443.666666666668,0.0124696985903347,0.0110766231112146,,0,0.0
2022-01-03 00:00:00,16499.4,16404.2,16420.4,0.0121721345756213,0.0110766231112146,,0,0.0
2022-01-04 00:00:00,16248.0,16445.333333333332,16580.066666666666,0.012538010074932,0.0110766231112146,,0,0.0
2022-01-05 00:00:00,15800.2,16327.666666666666,16499.533333333333,0.0139302618868519,0.0110766231112146,,0,0.0
2022-01-06 00:00:00,15832.2,15934.133333333331,16140.466666666664,0.0135007639987393,0.0110808271117672,,0,0.0
2022-01-07 00:00:00,15586.6,15785.666666666666,15957.133333333331,0.0137406781535332,0.0110808271117672,,0,0.0
2022-01-09 00:00:00,15574.4,15659.866666666669,15794.533333333333,0.0122166064375816,0.0110808271117672,,0,0.0
2022-01-10 00:00:00,15642.2,15576.833333333334,15622.866666666669,0.0104670316273317,0.0110808271117672,,0,0.0
2022-01-11 00:00:00,15835.2,15497.8,15828.000000000002,0.0108607785500486,0.0110669565137897,,0,0.0
2022-01-12 00:00:00,15907.8,15727.133333333331,15964.066666666666,0.0107491820204336,0.0110570153940841,,0,0.0
2022-01-13 00:00:00,15513.2,15903.133333333331,16028.866666666663,0.0121610432297094,0.0110669565137897,,0,0.0
2022-01-14 00:00:00,15633.0,15660.200000000004,15847.000000000004,0.0117491170388459,0.0110808271117672,,0,0.0
2022-01-16 00:00:00,15597.8,15531.766666666668,15735.933333333336,0.0111903116358982,0.0110902990789993,,0,0.0
2022-01-17 00:00:00,15603.0,15613.866666666669,15644.933333333334,0.0110032911780778,0.0110902990789993,,0,0.0
2022-01-18 00:00:00,15209.0,15592.133333333331,15661.666666666666,0.0120783031509024,0.0111104432370843,,0,0.0
2022-01-19 00:00:00,15020.0,15337.466666666667,15489.133333333337,0.0115689284420953,0.0111577569669571,,0,0.0
2022-01-20 00:00:00,14759.0,15138.533333333333,15267.866666666663,0.0118576806170976,0.0111577569669571,,0,0.0
2022-01-21 00:00:00,14426.6,14925.266666666668,15188.733333333335,0.0124362053463546,0.0111577569669571,,0,0.0
2022-01-23 00:00:00,14565.4,14574.366666666669,14725.233333333334,0.0129145879892532,0.0111577569669571,,0,0.0
2022-01-24 00:00:00,14495.4,14512.366666666669,14631.233333333334,0.0129169134856158,0.0111577569669571,,0,0.0
2022-01-25 00:00:00,14207.0,14270.533333333333,14819.866666666663,0.0130904971099742,0.0111577569669571,,0,0.0
2022-01-26 00:00:00,14282.3,14205.566666666666,14505.633333333331,0.0130584896299982,0.0111577569669571,,0,0.0
2022-01-27 00:00:00,14109.8,14309.7,14627.399999999998,0.012973814021796,0.0111577569669571,,0,0.0
2022-01-28 00:00:00,14444.2,14131.5,14402.3,0.0137291034065436,0.0111577569669571,,0,0.0
2022-01-30 00:00:00,14411.1,14248.066666666666,14651.333333333332,0.0136567371610845,0.0111577569669571,,0,0.0
2022-01-31 00:00:00,14883.2,14417.5,14468.0,0.0157346171375546,0.0111577569669571,,0,0.0
2022-02-01 00:00:00,15134.2,14730.666666666666,15080.733333333332,0.0163021950393416,0.0111577569669571,,0,0.0
2022-02-02 00:00:00,14778.6,15008.933333333334,15275.266666666668,0.0169690982307562,0.0111577569669571,,0,0.0
2022-02-03 00:00:00,14771.0,14940.566666666666,15111.233333333332,0.0166092050363022,0.0111577569669571,,0,0.0
2022-02-04 00:00:00,14651.8,14707.733333333332,14945.866666666663,0.0165322224031206,0.0111577569669571,,0,0.0
2022-02-06 00:00:00,14719.2,14619.533333333333,14866.666666666666,0.0158766959245969,0.0111577569669571,,0,0.0
2022-02-07 00:00:00,14619.8,14696.0,14749.2,0.0157150918100831,0.0111577569669571,,0,0.0
2022-02-08 00:00:00,14785.8,14651.533333333336,14782.866666666669,0.0160504958599718,0.0111577569669571,,0,0.0
2022-02-09 00:00:00,15049.2,14686.0,14895.2,0.0166792901779692,0.0111577569669571,,0,0.0
2022-02-10 00:00:00,14667.0,14959.733333333332,15165.266666666665,0.0166901171472322,0.0111577569669571,,0,0.0
2022-02-11 00:00:00,14263.6,14784.8,14941.000000000002,0.0175208668881787,0.0111577569669571,,0,0.0
2022-02-13 00:00:00,14251.6,14408.0,14628.4,0.0171651861145501,0.0111577569669571,,0,0.0
2022-02-14 00:00:00,14302.0,14236.233333333332,14282.966666666664,0.0164690120446573,0.0111577569669571,,0,0.0
2022-02-15 00:00:00,14565.2,14245.366666666669,14455.233333333334,0.0168600144078802,0.0111577569669571,,0,0.0
2022-02-16 00:00:00,14573.8,14470.933333333334,14713.466666666667,0.0168199257869192,0.0111577569669571,,0,0.0
2022-02-17 00:00:00,14174.6,14542.4,14701.6,0.0173705563305008,0.0111577569669571,,0,0.0
2022-02-18 00:00:00,13994.9,14303.933333333332,14472.466666666664,0.0175476973583493,0.0111577569669571,,0,0.0
2022-02-20 00:00:00,13853.2,14067.233333333332,14227.066666666664,0.0174873790539236,0.0111577569669571,,0,0.0
2022-02-21 00:00:00,13680.3,13883.066666666666,13925.533333333333,0.0166751303728188,0.0111577569669571,,0,0.0
2022-02-22 00:00:00,13973.6,13806.966666666664,14031.533333333333,0.0175197399434576,0.0111577569669571,,0,0.0
2022-02-23 00:00:00,13498.8,13899.266666666665,14183.73333333333,0.0170207517185831,0.0111577569669571,,0,0.0
2022-02-24 00:00:00,13858.0,13674.799999999996,13893.399999999994,0.0177934688134096,0.0111577569669571,,0,0.0
2022-02-25 00:00:00,14184.3,13621.466666666667,14218.533333333336,0.0182187342307007,0.0111577569669571,,0,0.0
2022-02-27 00:00:00,13854.2,14046.033333333336,14332.866666666669,0.0188286534945757,0.0111577569669571,,0,0.0
2022-02-28 00:00:00,14255.7,13806.266666666668,13939.133333333337,0.0200872579358681,0.0111577569669571,,0,0.0
2022-03-01 00:00:00,14049.5,14099.833333333334,14446.066666666668,0.0202503486037871,0.0111577569669571,,0,0.0
2022-03-02 00:00:00,14200.6,14091.133333333331,14283.466666666667,0.0204177349369236,0.0111577569669571,,0,0.0
2022-03-03 00:00:00,14075.6,14132.4,14355.6,0.0202594211514988,0.0111577569669571,,0,0.0
2022-03-04 00:00:00,13796.5,14138.0,14324.4,0.0200434267357185,0.0111577569669571,,0,0.0
2022-03-06 00:00:00,13580.0,13869.633333333331,14009.066666666666,0.0196147655522192,0.0111577569669571,,0,0.0
2022-03-07 00:00:00,13265.6,13627.0,13694.8,0.0193587832975618,0.0111577569669571,,0,0.0
2022-03-08 00:00:00,13246.4,13463.7,13676.999999999998,0.0193549715833581,0.0111577569669571,,0,0.0
2022-03-09 00:00:00,13741.8,13336.1,13572.0,0.0213759569976854,0.0111577569669571,,0,0.0
2022-03-10 00:00:00,13590.7,13592.5,13966.6,0.0209210154352278,0.0111577569669571,,0,0.0
2022-03-11 00:00:00,13300.5,13580.233333333332,13769.266666666665,0.0212813265488916,0.0111577569669571,,0,0.0
2022-03-13 00:00:00,13364.6,13477.5,13678.0,0.0206551462613337,0.0111577569669571,,0,0.0
2022-03-14 00:00:00,13100.7,13363.366666666669,13397.233333333334,0.0208933112674538,0.0111577569669571,,0,0.0
2022-03-15 00:00:00,13450.2,13182.833333333334,13356.066666666668,0.0218402755520712,0.0111577569669571,,0,0.0
2022-03-16 00:00:00,13973.4,13289.533333333336,13642.06666666667,0.0234146869120599,0.0111577569669571,,0,0.0
2022-03-17 00:00:00,14018.4,13802.266666666668,14191.733333333335,0.0229403216861096,0.0111577569669571,,0,0.0
2022-03-18 00:00:00,14430.8,13986.466666666667,14158.933333333334,0.022310070424645,0.0111577569669571,,0,0.0
2022-03-20 00:00:00,14397.6,14276.6,14590.8,0.0216665924839551,0.0111577569669571,,0,0.0
2022-03-21 00:00:00,14334.8,14406.833333333334,14418.366666666669,0.0211063862489542,0.0111577569669571,,0,0.0
2022-03-22 00:00:00,14659.6,14324.066666666666,14470.733333333332,0.0208537084786337,0.0111577569669571,,0,0.0
2022-03-23 00:00:00,14467.4,14543.333333333334,14800.066666666668,0.0202114331319918,0.0111577569669571,,0,0.0
2022-03-24 00:00:00,14743.2,14525.733333333335,14616.86666666667,0.020257808237519,0.0111577569669571,,0,0.0
2022-03-25 00:00:00,14743.2,14646.266666666668,14865.533333333336,0.0201726778123527,0.0111577569669571,,0,0.0
2022-03-27 00:00:00,14714.3,14714.266666666668,14862.533333333336,0.0200361742563062,0.0111577569669571,,0,0.0
2022-03-28 00:00:00,14966.6,14732.7,14751.399999999998,0.0195767599877431,0.0112015897343341,,0,0.0
2022-03-29 00:00:00,15214.8,14869.4,15086.8,0.0191716391397812,0.0112384759047476,,0,0.0
2022-03-30 00:00:00,15105.6,15142.133333333331,15334.466666666664,0.0182072882433474,0.0112972644692699,,0,0.0
2022-03-31 00:00:00,14916.9,15123.866666666669,15236.333333333334,0.0186291111849331,0.0113350670345979,,0,0.0
2022-04-01 00:00:00,14857.2,14986.966666666667,15113.533333333336,0.017217149383714,0.0113667588591331,,0,0.0
2022-04-03 00:00:00,14823.4,14850.200000000004,14970.600000000006,0.0169240048453174,0.0114155872917914,,0,0.0
2022-04-04 00:00:00,15155.2,14834.4,14854.4,0.0162206844040478,0.0114855031107786,,0,0.0
2022-04-05 00:00:00,14838.0,15047.066666666666,15288.133333333331,0.0173575486343342,0.0115512943454773,,0,0.0
2022-04-06 00:00:00,14452.8,14941.0,15098.0,0.0178788714790741,0.0115783238318548,,0,0.0
2022-04-07 00:00:00,14568.8,14566.466666666664,14733.33333333333,0.0171648625657005,0.0116684181302301,,0,0.0
2022-04-08 00:00:00,14333.0,14509.633333333331,14696.766666666665,0.0156464024611825,0.0117682379582271,,0,0.0
2022-04-10 00:00:00,14318.0,14430.733333333332,14547.666666666664,0.0156491813514233,0.0117988506865939,,0,0.0
2022-04-11 00:00:00,13986.8,14336.4,14356.0,0.015057731084762,0.0118340115563385,,0,0.0
2022-04-12 00:00:00,13999.6,14094.266666666668,14210.533333333336,0.0150653779415762,0.0118578786372104,,0,0.0
2022-04-13 00:00:00,14219.2,14057.133333333331,14229.666666666666,0.0155108079482811,0.0118619316953749,,0,0.0
2022-04-14 00:00:00,13895.0,14137.8,14351.000000000002,0.0153002329416098,0.0118619316953749,,0,0.0
2022-04-17 00:00:00,13739.2,14024.766666666668,14169.433333333336,0.0152371186866413,0.0118619316953749,,0,0.0
2022-04-18 00:00:00,14019.8,13782.033333333336,13831.26666666667,0.0153409313461159,0.0118619316953749,,0,0.0
2022-04-19 00:00:00,14082.4,13925.733333333332,14115.666666666664,0.0154100382161523,0.0118619316953749,,0,0.0
2022-04-20 00:00:00,14089.2,14052.7,14273.999999999998,0.0154215275576517,0.0118619316953749,,0,0.0
2022-04-21 00:00:00,13687.0,14117.8,14272.000000000002,0.0158069901739745,0.0118619316953749,,0,0.0
2022-04-22 00:00:00,13319.4,13882.4,14092.0,0.015765171850853,0.0118619316953749,,0,0.0
2022-04-24 00:00:00,13332.9,13468.866666666669,13634.933333333334,0.015853117663778,0.0118619316953749,,0,0.0
2022-04-25 00:00:00,13529.4,13330.833333333334,13367.066666666668,0.0164341043544261,0.0118619316953749,,0,0.0
2022-04-26 00:00:00,13002.0,13424.466666666667,13659.533333333336,0.0181256452047547,0.0118619316953749,,0,0.0
2022-04-27 00:00:00,13178.8,13132.5,13458.2,0.0186595427607477,0.0118619316953749,,0,0.0
2022-04-28 00:00:00,13253.2,13124.933333333334,13314.06666666667,0.0176836976852666,0.0118619316953749,,0,0.0
2022-04-29 00:00:00,12896.2,13279.466666666667,13520.733333333334,0.0179894537183029,0.0118619316953749,,0,0.0
2022-05-01 00:00:00,12887.1,13057.266666666668,13276.933333333336,0.0174546056955691,0.0118619316953749,,0,0.0
2022-05-02 00:00:00,13061.8,12876.3,12940.600000000002,0.0177230680551296,0.0118619316953749,,0,0.0
2022-05-03 00:00:00,13124.2,12955.6,13196.0,0.0176648296651271,0.0118619316953749,,0,0.0
2022-05-04 00:00:00,12948.2,13095.4,13217.2,0.017763038111617,0.0118619316953749,,0,0.0
2022-05-05 00:00:00,12883.8,13024.200000000004,13160.000000000004,0.0172364456005677,0.0118619316953749,,0,0.0
2022-05-06 00:00:00,12666.2,13047.933333333334,13387.06666666667,0.0174303025041441,0.0118619316953749,,0,0.0
2022-05-08 00:00:00,12944.2,12704.6,12890.0,0.0178692571926154,0.0118619316953749,,0,0.0
2022-05-09 00:00:00,12234.8,12944.200000000004,12944.200000000004,0.0207861188021389,0.0118619316953749,,0,0.0
2022-05-10 00:00:00,12338.2,12330.799999999996,12526.999999999996,0.0209972172550474,0.0118619316953749,,0,0.0
2022-05-11 00:00:00,12006.3,12328.866666666669,12555.533333333336,0.0206268165051625,0.0118619316953749,,0,0.0
2022-05-12 00:00:00,12020.2,12165.433333333334,12393.06666666667,0.0205387714505965,0.0118619316953749,,0,0.0
2022-05-13 00:00:00,12359.6,11945.533333333336,12204.26666666667,0.0220046512350128,0.0118619316953749,,0,0.0
2022-05-15 00:00:00,12464.4,12264.133333333331,12524.066666666666,0.0215875561429018,0.0118619316953749,,0,0.0
2022-05-16 00:00:00,12262.8,12447.8,12510.800000000005,0.0211310758234684,0.0118619316953749,,0,0.0
2022-05-17 00:00:00,12555.0,12305.333333333334,12424.466666666667,0.0220083821478488,0.0118619316953749,,0,0.0
2022-05-18 00:00:00,11821.2,12463.266666666668,12678.133333333337,0.0248457049901127,0.0118619316953749,,0,0.0
2022-05-19 00:00:00,11928.5,12067.866666666669,12319.333333333338,0.023834933898245,0.0118619316953749,,0,0.0
2022-05-20 00:00:00,11836.0,11899.433333333334,12100.06666666667,0.023479611060128,0.0118619316953749,,0,0.0
2022-05-22 00:00:00,11972.2,11805.8,12121.000000000002,0.0236566176690046,0.0118619316953749,,0,0.0
2022-05-23 00:00:00,11888.2,11940.3,12018.500000000002,0.023088001035222,0.0118619316953749,,0,0.0
2022-05-24 00:00:00,11854.8,11915.333333333334,12048.066666666668,0.0230779373311508,0.0118619316953749,,0,0.0
2022-05-25 00:00:00,11891.6,11776.4,11976.0,0.0227780394265529,0.0118619316953749,,0,0.0
2022-05-26 00:00:00,12288.4,11865.666666666666,12059.733333333332,0.0242368033455783,0.0118619316953749,,0,0.0
2022-05-27 00:00:00,12716.0,12159.466666666667,12471.133333333337,0.0255107632274417,0.0118619316953749,,0,0.0
2022-05-29 00:00:00,12736.0,12551.933333333334,12882.666666666668,0.0254935596094586,0.0118619316953749,,0,0.0
2022-05-30 00:00:00,12813.8,12721.066666666666,12770.533333333333,0.0252213820046848,0.0118619316953749,,0,0.0
2022-05-31 00:00:00,12701.6,12804.566666666666,12890.133333333331,0.0248028988585398,0.0118619316953749,,0,0.0
2022-06-01 00:00:00,12507.6,12667.0,12855.2,0.021632581791175,0.0118619316953749,,0,0.0
2022-06-02 00:00:00,12920.0,12594.333333333334,12733.866666666669,0.0227248394914933,0.0118619316953749,,0,0.0
2022-06-03 00:00:00,12547.0,12768.0,13095.2,0.0228630588877991,0.0118619316953749,,0,0.0
2022-06-05 00:00:00,12548.1,12657.733333333332,12813.866666666663,0.0228675069271912,0.0118619316953749,,0,0.0
2022-06-06 00:00:00,12601.4,12553.433333333332,12581.466666666664,0.0220558817963175,0.0118619316953749,,0,0.0
2022-06-07 00:00:00,12669.0,12646.4,12763.200000000004,0.0220127501333471,0.0118619316953749,,0,0.0
2022-06-08 00:00:00,12622.8,12605.866666666669,12801.133333333331,0.0216725496987829,0.0118805266796574,,0,0.0
2022-06-09 00:00:00,12287.0,12661.066666666666,12743.733333333332,0.0218918315100645,0.0118805266796574,,0,0.0
2022-06-10 00:00:00,11862.2,12421.8,12589.4,0.0190526651284788,0.0118805266796574,,0,0.0
2022-06-12 00:00:00,11665.6,12007.0,12192.4,0.0192957380941289,0.0118805266796574,,0,0.0
2022-06-13 00:00:00,11338.8,11678.933333333332,11710.066666666666,0.0201838054515083,0.0118805266796574,,0,0.0
2022-06-14 00:00:00,11398.2,11420.133333333331,11585.866666666663,0.02001176534872,0.0118805266796574,,0,0.0
2022-06-15 00:00:00,11692.2,11368.0,11533.2,0.0209256124699856,0.0118805266796574,,0,0.0
2022-06-16 00:00:00,11162.2,11592.8,11860.000000000002,0.0231961946665703,0.0118805266796574,,0,0.0
2022-06-17 00:00:00,11277.6,11313.266666666668,11588.333333333336,0.0233481808918316,0.0118805266796574,,0,0.0
2022-06-19 00:00:00,11398.6,11243.6,11398.6,0.0220353464034428,0.0118805266796574,,0,0.0
2022-06-20 00:00:00,11392.8,11368.6,11437.0,0.02013658326426,0.0118805266796574,,0,0.0
2022-06-21 00:00:00,11543.8,11349.4,11454.4,0.0205118626125159,0.0118805266796574,,0,0.0
2022-06-22 00:00:00,11453.6,11523.0,11667.0,0.0203614065747714,0.0118805266796574,,0,0.0
2022-06-23 00:00:00,11664.6,11485.333333333334,11681.866666666669,0.0210216371493349,0.0118805266796574,,0,0.0
2022-06-24 00:00:00,12099.4,11616.733333333332,11782.866666666663,0.0227558359815158,0.0118805266796574,,0,0.0
2022-06-26 00:00:00,12062.0,11956.4,12259.200000000004,0.0212681884709443,0.0118805266796574,,0,0.0
2022-06-27 00:00:00,12035.2,12084.666666666666,12109.333333333332,0.0203929932592563,0.0118805266796574,,0,0.0
2022-06-28 00:00:00,11658.0,12076.0,12189.2,0.0214184463393398,0.0118805266796574,,0,0.0
2022-06-29 00:00:00,11648.2,11811.2,11988.6,0.0213522838351468,0.0118805266796574,,0,0.0
2022-06-30 00:00:00,11514.3,11634.133333333331,11733.066666666666,0.0213080563324348,0.0118805266796574,,0,0.0
2022-07-01 00:00:00,11589.4,11498.033333333333,11674.266666666666,0.0214515894618481,0.0118805266796574,,0,0.0
2022-07-03 00:00:00,11544.4,11514.133333333331,11675.866666666669,0.0207851893541146,0.0118805266796574,,0,0.0
2022-07-04 00:00:00,11665.6,11554.733333333332,11575.466666666664,0.0195794285424498,0.0118805266796574,,0,0.0
2022-07-05 00:00:00,11757.6,11619.366666666669,11764.633333333331,0.0192944208167602,0.0118805266796574,,0,0.0
2022-07-06 00:00:00,11871.6,11642.466666666667,11925.733333333334,0.0181634108172524,0.0118805266796574,,0,0.0
2022-07-07 00:00:00,12077.8,11840.533333333333,11978.666666666666,0.0184612986492677,0.0118805266796574,,0,0.0
2022-07-08 00:00:00,12134.5,12010.133333333331,12209.266666666665,0.0176803445854295,0.0118805266796574,,0,0.0
2022-07-10 00:00:00,12090.5,12081.7,12236.999999999998,0.0138473842766926,0.0118805266796574,,0,0.0
2022-07-11 00:00:00,11877.8,12091.166666666666,12115.533333333333,0.0145737758450001,0.0118805266796574,,0,0.0
2022-07-12 00:00:00,11748.2,11934.0,12041.2,0.0147483067299263,0.0118805266796574,,0,0.0
2022-07-13 00:00:00,11650.8,11811.6,11935.2,0.0149090509002856,0.0118805266796574,,0,0.0
2022-07-14 00:00:00,11838.8,11683.200000000004,11911.200000000004,0.0150447505693981,0.0119045333702398,,0,0.0
2022-07-15 00:00:00,11994.4,11722.333333333334,11957.866666666669,0.0151011811894922,0.0119658783153371,,0,0.0
2022-07-17 00:00:00,12034.8,11902.333333333334,12088.266666666668,0.0146292649308057,0.012050086285527,,0,0.0
2022-07-18 00:00:00,11915.4,12030.700000000004,12045.800000000005,0.0121851020926814,0.012076404564885,,0,0.0
2022-07-19 00:00:00,12288.4,11970.2,12106.6,0.0141050613550268,0.0120915017129697,,0,0.0
2022-07-20 00:00:00,12411.0,12154.066666666668,12443.533333333336,0.0142205594296882,0.0121328717523732,,0,0.0
2022-07-21 00:00:00,12522.8,12371.633333333331,12531.966666666667,0.0119820085361879,0.0121328717523732,,0,0.0
2022-07-22 00:00:00,12401.4,12500.6,12652.2,0.0123156432879953,0.0121665889026654,,0,0.0
2022-07-24 00:00:00,12378.2,12464.6,12610.2,0.0118915528475537,0.0121665889026654,,0,0.0
2022-07-25 00:00:00,12273.2,12388.666666666666,12401.333333333332,0.0121734984760942,0.0121728165258578,,0,0.0
2022-07-26 00:00:00,12255.0,12329.533333333336,12417.06666666667,0.0121143839556545,0.0121728165258578,,0,0.0
2022-07-27 00:00:00,12551.2,12203.666666666666,12359.733333333332,0.0129153878746264,0.0121793002843878,,0,0.0
2022-07-28 00:00:00,12871.6,12482.866666666669,12733.133333333337,0.0137862152221933,0.0122008542651315,,0,0.0
2022-07-29 00:00:00,12954.8,12741.133333333331,13058.066666666666,0.0137425334852955,0.0122384363913551,,0,0.0
2022-07-31 00:00:00,12898.6,12888.4,13053.6,0.0135251848005989,0.0122621726090922,,0,0.0
2022-08-01 00:00:00,12929.8,12917.166666666666,12943.133333333331,0.0135231080262489,0.0122898610805256,,0,0.0
2022-08-02 00:00:00,12882.0,12948.933333333334,13067.266666666668,0.0135250177416753,0.0123479187072466,,0,0.0
2022-08-03 00:00:00,13212.8,12917.6,13040.0,0.0134743876209105,0.012391162186166,,0,0.0
2022-08-04 00:00:00,13309.2,13116.200000000004,13386.200000000004,0.0129160594719791,0.0124168872311039,,0,0.0
2022-08-05 00:00:00,13192.4,13268.6,13374.2,0.0129454033589189,0.0124339247813641,,0,0.0
2022-08-07 00:00:00,13153.6,13204.6,13347.8,0.0128860836124032,0.0124469749629521,,0,0.0
2022-08-08 00:00:00,13196.2,13174.3,13205.000000000002,0.0127608375687895,0.0124579905606702,,0,0.0
2022-08-09 00:00:00,13034.2,13229.266666666668,13361.933333333336,0.0133243008427925,0.0124639675660627,,0,0.0
2022-08-10 00:00:00,13379.4,13060.333333333334,13175.066666666668,0.0137894661017905,0.012482195447191,,0,0.0
2022-08-11 00:00:00,13314.8,13244.4,13524.4,0.01260184220234,0.0125163511894897,,0,0.0
2022-08-12 00:00:00,13559.2,13378.6,13491.2,0.0129423784797903,0.0125438777211885,,0,0.0
2022-08-14 00:00:00,13519.2,13470.866666666669,13649.933333333338,0.0129998621048681,0.0125606529587934,,0,0.0
2022-08-15 00:00:00,13663.4,13529.8,13541.4,0.0126710997833036,0.012579602264544,,0,0.0
2022-08-16 00:00:00,13630.0,13608.8,13742.600000000002,0.0126879515778849,0.012594743090643,,0,0.0
2022-08-17 00:00:00,13432.0,13619.266666666668,13733.333333333336,0.0130892203796817,0.0126309724046449,,0,0.0
2022-08-18 00:00:00,13507.2,13488.866666666669,13592.933333333334,0.0130115061965832,0.0126631281839192,,0,0.0
2022-08-19 00:00:00,13231.6,13483.6,13578.8,0.0133600085552534,0.0126686267720962,,0,0.0
2022-08-21 00:00:00,13167.2,13317.8,13426.4,0.0123180368560696,0.0126686267720962,,0,0.0
2022-08-22 00:00:00,12935.2,13172.466666666667,13187.733333333334,0.0129386805922006,0.0126795256805943,,0,0.0
2022-08-23 00:00:00,12875.0,12997.6,13139.6,0.0129444493640873,0.0127243945733372,,0,0.0
2022-08-24 00:00:00,12918.2,12892.333333333334,12980.866666666669,0.0129553957211246,0.0128234605905963,,0,0.0
2022-08-25 00:00:00,13131.8,12905.6,13005.4,0.0134298868132541,0.0129003358008282,,0,0.0
2022-08-26 00:00:00,12547.4,13063.0,13216.6,0.0156415305432228,0.0129149879319398,,0,0.0
2022-08-28 00:00:00,12405.2,12765.866666666669,12987.133333333331,0.0155843694956992,0.0129157236733027,,0,0.0
2022-08-29 00:00:00,12518.2,12450.200000000004,12502.000000000004,0.0157713348930115,0.0129164864787974,,0,0.0
2022-08-30 00:00:00,12351.0,12500.733333333332,12612.866666666663,0.0159575196139088,0.0129277970389082,,0,0.0
2022-08-31 00:00:00,12165.8,12409.4,12585.2,0.0161012749560206,0.0129405295359955,,0,0.0
2022-09-01 00:00:00,12287.4,12267.933333333334,12394.866666666669,0.0162631979022172,0.0129434139219388,,0,0.0
2022-09-02 00:00:00,12119.2,12200.2,12393.399999999998,0.0148751215480384,0.0129449263615031,,0,0.0
2022-09-04 00:00:00,12111.8,12199.333333333334,12369.666666666668,0.0149049806487161,0.0129503995400218,,0,0.0
2022-09-05 00:00:00,12136.8,12090.733333333332,12138.066666666664,0.0140012123073002,0.0129555158795818,,0,0.0
2022-09-06 00:00:00,11998.2,12116.933333333334,12190.466666666667,0.0140502131724084,0.0129555158795818,,0,0.0
2022-09-07 00:00:00,12249.6,12049.733333333332,12180.866666666663,0.0148522401610219,0.0129555158795818,,0,0.0
2022-09-08 00:00:00,12345.0,12154.0,12393.2,0.0151308837066171,0.0129555158795818,,0,0.0
2022-09-09 00:00:00,12584.0,12274.933333333334,12440.666666666668,0.0158671702545361,0.0129555158795818,,0,0.0
2022-09-11 00:00:00,12625.8,12510.533333333333,12681.066666666666,0.0158092755889424,0.0129555158795818,,0,0.0
2022-09-12 00:00:00,12756.4,12640.0,12658.4,0.0155460294203126,0.0129555158795818,,0,0.0
2022-09-13 00:00:00,12050.6,12697.4,12827.200000000004,0.0196408703744426,0.0129555158795818,,0,0.0
2022-09-14 00:00:00,12163.4,12308.4,12619.4,0.0195996289441555,0.0129555158795818,,0,0.0
2022-09-15 00:00:00,11830.2,12113.4,12232.0,0.0203527397529699,0.0129555158795818,,0,0.0
2022-09-16 00:00:00,11877.3,11937.333333333334,12067.666666666668,0.0203651600515148,0.0129555158795818,,0,0.0
2022-09-18 00:00:00,11852.2,11816.7,11939.999999999998,0.0197948557561945,0.0129555158795818,,0,0.0
2022-09-19 00:00:00,11999.4,11840.533333333336,11877.466666666667,0.0177958150190498,0.0129555158795818,,0,0.0
2022-09-20 00:00:00,11847.6,11904.533333333333,12094.866666666663,0.017834281201799,0.0129555158795818,,0,0.0
2022-09-21 00:00:00,11539.6,11870.733333333332,11991.066666666664,0.0183875571654626,0.0129555158795818,,0,0.0
2022-09-22 00:00:00,11514.0,11713.066666666666,11891.93333333333,0.0182542047293533,0.0129555158795818,,0,0.0
2022-09-23 00:00:00,11314.6,11558.0,11678.8,0.0183394602932717,0.0129555158795818,,0,0.0
2022-09-25 00:00:00,11272.4,11332.666666666666,11508.933333333332,0.0180642967164814,0.0129555158795818,,0,0.0
2022-09-26 00:00:00,11275.8,11276.933333333334,11316.866666666669,0.0179457163417966,0.0129555158795818,,0,0.0
2022-09-27 00:00:00,11282.2,11308.066666666666,11432.333333333332,0.0179574379220565,0.0129555158795818,,0,0.0
2022-09-28 00:00:00,11471.2,11312.4,11464.0,0.0184846378222516,0.0129555158795818,,0,0.0
2022-09-29 00:00:00,11204.4,11366.533333333336,11656.06666666667,0.0189635579210085,0.0129647250299175,,0,0.0
2022-09-30 00:00:00,10998.8,11245.866666666669,11460.933333333334,0.0183507493353392,0.012986838063332,,0,0.0
2022-10-02 00:00:00,10883.8,11086.733333333332,11207.666666666664,0.0181227506447896,0.0130051445926882,,0,0.0
2022-10-03 00:00:00,11287.2,10915.2,10959.2,0.0197886617618292,0.0130109666385458,,0,0.0
2022-10-04 00:00:00,11561.0,11140.8,11450.4,0.0207933600920561,0.0130349979132907,,0,0.0
2022-10-05 00:00:00,11638.8,11485.4,11692.8,0.0206757852700818,0.0130654329954918,,0,0.0
2022-10-06 00:00:00,11440.8,11532.6,11756.4,0.0171859462334794,0.0130807983703336,,0,0.0
2022-10-07 00:00:00,11038.6,11509.799999999996,11599.999999999996,0.018414153843106,0.013089858744828,,0,0.0
2022-10-09 00:00:00,10977.8,11176.566666666666,11367.93333333333,0.0176267107500102,0.013089858744828,,0,0.0
2022-10-10 00:00:00,10955.6,10972.200000000004,11015.800000000005,0.0175419992175631,0.013089858744828,,0,0.0
2022-10-11 00:00:00,10806.4,10950.266666666668,11081.333333333336,0.0176690383144334,0.013089858744828,,0,0.0
2022-10-12 00:00:00,10811.2,10832.6,10955.0,0.0172652076105896,0.013089858744828,,0,0.0
2022-10-13 00:00:00,11007.4,10825.6,10903.4,0.0179137512505982,0.013089858744828,,0,0.0
2022-10-14 00:00:00,10688.6,10839.666666666666,11252.333333333332,0.0181206753991977,0.013089858744828,,0,0.0
2022-10-16 00:00:00,10733.6,10850.866666666669,11032.933333333334,0.0182045467209798,0.013089858744828,,0,0.0
2022-10-17 00:00:00,11158.6,10717.333333333334,10759.866666666669,0.0202399502553115,0.013089858744828,,0,0.0
2022-10-18 00:00:00,11290.8,11009.266666666668,11314.333333333336,0.0204081419946861,0.013089858744828,,0,0.0
2022-10-19 00:00:00,11043.8,11232.6,11436.4,0.0210007557705498,0.013089858744828,,0,0.0
2022-10-20 00:00:00,10975.0,11124.566666666666,11243.633333333331,0.0210319246421694,0.013089858744828,,0,0.0
2022-10-21 00:00:00,11333.2,11069.733333333332,11188.666666666664,0.0220210966346739,0.013089858744828,,0,0.0
2022-10-23 00:00:00,11406.6,11189.0,11485.2,0.0213895936795145,0.013089858744828,,0,0.0
2022-10-24 00:00:00,11430.0,11416.8,11475.4,0.020893367946669,0.013089858744828,,0,0.0
2022-10-25 00:00:00,11423.6,11354.666666666666,11545.933333333332,0.0206958445264572,0.013089858744828,,0,0.0
2022-10-26 00:00:00,11453.2,11498.733333333332,11611.666666666664,0.0190465111011157,0.013089858744828,,0,0.0
2022-10-27 00:00:00,11087.8,11493.733333333332,11617.266666666665,0.0195551569079999,0.013089858744828,,0,0.0
2022-10-28 00:00:00,11578.2,11153.5,11426.1,0.022063548164825,0.013089858744828,,0,0.0
2022-10-30 00:00:00,11509.8,11390.666666666666,11765.933333333332,0.0217512408427786,0.013089858744828,,0,0.0
2022-10-31 00:00:00,11427.0,11516.733333333332,11534.666666666664,0.0201790470161494,0.013089858744828,,0,0.0
2022-11-01 00:00:00,11294.3,11426.866666666669,11532.933333333334,0.0203428693529682,0.013089858744828,,0,0.0
2022-11-02 00:00:00,10881.8,11374.1,11497.0,0.0220581944689198,0.013089858744828,,0,0.0
2022-11-03 00:00:00,10672.8,11055.533333333336,11247.466666666667,0.0222726726165572,0.013089858744828,,0,0.0
2022-11-04 00:00:00,10841.4,10762.2,10868.6,0.0225654899873224,0.013089858744828,,0,0.0
2022-11-06 00:00:00,10766.2,10792.4,10984.8,0.0222204473431251,0.013089858744828,,0,0.0
2022-11-07 00:00:00,10993.6,10767.6,10785.6,0.0217045144055839,0.013089858744828,,0,0.0
2022-11-08 00:00:00,11093.2,10918.933333333334,11082.666666666668,0.0217618673519296,0.013089858744828,,0,0.0
2022-11-09 00:00:00,10812.4,11064.133333333331,11229.666666666666,0.0206517815293385,0.013089858744828,,0,0.0
2022-11-10 00:00:00,11642.8,10911.4,11032.8,0.0269783237549443,0.0131197952170582,,0,0.0
2022-11-11 00:00:00,11803.4,11355.1,11939.7,0.0265003299181988,0.0131781576892945,,0,0.0
2022-11-13 00:00:00,11777.2,11728.266666666668,11919.133333333337,0.0264366701293155,0.0132090994920092,,0,0.0
2022-11-14 00:00:00,11733.4,11765.533333333336,11796.66666666667,0.0255900670279007,0.013257005065635,,0,0.0
2022-11-15 00:00:00,11866.0,11755.533333333333,11842.666666666666,0.025656729134919,0.013313024411449,,0,0.0
2022-11-16 00:00:00,11747.0,11893.0,12057.8,0.0258042250131361,0.0133236582319961,,0,0.0
2022-11-17 00:00:00,11687.2,11783.333333333334,11892.666666666668,0.0258447666829069,0.0133421546990229,,0,0.0
2022-11-18 00:00:00,11678.4,11659.333333333334,11822.666666666668,0.0258478262573311,0.0133826031168815,,0,0.0
2022-11-20 00:00:00,11675.8,11687.6,11801.0,0.024649865609726,0.0134175422458818,,0,0.0
2022-11-21 00:00:00,11560.4,11689.0,11709.2,0.0227691787589923,0.0134521372170823,,0,0.0
2022-11-22 00:00:00,11710.8,11587.333333333334,11654.066666666668,0.0228962919939575,0.0134875758098249,,0,0.0
2022-11-23 00:00:00,11854.2,11643.533333333333,11793.266666666666,0.0229378354110667,0.0135060879432645,,0,0.0
2022-11-24 00:00:00,11883.8,11799.799999999996,11913.199999999995,0.0227103473769026,0.0135150704487432,,0,0.0
2022-11-25 00:00:00,11754.0,11874.466666666664,11908.133333333331,0.0210380319366458,0.0135209185179727,,0,0.0
2022-11-27 00:00:00,11697.8,11790.6,11848.8,0.0204368460188699,0.0135240628839621,,0,0.0
2022-11-28 00:00:00,11591.6,11701.666666666666,11713.533333333333,0.0204884569812985,0.0135251012711371,,0,0.0
2022-11-29 00:00:00,11475.2,11633.0,11717.8,0.0205836073432197,0.0135909609808417,,0,0.0
2022-11-30 00:00:00,12043.0,11530.066666666666,11621.93333333333,0.0227339370729981,0.0136929202838141,,0,0.0
2022-12-01 00:00:00,12009.2,11856.266666666668,12242.733333333335,0.0227719110559461,0.0137348907800384,,0,0.0
2022-12-02 00:00:00,11962.3,12011.200000000004,12108.000000000004,0.0217930978059128,0.0137416058194144,,0,0.0
2022-12-04 00:00:00,11985.4,11903.233333333332,12096.266666666665,0.0138414597660334,0.0137643743537444,,0,0.0
2022-12-05 00:00:00,11807.0,11981.7,11998.999999999998,0.0139899216809997,0.0137878406619919,,0,0.0
2022-12-06 00:00:00,11568.2,11843.866666666669,11955.333333333334,0.0147083837294733,0.0138154629339119,,0,0.0
2022-12-07 00:00:00,11502.0,11631.066666666666,11769.733333333332,0.0147361513882203,0.013844422021363,,0,0.0
2022-12-08 00:00:00,11629.4,11500.4,11587.4,0.0147264451322049,0.0138888230817723,,0,0.0
2022-12-09 00:00:00,11546.0,11577.2,11728.799999999996,0.0146469274035799,0.0139600917839258,,0,0.0
2022-12-11 00:00:00,11529.4,11596.233333333332,11683.566666666664,0.0146128511690025,0.01399556699415,,0,0.0
2022-12-12 00:00:00,11703.4,11538.666666666666,11556.133333333331,0.0150266301378503,0.0140257127398543,,0,0.0
2022-12-13 00:00:00,11832.4,11642.933333333334,11769.666666666668,0.0152186488233616,0.0140776372637176,,0,0.0
2022-12-14 00:00:00,11762.0,11911.666666666666,12149.933333333332,0.0150985918234198,0.0141070814994247,,0,0.0
2022-12-15 00:00:00,11345.8,11773.233333333332,11937.666666666664,0.0168447131574992,0.0141217679045523,,0,0.0
2022-12-16 00:00:00,11211.4,11469.866666666669,11652.333333333334,0.0166744633693242,0.0141639473732558,,0,0.0
2022-12-18 00:00:00,11242.4,11252.266666666668,11336.933333333336,0.0166789275616469,0.0141943374125583,,0,0.0
2022-12-19 00:00:00,11104.2,11238.1,11259.9,0.0167175137385227,0.0142001880869013,,0,0.0
2022-12-20 00:00:00,11113.0,11142.266666666668,11262.733333333335,0.0167275886782303,0.0142128606798017,,0,0.0
2022-12-21 00:00:00,11255.6,11061.133333333331,11188.666666666666,0.0169847004224183,0.0142208225676885,,0,0.0
2022-12-22 00:00:00,10954.6,11205.533333333333,11339.666666666666,0.0178250768246868,0.0142290823827742,,0,0.0
2022-12-23 00:00:00,10974.2,11006.133333333331,11235.666666666666,0.0131213063260551,0.0142290823827742,,0,0.0
2022-12-26 00:00:00,11062.6,10948.533333333336,11074.26666666667,0.013418828511526,0.0142290823827742,,0,0.0
2022-12-27 00:00:00,10819.0,11052.0,11079.4,0.014009710409801,0.0142290823827742,,0,0.0
2022-12-28 00:00:00,10710.6,10903.533333333333,11004.866666666663,0.0139570523591872,0.0142290823827742,,0,0.0
2022-12-29 00:00:00,10939.8,10762.4,10850.0,0.0149944742443598,0.0143547070230663,,0,0.0
2022-12-30 00:00:00,10960.4,10874.6,11054.2,0.0145194455184729,0.0144958902523729,,0,0.0
2023-01-02 00:00:00,10971.6,10901.533333333333,11030.066666666666,0.0145212799011175,0.0145203627097952,,0,0.0
2023-01-03 00:00:00,10870.6,10991.8,11026.800000000005,0.0142467533817925,0.0145203627097952,,0,0.0
2023-01-04 00:00:00,10917.2,10913.266666666665,11057.73333333333,0.0143118811006683,0.0145203627097952,,0,0.0
2023-01-05 00:00:00,10763.8,10896.933333333332,11008.866666666663,0.0145296828213678,0.0145254813612426,,0,0.0
2023-01-06 00:00:00,11032.2,10820.4,10910.4,0.0153311181436446,0.0145517293331839,,0,0.0
2023-01-08 00:00:00,11067.8,10932.799999999996,11189.199999999995,0.0150568700613167,0.0145933135070013,,0,0.0
2023-01-09 00:00:00,11097.2,11068.866666666669,11083.733333333334,0.0150978588259218,0.0146210580499041,,0,0.0
2023-01-10 00:00:00,11213.6,11151.133333333331,11256.266666666666,0.0132589115068219,0.0146210580499041,,0,0.0
2023-01-11 00:00:00,11404.2,11150.133333333331,11281.066666666666,0.0135260641007071,0.0146210580499041,,0,0.0
2023-01-12 00:00:00,11453.4,11327.200000000004,11485.200000000004,0.0135414926955487,0.0146210580499041,,0,0.0
2023-01-13 00:00:00,11530.8,11394.6,11566.6,0.0132222203966664,0.0146210580499041,,0,0.0
2023-01-15 00:00:00,11516.0,11465.866666666669,11613.133333333337,0.0132400869532993,0.0146210580499041,,0,0.0
2023-01-16 00:00:00,11514.6,11525.466666666667,11539.133333333337,0.0129899006126712,0.0146210580499041,,0,0.0
2023-01-17 00:00:00,11523.2,11507.0,11574.6,0.0112077335525299,0.0146210580499041,,0,0.0
2023-01-18 00:00:00,11408.4,11532.200000000004,11604.800000000005,0.0115547661873763,0.0146210580499041,,0,0.0
2023-01-19 00:00:00,11313.2,11497.866666666669,11598.333333333334,0.011684027407569,0.0146210580499041,,0,0.0
2023-01-20 00:00:00,11606.4,11322.200000000004,11406.600000000006,0.0115896083490549,0.0146210580499041,,0,0.0
2023-01-22 00:00:00,11587.2,11505.533333333333,11716.466666666664,0.01121789008748,0.0146210580499041,,0,0.0
2023-01-23 00:00:00,11847.2,11593.733333333332,11607.666666666664,0.0113047910363209,0.0146210580499041,,0,0.0
2023-01-24 00:00:00,11768.8,11779.666666666666,11979.133333333331,0.0115478338590709,0.0146210580499041,,0,0.0
2023-01-25 00:00:00,11848.0,11819.333333333334,11888.066666666668,0.0115505839018588,0.0146210580499041,,0,0.0
2023-01-26 00:00:00,11987.6,11746.666666666666,11959.533333333333,0.0112454036970516,0.0146210580499041,,0,0.0
2023-01-27 00:00:00,12169.2,11956.333333333334,12091.866666666669,0.0114711065631578,0.0146210580499041,,0,0.0
2023-01-29 00:00:00,12152.2,12129.466666666664,12294.533333333333,0.0106556583113173,0.0146210580499041,,0,0.0
2023-01-30 00:00:00,11949.8,12162.933333333334,12187.666666666668,0.0108507126466196,0.0146210580499041,,0,0.0
2023-01-31 00:00:00,12049.6,12009.333333333334,12110.866666666669,0.0108904793603127,0.0146210580499041,,0,0.0
2023-02-01 00:00:00,12491.6,11990.2,12162.399999999998,0.0130594569060982,0.0146210580499041,,0,0.0
2023-02-02 00:00:00,12609.8,12333.466666666667,12663.933333333334,0.013042954291064,0.0146210580499041,,0,0.0
2023-02-03 00:00:00,12565.6,12650.633333333331,12853.466666666664,0.0129354569446532,0.0146210580499041,,0,0.0
2023-02-05 00:00:00,12539.0,12630.333333333334,12762.866666666669,0.0130313954200788,0.0146210580499041,,0,0.0
2023-02-06 00:00:00,12484.0,12530.566666666666,12561.733333333332,0.0131725696409586,0.0146210580499041,,0,0.0
2023-02-07 00:00:00,12698.0,12482.266666666668,12558.333333333336,0.0134211118206496,0.0146210580499041,,0,0.0
2023-02-08 00:00:00,12518.8,12624.266666666668,12840.533333333336,0.0140509645488028,0.0146210580499041,,0,0.0
2023-02-09 00:00:00,12392.6,12581.133333333331,12693.866666666663,0.0143986545580617,0.0146210580499041,,0,0.0
2023-02-10 00:00:00,12299.2,12468.533333333333,12610.266666666666,0.0142869299340261,0.0146210580499041,,0,0.0
2023-02-12 00:00:00,12264.4,12301.333333333334,12401.466666666667,0.0140907915858301,0.0146210580499041,,0,0.0
2023-02-13 00:00:00,12495.2,12276.733333333332,12301.666666666664,0.0135940276632607,0.0146210580499041,,0,0.0
2023-02-14 00:00:00,12559.4,12414.133333333331,12605.066666666666,0.01353575566199,0.0146210580499041,,0,0.0
2023-02-15 00:00:00,12698.4,12516.033333333333,12684.866666666663,0.0129521645204841,0.0146210580499041,,0,0.0
2023-02-16 00:00:00,12387.8,12627.666666666666,12778.933333333332,0.014240074464452,0.0146210580499041,,0,0.0
2023-02-17 00:00:00,12349.6,12504.533333333336,12627.466666666667,0.0142615961745979,0.0146210580499041,,0,0.0
2023-02-19 00:00:00,12325.6,12329.266666666665,12429.73333333333,0.0141041390101138,0.0146210580499041,,0,0.0
2023-02-20 00:00:00,12344.6,12329.266666666668,12345.933333333336,0.0137336568660959,0.0146210580499041,,0,0.0
2023-02-21 00:00:00,12080.2,12346.866666666669,12380.933333333334,0.0146046638371596,0.0146210580499041,,0,0.0
2023-02-22 00:00:00,12139.4,12161.133333333331,12264.266666666666,0.0141132054220564,0.0146210580499041,,0,0.0
2023-02-23 00:00:00,12145.6,12100.933333333334,12201.666666666668,0.0140032522885393,0.0146210580499041,,0,0.0
2023-02-24 00:00:00,11972.4,12126.466666666667,12251.333333333334,0.0114791704144387,0.0146210580499041,,0,0.0
2023-02-26 00:00:00,11989.4,12018.0,12140.8,0.0111916448047207,0.0146210580499041,,0,0.0
2023-02-27 00:00:00,12065.4,11982.933333333334,12003.666666666668,0.0113584733056123,0.0146210580499041,,0,0.0
2023-02-28 00:00:00,11993.4,12067.466666666667,12158.933333333334,0.0113937180004563,0.0146210580499041,,0,0.0
2023-03-01 00:00:00,11940.0,12040.933333333334,12096.666666666668,0.0113944076930246,0.0146210580499041,,0,0.0
2023-03-02 00:00:00,12005.8,11983.0,12069.6,0.0106282974011798,0.0146210580499041,,0,0.0
2023-03-03 00:00:00,12296.2,11957.4,12113.4,0.0118523439394407,0.0146210580499041,,0,0.0
2023-03-05 00:00:00,12261.0,12191.6,12401.8,0.0116642275394858,0.0146210580499041,,0,0.0
2023-03-06 00:00:00,12299.6,12259.8,12274.200000000004,0.0115677673806085,0.0146210580499041,,0,0.0
2023-03-07 00:00:00,12153.6,12335.8,12418.4,0.0118598028180671,0.0146210580499041,,0,0.0
2023-03-08 00:00:00,12213.0,12207.533333333333,12295.466666666664,0.0110541901773752,0.0146210580499041,,0,0.0
2023-03-09 00:00:00,11973.8,12178.666666666666,12270.733333333332,0.0116861982895732,0.0146210580499041,,0,0.0
2023-03-10 00:00:00,11882.4,12086.333333333334,12228.866666666669,0.0113004863945085,0.0146210580499041,,0,0.0
2023-03-12 00:00:00,11982.1,11922.133333333331,12056.266666666666,0.0104082662355442,0.0146210580499041,,0,0.0
2023-03-13 00:00:00,11945.0,11952.5,12063.4,0.010408360428683,0.0146210580499041,,0,0.0
2023-03-14 00:00:00,12198.8,11902.533333333333,12128.666666666666,0.0115938431172134,0.0146210580499041,,0,0.0
2023-03-15 00:00:00,12277.2,12112.333333333334,12315.666666666668,0.0116891515301366,0.0146210580499041,,0,0.0
2023-03-16 00:00:00,12596.0,12183.200000000004,12396.000000000004,0.0119629873463252,0.0146210580499041,,0,0.0
2023-03-17 00:00:00,12520.8,12462.933333333334,12738.866666666669,0.0120783342405798,0.0146210580499041,,0,0.0
2023-03-19 00:00:00,12582.6,12549.6,12653.8,0.0120975195764959,0.0146210580499041,,0,0.0
2023-03-20 00:00:00,12569.8,12578.066666666666,12617.133333333331,0.0115185766581395,0.0146210580499041,,0,0.0
2023-03-21 00:00:00,12745.6,12524.799999999996,12647.999999999996,0.0117959223507583,0.0146210580499041,,0,0.0
2023-03-22 00:00:00,12596.4,12691.333333333334,12828.666666666668,0.0122199342567535,0.0146210580499041,,0,0.0
2023-03-23 00:00:00,12742.8,12703.6,12851.8,0.0122321537725785,0.0146210580499041,,0,0.0
2023-03-24 00:00:00,12802.0,12744.466666666664,12906.33333333333,0.0121047865257077,0.0146210580499041,,0,0.0
2023-03-26 00:00:00,12828.9,12738.4,12870.2,0.0120998847278912,0.0146210580499041,,0,0.0
2023-03-27 00:00:00,12705.0,12818.6,12852.1,0.0113836285883408,0.0146210580499041,,0,0.0
2023-03-28 00:00:00,12641.8,12736.766666666668,12825.333333333336,0.0114378209179081,0.0146210580499041,,0,0.0
2023-03-29 00:00:00,12831.2,12624.6,12732.4,0.0118221746659006,0.0146210580499041,,0,0.0
2023-03-30 00:00:00,12985.2,12784.200000000004,12927.600000000006,0.0115300195738542,0.0146210580499041,,0,0.0
2023-03-31 00:00:00,13196.0,12934.866666666669,13050.133333333337,0.0118819883148243,0.0146210580499041,,0,0.0
2023-04-02 00:00:00,13128.2,13114.433333333334,13280.966666666667,0.0107625598871218,0.0146210580499041,,0,0.0
2023-04-03 00:00:00,13137.0,13138.066666666666,13152.733333333332,0.0104177048715712,0.0146210580499041,,0,0.0
2023-04-04 00:00:00,13131.8,13116.733333333332,13190.866666666663,0.0104560548142655,0.0146210580499041,,0,0.0
2023-04-05 00:00:00,12947.4,13143.133333333331,13226.466666666664,0.0111461790833197,0.0146210580499041,,0,0.0
2023-04-06 00:00:00,13054.6,12993.933333333334,13091.06666666667,0.0104514717333361,0.0146210580499041,,0,0.0
2023-04-07 00:00:00,13078.6,12995.2,13145.199999999995,0.0104329745333312,0.0146210580499041,,0,0.0
2023-04-09 00:00:00,13051.6,13061.533333333333,13101.666666666666,0.0090006031215428,0.0146210580499041,,0,0.0
2023-04-10 00:00:00,13067.2,13065.333333333334,13083.866666666669,0.0088150359233397,0.0146210580499041,,0,0.0
2023-04-11 00:00:00,12992.2,12999.6,13136.4,0.0089610527517334,0.0146210580499041,,0,0.0
2023-04-12 00:00:00,12834.4,13015.466666666664,13080.133333333331,0.009466078252323,0.0146210580499041,,0,0.0
2023-04-13 00:00:00,13097.2,12935.9,13042.5,0.0100263093867583,0.0146210580499041,,0,0.0
2023-04-14 00:00:00,13106.0,13021.533333333336,13209.466666666667,0.0095445943626825,0.0146210580499041,,0,0.0
2023-04-16 00:00:00,13092.8,13076.866666666669,13189.733333333334,0.0092908350594224,0.0146210580499041,,0,0.0
2023-04-17 00:00:00,13084.8,13098.933333333334,13114.266666666668,0.0092684076674,0.0146210580499041,,0,0.0
2023-04-18 00:00:00,13088.8,13064.0,13144.6,0.0092672389011862,0.0146210580499041,,0,0.0
2023-04-19 00:00:00,13042.8,13115.066666666666,13177.93333333333,0.0089915612696305,0.0146210580499041,,0,0.0
2023-04-20 00:00:00,12997.8,13054.266666666668,13128.933333333336,0.0089414444359072,0.0146210580499041,,0,0.0
2023-04-21 00:00:00,12996.8,13016.4,13095.8,0.008354744485026,0.0146210580499041,,0,0.0
2023-04-23 00:00:00,12988.2,12978.733333333332,13059.666666666664,0.007919613955301,0.0146210580499041,,0,0.0
2023-04-24 00:00:00,12974.6,12987.733333333332,12994.666666666664,0.006942379389059,0.0146210580499041,,0,0.0
2023-04-25 00:00:00,12885.0,12973.333333333334,13055.066666666668,0.0070111272854377,0.0146210580499041,,0,0.0
2023-04-26 00:00:00,12881.6,12865.533333333333,13003.866666666663,0.0070031434946617,0.0146210580499041,,0,0.0
2023-04-27 00:00:00,13134.4,12869.266666666668,12949.533333333336,0.008382726909575,0.0146210580499041,,0,0.0
2023-04-28 00:00:00,13257.2,13083.866666666669,13306.333333333334,0.0079338906670187,0.0146210580499041,,0,0.0
2023-04-30 00:00:00,13238.6,13206.133333333331,13317.666666666666,0.0077737675014189,0.0146210580499041,,0,0.0
2023-05-01 00:00:00,13216.6,13242.533333333333,13250.066666666666,0.0077868550031236,0.0146210580499041,,0,0.0
2023-05-02 00:00:00,13112.6,13234.8,13280.000000000002,0.0079949522599328,0.0146210580499041,,0,0.0
2023-05-03 00:00:00,13027.8,13139.866666666669,13237.333333333334,0.0081303841999591,0.0146210580499041,,0,0.0
2023-05-04 00:00:00,13033.4,13081.066666666666,13185.133333333331,0.0080222624006713,0.0146210580499041,,0,0.0
2023-05-05 00:00:00,13251.0,13022.066666666668,13112.533333333336,0.0082765559408637,0.0146210580499041,,0,0.0
2023-05-07 00:00:00,13243.8,13188.666666666666,13360.733333333332,0.00699251183119,0.0146210580499041,,0,0.0
2023-05-08 00:00:00,13282.6,13252.933333333334,13263.266666666668,0.0070122748567514,0.0146210580499041,,0,0.0
2023-05-09 00:00:00,13220.0,13263.666666666666,13332.733333333332,0.0071078614612636,0.0146210580499041,,0,0.0
2023-05-10 00:00:00,13366.0,13236.666666666666,13275.133333333331,0.0074794028642376,0.0146210580499041,,0,0.0
2023-05-11 00:00:00,13400.0,13301.466666666667,13455.133333333337,0.0074837905791537,0.0146210580499041,,0,0.0
2023-05-12 00:00:00,13317.6,13374.333333333334,13443.266666666668,0.0075935713226784,0.0146210580499041,,0,0.0
2023-05-14 00:00:00,13313.4,13338.066666666666,13418.533333333333,0.0075274180730985,0.0146210580499041,,0,0.0
2023-05-15 00:00:00,13411.0,13314.066666666666,13324.333333333332,0.0076412752208151,0.0146210580499041,,0,0.0
2023-05-16 00:00:00,13447.6,13378.066666666666,13458.93333333333,0.007626115167638,0.0146210580499041,,0,0.0
2023-05-17 00:00:00,13590.4,13444.666666666666,13509.933333333332,0.0078426306685444,0.0146210580499041,,0,0.0
2023-05-18 00:00:00,13880.2,13543.0,13663.6,0.008593476880551,0.0146210580499041,,0,0.0
2023-05-19 00:00:00,13791.4,13788.933333333334,14002.06666666667,0.0088503178956045,0.0146210580499041,,0,0.0
2023-05-21 00:00:00,13805.6,13817.0,13867.2,0.007997906570496,0.0146210580499041,,0,0.0
2023-05-22 00:00:00,13900.8,13790.2,13822.999999999998,0.0079060061755501,0.0146210580499041,,0,0.0
2023-05-23 00:00:00,13708.4,13862.4,13947.6,0.008673091884208,0.0146210580499041,,0,0.0
2023-05-24 00:00:00,13806.8,13771.533333333333,13871.866666666663,0.0087135760984285,0.0146210580499041,,0,0.0
2023-05-25 00:00:00,13924.6,13725.466666666664,13924.133333333331,0.0084825520262613,0.0146210580499041,,0,0.0
2023-05-26 00:00:00,14328.9,13899.6,14015.6,0.0099716952533801,0.0146210580499041,,0,0.0
2023-05-28 00:00:00,14381.0,14181.9,14479.600000000002,0.0099230931177575,0.0146210580499041,,0,0.0
2023-05-29 00:00:00,14350.6,14382.166666666666,14399.233333333332,0.009641459060733,0.0146210580499041,,0,0.0
2023-05-30 00:00:00,14393.2,14363.933333333334,14396.266666666668,0.0095854538305987,0.0146210580499041,,0,0.0
2023-05-31 00:00:00,14281.2,14411.933333333334,14514.666666666668,0.009953118292805,0.0146210580499041,,0,0.0
2023-06-01 00:00:00,14454.0,14300.200000000004,14376.600000000006,0.0099170840635231,0.0146210580499041,,0,0.0
2023-06-02 00:00:00,14561.2,14391.066666666666,14562.133333333331,0.0098241974626822,0.0146210580499041,,0,0.0
2023-06-04 00:00:00,14511.2,14533.466666666664,14626.133333333331,0.009971445689313,0.0146210580499041,,0,0.0
2023-06-05 00:00:00,14539.8,14520.666666666666,14543.733333333332,0.0096963344862738,0.0146210580499041,,0,0.0
2023-06-06 00:00:00,14575.6,14565.6,14643.6,0.0096443293083076,0.0146210580499041,,0,0.0
2023-06-07 00:00:00,14313.2,14552.6,14625.399999999998,0.0108524081783143,0.0146210580499041,,0,0.0
2023-06-08 00:00:00,14483.6,14419.6,14549.4,0.0110189622078023,0.0146210580499041,,0,0.0
2023-06-09 00:00:00,14549.6,14411.4,14582.0,0.0109035675478366,0.0146210580499041,,0,0.0
2023-06-11 00:00:00,14575.0,14554.6,14665.2,0.0100629420404772,0.0146210580499041,,0,0.0
2023-06-12 00:00:00,14805.0,14568.2,14598.399999999998,0.010251852710112,0.0146210580499041,,0,0.0
2023-06-13 00:00:00,14924.0,14731.0,14900.2,0.0102790357565684,0.0146210580499041,,0,0.0
2023-06-14 00:00:00,15036.4,14882.333333333334,14994.466666666667,0.0102895944157764,0.0146210580499041,,0,0.0
2023-06-15 00:00:00,15181.0,14966.666666666666,15134.933333333332,0.0094538103529028,0.0146210580499041,,0,0.0
2023-06-16 00:00:00,15128.2,15110.6,15333.0,0.0096325080091928,0.0146210580499041,,0,0.0
2023-06-18 00:00:00,15131.0,15170.733333333332,15254.666666666664,0.0096351089897297,0.0146210580499041,,0,0.0
2023-06-19 00:00:00,15076.6,15136.633333333331,15144.266666666666,0.0077970235609713,0.0146210580499041,,0,0.0
2023-06-20 00:00:00,15095.8,15089.666666666666,15120.533333333333,0.0077980057719367,0.0146210580499041,,0,0.0
2023-06-21 00:00:00,14874.6,15062.799999999996,15170.799999999996,0.0086431486177527,0.0146210580499041,,0,0.0
2023-06-22 00:00:00,15064.0,14939.4,15042.0,0.0089800490404254,0.0146210580499041,,0,0.0
2023-06-23 00:00:00,14898.2,14980.666666666666,15162.933333333332,0.0091972761433646,0.0146210580499041,,0,0.0
2023-06-25 00:00:00,14944.6,14930.133333333331,15032.666666666666,0.0089007202875236,0.0146210580499041,,0,0.0
2023-06-26 00:00:00,14737.2,14930.2,14961.799999999996,0.009439265583998,0.0146210580499041,,0,0.0
2023-06-27 00:00:00,14914.0,14810.200000000004,14922.600000000006,0.0097150719810293,0.0146210580499041,,0,0.0
2023-06-28 00:00:00,15025.6,14871.4,15035.4,0.0098094016698607,0.0146210580499041,,0,0.0
2023-06-29 00:00:00,14971.4,14991.333333333334,15106.866666666669,0.0098779131113422,0.0146210580499041,,0,0.0
2023-06-30 00:00:00,15171.4,14969.733333333332,15057.466666666664,0.0090962066435983,0.0146210580499041,,0,0.0
2023-07-02 00:00:00,15204.4,15119.4,15283.600000000002,0.0088491745393759,0.0146210580499041,,0,0.0
2023-07-03 00:00:00,15191.4,15201.8,15218.200000000004,0.008864685986254,0.0146210580499041,,0,0.0
2023-07-04 00:00:00,15192.8,15199.6,15237.2,0.0088768287540325,0.0146210580499041,,0,0.0
2023-07-05 00:00:00,15209.6,15201.133333333331,15213.866666666663,0.0082738608634461,0.0146210580499041,,0,0.0
2023-07-06 00:00:00,15077.6,15200.133333333331,15292.866666666669,0.0084092982228598,0.0146210580499041,,0,0.0
2023-07-07 00:00:00,15059.4,15084.333333333334,15204.466666666667,0.0082527915070128,0.0146210580499041,,0,0.0
2023-07-09 00:00:00,15048.6,15103.6,15178.6,0.0079439017112148,0.0146210580499041,,0,0.0
2023-07-10 00:00:00,15064.6,15043.866666666669,15067.533333333333,0.007916382979324,0.0146210580499041,,0,0.0
2023-07-11 00:00:00,15140.2,15030.0,15124.2,0.0080014580414571,0.0146210580499041,,0,0.0
2023-07-12 00:00:00,15347.2,15092.733333333332,15203.866666666663,0.0085021289962929,0.0146210580499041,,0,0.0
2023-07-13 00:00:00,15588.6,15287.133333333331,15443.666666666666,0.0091250289321137,0.0146210580499041,,0,0.0
2023-07-14 00:00:00,15570.6,15517.333333333334,15688.266666666668,0.0083196143865649,0.0146210580499041,,0,0.0
2023-07-16 00:00:00,15543.4,15615.066666666666,15688.533333333333,0.0079894073515561,0.0146210580499041,,0,0.0
2023-07-17 00:00:00,15694.6,15549.133333333331,15560.066666666666,0.0076037079512812,0.0146210580499041,,0,0.0
2023-07-18 00:00:00,15837.6,15663.8,15789.200000000004,0.0077406368573568,0.0146210580499041,,0,0.0
2023-07-19 00:00:00,15733.8,15784.333333333334,15958.866666666669,0.0070454350721295,0.0146210580499041,,0,0.0
2023-07-20 00:00:00,15456.2,15796.733333333332,15874.866666666663,0.0081506621335954,0.0146210580499041,,0,0.0
2023-07-21 00:00:00,15446.8,15553.333333333334,15682.866666666669,0.0080549581330123,0.0146210580499041,,0,0.0
2023-07-23 00:00:00,15442.4,15485.666666666666,15555.933333333332,0.0079798632590147,0.0146210580499041,,0,0.0
2023-07-24 00:00:00,15470.6,15446.466666666667,15459.533333333336,0.0074852866048578,0.0146210580499041,,0,0.0
2023-07-25 00:00:00,15539.8,15453.266666666668,15528.333333333336,0.0075217621139168,0.0146210580499041,,0,0.0
2023-07-26 00:00:00,15556.4,15544.799999999996,15636.799999999996,0.0075074847197953,0.0146210580499041,,0,0.0
2023-07-27 00:00:00,15488.4,15528.866666666669,15639.733333333334,0.0076082691843156,0.0146087575030811,,0,0.0
2023-07-28 00:00:00,15747.4,15570.133333333331,15724.666666666666,0.0083825606624613,0.0145892198410798,,0,0.0
2023-07-30 00:00:00,15788.8,15664.333333333334,15879.666666666668,0.0080137927178924,0.0145517293331839,,0,0.0
2023-07-31 00:00:00,15774.8,15782.799999999996,15823.599999999997,0.0080066510395422,0.0145254813612426,,0,0.0
2023-08-01 00:00:00,15668.2,15758.0,15822.8,0.008239136113098,0.0145203627097952,,0,0.0
2023-08-02 00:00:00,15406.4,15690.4,15781.6,0.0092479767262645,0.0144958902523729,,0,0.0
2023-08-03 00:00:00,15399.6,15479.866666666669,15630.733333333334,0.0092086811681586,0.0144354947721673,,0,0.0
2023-08-04 00:00:00,15281.6,15374.733333333332,15494.866666666663,0.0088799031104873,0.014355267829365,,0,0.0
2023-08-06 00:00:00,15319.2,15355.0,15455.0,0.0080894783839997,0.0142994055173472,,0,0.0
2023-08-07 00:00:00,15416.8,15308.466666666667,15331.333333333334,0.0082475654193907,0.0142994055173472,,0,0.0
2023-08-08 00:00:00,15288.0,15365.4,15478.0,0.0084319506127601,0.0142994055173472,,0,0.0
2023-08-09 00:00:00,15153.8,15286.2,15422.199999999995,0.0082295008281248,0.0142994055173472,,0,0.0
2023-08-10 00:00:00,15174.8,15202.033333333336,15318.966666666667,0.007867718096721,0.0142994055173472,,0,0.0
2023-08-11 00:00:00,15041.6,15208.333333333334,15343.066666666668,0.0079491783401653,0.0142994055173472,,0,0.0
2023-08-13 00:00:00,15075.2,15071.533333333333,15171.066666666666,0.0071180796073505,0.0142994055173472,,0,0.0
2023-08-14 00:00:00,15243.6,15065.466666666664,15092.533333333333,0.0076398001823032,0.0142994055173472,,0,0.0
2023-08-15 00:00:00,15063.8,15154.066666666666,15348.133333333331,0.0080353983504069,0.0142994055173472,,0,0.0
2023-08-16 00:00:00,14873.8,15120.933333333334,15220.466666666667,0.0083891549963991,0.0142994055173472,,0,0.0
2023-08-17 00:00:00,14697.6,14949.4,15031.2,0.0085259554981773,0.0142994055173472,,0,0.0
2023-08-18 00:00:00,14693.8,14777.866666666669,14880.933333333334,0.0084998244018355,0.0142994055173472,,0,0.0
2023-08-20 00:00:00,14728.0,14666.066666666666,14779.333333333332,0.0085669472939153,0.0142994055173472,,0,0.0
2023-08-21 00:00:00,14909.2,14723.166666666666,14740.833333333332,0.0080893278308414,0.0142994055173472,,0,0.0
2023-08-22 00:00:00,14920.0,14848.866666666669,15028.333333333338,0.0080343151013473,0.0142994055173472,,0,0.0
2023-08-23 00:00:00,15291.4,14960.333333333334,15032.266666666668,0.0101468310311251,0.0142994055173472,,0,0.0
2023-08-24 00:00:00,14811.8,15171.8,15429.600000000002,0.0121175031807656,0.0142994055173472,,0,0.0
2023-08-25 00:00:00,14928.2,14987.533333333336,15198.466666666667,0.0118692272158034,0.0142994055173472,,0,0.0
2023-08-27 00:00:00,14969.6,14882.6,15052.8,0.0119061427628011,0.0142994055173472,,0,0.0
2023-08-28 00:00:00,15065.2,14970.333333333334,14987.866666666669,0.0119283596180199,0.0142994055173472,,0,0.0
2023-08-29 00:00:00,15403.2,15028.066666666666,15122.733333333332,0.0129910051278671,0.0142994055173472,,0,0.0
2023-08-30 00:00:00,15470.4,15277.6,15537.0,0.0129497410411947,0.0142994055173472,,0,0.0
2023-08-31 00:00:00,15505.2,15431.0,15532.0,0.0127949136831521,0.0142994055173472,,0,0.0
2023-09-01 00:00:00,15480.0,15502.333333333334,15576.666666666668,0.0126122430992745,0.0142994055173472,,0,0.0
2023-09-03 00:00:00,15484.6,15510.6,15598.4,0.0126134810637575,0.0142994055173472,,0,0.0
2023-09-04 00:00:00,15494.8,15482.733333333332,15496.066666666664,0.0123997475027605,0.0142994055173472,,0,0.0
2023-09-05 00:00:00,15496.0,15507.2,15534.6,0.0124029420003247,0.0142994055173472,,0,0.0
2023-09-06 00:00:00,15372.6,15481.133333333331,15575.466666666667,0.0123515830810793,0.0142994055173472,,0,0.0
2023-09-07 00:00:00,15265.4,15390.666666666666,15487.933333333332,0.0121444111815393,0.0142994055173472,,0,0.0
2023-09-08 00:00:00,15311.0,15260.466666666667,15381.533333333336,0.0117360823974069,0.0142994055173472,,0,0.0
2023-09-10 00:00:00,15321.6,15297.666666666666,15387.733333333332,0.0113119950064096,0.014274263054312,,0,0.0
2023-09-11 00:00:00,15473.0,15313.666666666666,15330.533333333333,0.0114254037217346,0.0142541747781952,,0,0.0
2023-09-12 00:00:00,15323.4,15426.4,15557.4,0.0117533440173898,0.0142434139231223,,0,0.0
2023-09-13 00:00:00,15398.0,15372.6,15444.2,0.011527367814294,0.0142303169470701,,0,0.0
2023-09-14 00:00:00,15497.8,15353.6,15484.0,0.011574096954859,0.0141668824258723,,0,0.0
2023-09-15 00:00:00,15208.2,15460.733333333332,15571.666666666664,0.0111239820942469,0.0141091333885416,,0,0.0
2023-09-17 00:00:00,15236.8,15309.799999999996,15437.799999999996,0.0083662504437896,0.0141046001825703,,0,0.0
2023-09-18 00:00:00,15256.6,15226.133333333331,15249.066666666662,0.0082291936241558,0.014097465297972,,0,0.0
2023-09-19 00:00:00,15216.4,15234.533333333333,15314.466666666664,0.0082608286649472,0.0140708780673165,,0,0.0
2023-09-20 00:00:00,14946.6,15190.2,15299.799999999996,0.0091252003993606,0.0140505888606056,,0,0.0
2023-09-21 00:00:00,14693.4,15052.8,15163.000000000002,0.0081441010147531,0.0140299617911047,,0,0.0
2023-09-22 00:00:00,14719.6,14781.4,14879.600000000002,0.0080525339859325,0.0140064813491702,,0,0.0
2023-09-24 00:00:00,14742.2,14756.533333333333,14834.266666666666,0.0080321419506154,0.0140022322979198,,0,0.0
2023-09-25 00:00:00,14784.6,14743.133333333331,14757.666666666666,0.0081202027765612,0.01399556699415,,0,0.0
2023-09-26 00:00:00,14593.6,14739.533333333333,14852.266666666666,0.0084325505671219,0.0139734870200935,,0,0.0
2023-09-27 00:00:00,14631.8,14633.333333333334,14745.266666666668,0.0084875596308665,0.0139022183179399,,0,0.0
2023-09-28 00:00:00,14727.8,14585.6,14726.2,0.0087248291242425,0.013844422021363,,0,0.0
2023-09-29 00:00:00,14752.2,14683.733333333332,14851.666666666664,0.0086729585117823,0.0138154629339119,,0,0.0
2023-10-01 00:00:00,14812.6,14781.266666666668,14891.733333333335,0.0086934443407618,0.0137878406619919,,0,0.0
2023-10-02 00:00:00,14856.6,14821.8,14849.4,0.0086929945807556,0.0137643743537444,,0,0.0
2023-10-03 00:00:00,14582.8,14817.0,14948.2,0.009460436977904,0.0137380951756957,,0,0.0
2023-10-04 00:00:00,14783.4,14664.533333333336,14811.466666666667,0.0097606123229502,0.0136638422646783,,0,0.0
2023-10-05 00:00:00,14722.0,14687.933333333334,14920.266666666668,0.0096162832818816,0.0135677601794047,,0,0.0
2023-10-06 00:00:00,15010.6,14711.6,14837.6,0.0106730162916079,0.0135386241787693,,0,0.0
2023-10-08 00:00:00,14899.2,14857.4,15184.4,0.0105975762665817,0.0135309098813485,,0,0.0
2023-10-09 00:00:00,15075.8,14890.6,14918.4,0.0102481022291748,0.013525624450653,,0,0.0
2023-10-10 00:00:00,15164.0,14995.066666666666,15169.333333333332,0.0103324349591469,0.0135251012711371,,0,0.0
2023-10-11 00:00:00,15294.2,15157.866666666669,15266.133333333331,0.0105145311276619,0.0135240628839621,,0,0.0
2023-10-12 00:00:00,15209.8,15240.333333333334,15348.466666666667,0.0105746962329402,0.0134987478235797,,0,0.0
2023-10-13 00:00:00,14991.2,15218.333333333334,15340.066666666668,0.0103009033913327,0.0134521372170823,,0,0.0
2023-10-15 00:00:00,15050.2,15061.4,15176.2,0.0094991979591487,0.0134254993169519,,0,0.0
2023-10-16 00:00:00,15180.6,15035.3,15065.100000000002,0.009643306349699,0.0134199701660878,,0,0.0
2023-10-17 00:00:00,15103.8,15124.8,15282.4,0.0097572417616266,0.0133894185333897,,0,0.0
2023-10-18 00:00:00,14933.4,15082.200000000004,15223.800000000005,0.0101397327353605,0.0133421546990229,,0,0.0
2023-10-19 00:00:00,14739.2,14976.6,15078.2,0.0101457304059212,0.0132916061748072,,0,0.0
2023-10-20 00:00:00,14554.6,14830.066666666666,14942.93333333333,0.0105402589524595,0.0132494992300606,,0,0.0
2023-10-22 00:00:00,14613.6,14628.933333333332,14708.066666666666,0.0104701414327912,0.0132311536749829,,0,0.0
2023-10-23 00:00:00,14673.6,14598.666666666666,14629.533333333333,0.0105089357821026,0.0131973950188125,,0,0.0
2023-10-24 00:00:00,14727.0,14617.733333333332,14816.666666666664,0.010499602932992,0.0131469379835068,,0,0.0
2023-10-25 00:00:00,14265.2,14735.133333333331,14852.066666666666,0.0125527046353118,0.0131052633528684,,0,0.0
2023-10-26 00:00:00,14235.2,14413.666666666666,14580.333333333332,0.0119408205244468,0.01307433864289,,0,0.0
2023-10-27 00:00:00,14191.2,14223.266666666668,14386.133333333337,0.0114176556062461,0.0130512055985811,,0,0.0
2023-10-29 00:00:00,14252.2,14216.733333333332,14301.666666666664,0.0114891577181283,0.0130371748555714,,0,0.0
2023-10-30 00:00:00,14325.8,14247.266666666668,14270.733333333335,0.0105006245049685,0.013021450808331,,0,0.0
2023-10-31 00:00:00,14381.6,14317.066666666666,14407.333333333332,0.0105138345430518,0.0130056841507256,,0,0.0
2023-11-01 00:00:00,14720.2,14350.2,14461.799999999996,0.0115788498669824,0.0129954336163676,,0,0.0
2023-11-02 00:00:00,14872.0,14594.200000000004,14849.000000000004,0.0117619370447106,0.0129904528702692,,0,0.0
2023-11-03 00:00:00,15114.2,14840.6,14976.2,0.0122065614287325,0.0129726481668979,,0,0.0
2023-11-05 00:00:00,15105.0,15044.4,15228.2,0.012150000408786,0.0129537801208044,,0,0.0
2023-11-06 00:00:00,15144.2,15112.8,15123.800000000005,0.0116978254048594,0.0129509527808394,,0,0.0
2023-11-07 00:00:00,15303.6,15134.8,15196.000000000002,0.0118887699570611,0.0129475722000568,,0,0.0
2023-11-08 00:00:00,15290.6,15254.0,15396.8,0.0117514053942181,0.0129449263615031,,0,0.0
2023-11-09 00:00:00,15169.4,15288.333333333334,15354.466666666667,0.0118390224533876,0.0129434139219388,,0,0.0
2023-11-10 00:00:00,15521.6,15239.8,15318.800000000005,0.0125567975389173,0.0129405295359955,,0,0.0
2023-11-12 00:00:00,15499.6,15406.133333333331,15667.866666666669,0.0120861474155517,0.0129370687684269,,0,0.0
2023-11-13 00:00:00,15501.8,15509.133333333331,15530.466666666667,0.0115735668575857,0.0129257582083161,,0,0.0
2023-11-14 00:00:00,15844.6,15479.133333333331,15553.866666666663,0.0123222509108819,0.0129157236733027,,0,0.0
2023-11-15 00:00:00,15805.2,15734.133333333331,15973.066666666666,0.0124106284705973,0.0129007357435148,,0,0.0
2023-11-16 00:00:00,15829.2,15855.733333333332,15937.066666666664,0.0124210816333419,0.0128404986477776,,0,0.0
2023-11-17 00:00:00,15819.6,15805.8,15873.000000000002,0.0093873616833348,0.0127778756259708,,0,0.0
2023-11-19 00:00:00,15808.8,15824.2,15880.199999999995,0.0093342197654341,0.0127243945733372,,0,0.0
2023-11-20 00:00:00,16045.2,15816.933333333334,15840.06666666667,0.0093528312497077,0.0126795256805943,,0,0.0
2023-11-21 00:00:00,15907.4,15962.933333333334,16143.466666666667,0.0099175303159584,0.0126422904235306,,0,0.0
2023-11-22 00:00:00,16001.0,15945.066666666666,16028.733333333332,0.0099173431953163,0.012612862081516,,0,0.0
2023-11-23 00:00:00,16020.0,16007.4,16119.0,0.0099601026825949,0.0126070426508073,,0,0.0
2023-11-24 00:00:00,15967.4,16018.6,16043.0,0.0091710895401452,0.0125793198706287,,0,0.0
2023-11-26 00:00:00,15942.8,15977.133333333331,16016.466666666667,0.0091323792923412,0.0125547510871146,,0,0.0
2023-11-27 00:00:00,15965.4,15947.0,15955.0,0.0086300019063636,0.0124868931343268,,0,0.0
2023-11-28 00:00:00,16011.8,15968.266666666668,16041.733333333335,0.0085931089508344,0.0124158550519696,,0,0.0
2023-11-29 00:00:00,16013.4,15979.799999999996,16058.799999999996,0.0086166747451104,0.012406785235461,,0,0.0
2023-11-30 00:00:00,15932.2,16054.6,16124.8,0.0085891923139588,0.0124013447515426,,0,0.0
2023-12-01 00:00:00,16001.8,15940.799999999996,16056.199999999995,0.0085757411836161,0.0123756652919199,,0,0.0
2023-12-03 00:00:00,15963.0,15951.799999999996,16070.599999999997,0.0083143481168454,0.0123369169959806,,0,0.0
2023-12-04 00:00:00,15827.0,15973.0,15986.8,0.0071107939423131,0.0123201438834757,,0,0.0
2023-12-05 00:00:00,15907.6,15831.066666666666,15969.93333333333,0.0071433068156755,0.0123168400720324,,0,0.0
2023-12-06 00:00:00,15799.4,15861.466666666667,15983.933333333334,0.0073689626559979,0.0122738985302869,,0,0.0
2023-12-07 00:00:00,16005.0,15866.9,15950.100000000002,0.0061801966059051,0.012226044014666,,0,0.0
2023-12-08 00:00:00,16078.2,15943.2,16112.399999999998,0.0062009127856901,0.012213247842743,,0,0.0
2023-12-10 00:00:00,16089.6,16019.0,16162.4,0.0061991320249571,0.0121958317607069,,0,0.0
2023-12-11 00:00:00,16235.0,16085.466666666667,16102.733333333334,0.006451075672335,0.0121793002843878,,0,0.0
2023-12-12 00:00:00,16410.4,16169.333333333334,16307.866666666669,0.0067672809455568,0.0121617494424401,,0,0.0
2023-12-13 00:00:00,16623.0,16334.466666666667,16489.733333333334,0.0065763049475151,0.0121472057951627,,0,0.0
2023-12-14 00:00:00,16569.4,16544.333333333332,16702.466666666664,0.0062310606957444,0.0121309571811525,,0,0.0
2023-12-15 00:00:00,16624.8,16565.866666666665,16694.93333333333,0.006174621649962,0.0121159435682101,,0,0.0
2023-12-17 00:00:00,16634.0,16625.933333333334,16696.06666666667,0.0061802712430095,0.0121095852406811,,0,0.0
2023-12-18 00:00:00,16748.0,16631.466666666664,16650.133333333328,0.0061483517263252,0.0121023356267994,,0,0.0
2023-12-19 00:00:00,16852.4,16721.933333333334,16825.06666666667,0.0061313497640656,0.0120987021521936,,0,0.0
2023-12-20 00:00:00,16637.8,16815.06666666667,16895.13333333334,0.0070470014550892,0.0120918334960238,,0,0.0
2023-12-21 00:00:00,16773.6,16707.13333333333,16828.466666666664,0.0071759277288145,0.0120822408280658,,0,0.0
2023-12-22 00:00:00,16793.8,16732.8,16838.0,0.0071619284044102,0.0120301713883839,,0,0.0
2023-12-25 00:00:00,16836.4,16796.666666666668,16869.733333333337,0.0069425726858706,0.0119724979412566,,0,0.0
2023-12-26 00:00:00,16921.8,16831.8,16847.199999999997,0.0069527888928468,0.011951903935386,,0,0.0
2023-12-27 00:00:00,16956.2,16897.266666666666,16977.533333333333,0.0068463812076249,0.0119345900712333,,0,0.0
2023-12-28 00:00:00,16936.6,16937.13333333333,16985.86666666666,0.0063733926796604,0.0119172511904105,,0,0.0
2023-12-29 00:00:00,16844.2,16950.133333333335,16985.66666666667,0.0066572136394482,0.0118988478051774,,0,0.0
2024-01-01 00:00:00,16866.8,16861.733333333334,16949.066666666666,0.0062713795542008,0.0118901614023074,,0,0.0
2024-01-02 00:00:00,16572.0,16864.2,16876.800000000003,0.007390364725459,0.0118853791359427,,0,0.0
2024-01-03 00:00:00,16401.6,16639.8,16807.8,0.0078272283876392,0.0118756077653138,,0,0.0
2024-01-04 00:00:00,16311.8,16450.93333333333,16526.66666666666,0.0079613826383581,0.0118645150169352,,0,0.0
2024-01-05 00:00:00,16322.6,16347.466666666667,16403.733333333334,0.007717208671584,0.0118560733787539,,0,0.0
2024-01-07 00:00:00,16339.8,16314.6,16439.6,0.0073161185323183,0.0118456831964141,,0,0.0
2024-01-08 00:00:00,16648.0,16334.1,16352.3,0.0079651265648994,0.0118305985596441,,0,0.0
2024-01-09 00:00:00,16702.2,16519.133333333335,16802.86666666667,0.0079543416668701,0.0118090485083295,,0,0.0
2024-01-10 00:00:00,16826.2,16652.100000000002,16782.900000000005,0.0080843007414178,0.0117789296977345,,0,0.0
2024-01-11 00:00:00,16818.6,16780.2,16894.2,0.0080879468644046,0.0117576405310502,,0,0.0
2024-01-12 00:00:00,16823.8,16786.733333333334,16952.86666666667,0.007952156884633,0.0117523747058039,,0,0.0
2024-01-14 00:00:00,16814.2,16822.7,16911.300000000003,0.007827530372305,0.0117437438958125,,0,0.0
2024-01-15 00:00:00,16804.6,16818.333333333332,16828.666666666664,0.0072437190928655,0.0117169539011332,,0,0.0
2024-01-16 00:00:00,16858.4,16833.033333333333,16863.666666666664,0.0070507691063951,0.011693488467498,,0,0.0
2024-01-17 00:00:00,16737.6,16814.06666666667,16946.933333333338,0.0072386480941265,0.0116876749098549,,0,0.0
2024-01-18 00:00:00,17032.8,16721.866666666665,16875.53333333333,0.0082497155257928,0.0116851128485711,,0,0.0
2024-01-19 00:00:00,17347.8,16930.333333333332,17137.666666666664,0.0091304722633029,0.0116741274735274,,0,0.0
2024-01-21 00:00:00,17367.6,17239.2,17463.2,0.0091287966189581,0.0116290353283496,,0,0.0
2024-01-22 00:00:00,17354.2,17369.133333333335,17381.26666666667,0.0091238930723169,0.0115917257331341,,0,0.0
2024-01-23 00:00:00,17468.8,17381.466666666664,17440.733333333326,0.0090550761823524,0.0115842291080186,,0,0.0
2024-01-24 00:00:00,17510.0,17413.0,17526.4,0.0090548616392837,0.0115764734109207,,0,0.0
2024-01-25 00:00:00,17435.6,17552.533333333333,17643.066666666666,0.007983717638001,0.0115738319062224,,0,0.0
2024-01-26 00:00:00,17397.6,17501.333333333332,17579.066666666666,0.0074871545369767,0.0115706671190971,,0,0.0
2024-01-28 00:00:00,17372.6,17427.0,17494.8,0.0072992825846381,0.0115612667839924,,0,0.0
2024-01-29 00:00:00,17613.4,17369.6,17388.799999999996,0.0076479575088963,0.0115526750446176,,0,0.0
2024-01-30 00:00:00,17339.2,17536.033333333333,17699.966666666667,0.0087852284552829,0.0115492088804649,,0,0.0
2024-01-31 00:00:00,17173.0,17422.666666666668,17543.733333333337,0.0083768887309949,0.0115389267164626,,0,0.0
2024-02-01 00:00:00,17498.6,17220.266666666666,17327.333333333332,0.009233757564371,0.0115286936940741,,0,0.0
2024-02-02 00:00:00,17599.0,17400.566666666666,17647.63333333333,0.0091928006831871,0.0115229722362168,,0,0.0
2024-02-04 00:00:00,17618.8,17551.933333333334,17733.26666666667,0.0091748146222368,0.0115038671881339,,0,0.0
2024-02-05 00:00:00,17614.4,17619.7,17632.7,0.0091822592558003,0.0114841640662835,,0,0.0
2024-02-06 00:00:00,17572.1,17581.2,17697.0,0.0092218298040453,0.0114751384887983,,0,0.0
2024-02-07 00:00:00,17762.8,17579.3,17679.199999999997,0.0093903278295947,0.011454463740533,,0,0.0
2024-02-08 00:00:00,17785.6,17702.733333333334,17855.666666666668,0.0093959993576159,0.0114316123198214,,0,0.0
2024-02-09 00:00:00,17961.8,17772.033333333333,17830.366666666665,0.0092243512798311,0.0114215296639904,,0,0.0
2024-02-11 00:00:00,17956.8,17907.2,18043.800000000003,0.0086382925932455,0.0114060316496354,,0,0.0
2024-02-12 00:00:00,17860.2,17947.933333333334,17970.26666666667,0.0079610165537492,0.0113940628467405,,0,0.0
2024-02-13 00:00:00,17622.0,17912.466666666664,17991.133333333328,0.0086246670049162,0.0113886732943986,,0,0.0
2024-02-14 00:00:00,17810.8,17662.266666666666,17845.13333333333,0.0088952696738014,0.0113710509469765,,0,0.0
2024-02-15 00:00:00,17886.5,17744.266666666666,17887.333333333332,0.0088373108809562,0.0113352341560109,,0,0.0
2024-02-16 00:00:00,17659.2,17834.033333333333,17955.266666666666,0.0093616822429085,0.0113083930213653,,0,0.0
2024-02-18 00:00:00,17714.0,17757.066666666666,17862.13333333333,0.0093110090221984,0.0113026387154147,,0,0.0
2024-02-19 00:00:00,17685.0,17707.533333333333,17736.066666666666,0.0093025584374652,0.0112729450457801,,0,0.0
2024-02-20 00:00:00,17516.6,17701.733333333334,17727.466666666667,0.0095792262656992,0.0112316468922658,,0,0.0
2024-02-21 00:00:00,17653.6,17531.93333333333,17674.266666666663,0.0092229819678183,0.0112128118200049,,0,0.0
2024-02-22 00:00:00,17991.9,17544.833333333332,17765.266666666663,0.0093753445544269,0.0111996891786253,,0,0.0
2024-02-23 00:00:00,17917.1,17894.166666666668,18135.533333333336,0.0091001797068245,0.0111689119440202,,0,0.0
2024-02-25 00:00:00,17936.5,17969.833333333332,18042.666666666664,0.0081965211173141,0.0111350805887833,,0,0.0
2024-02-26 00:00:00,17924.7,17928.2,17950.600000000002,0.0081375307612936,0.0110890861358111,,0,0.0
2024-02-27 00:00:00,17965.3,17939.233333333334,18002.266666666666,0.0081428218119135,0.0110365761925888,,0,0.0
2024-02-28 00:00:00,17837.7,17946.0,18021.3,0.0083402174190729,0.0109612648778195,,0,0.0
2024-02-29 00:00:00,18026.9,17876.36666666667,17938.333333333336,0.008592073159809,0.0108970234540747,,0,0.0
2024-03-01 00:00:00,18287.5,17965.866666666665,18137.73333333333,0.0088369449601894,0.0108714437693135,,0,0.0
2024-03-03 00:00:00,18309.0,18208.266666666663,18418.83333333333,0.0088371129181619,0.010851560412467,,0,0.0
2024-03-04 00:00:00,18197.2,18311.3,18329.1,0.0087592931043692,0.0108066362668707,,0,0.0
2024-03-05 00:00:00,17940.5,18244.0,18296.4,0.0093644123124657,0.0107177880893649,,0,0.0
2024-03-06 00:00:00,17997.4,17987.766666666666,18164.733333333334,0.0093010482897844,0.0106643373014626,,0,0.0
2024-03-07 00:00:00,18246.8,18023.5,18126.2,0.0091703621786368,0.0106419778562486,,0,0.0
2024-03-08 00:00:00,18037.1,18160.8,18426.6,0.0093742542033884,0.0106129368338808,,0,0.0
2024-03-10 00:00:00,18026.3,18149.8,18304.1,0.009339510877773,0.0105861362497609,,0,0.0
2024-03-11 00:00:00,18047.8,18004.033333333336,18049.66666666667,0.0088126677027007,0.0105574775926999,,0,0.0
2024-03-12 00:00:00,18250.4,17990.300000000003,18107.200000000004,0.0090913500907349,0.0105273950400607,,0,0.0
2024-03-13 00:00:00,18146.1,18146.93333333333,18366.266666666663,0.0092110989186871,0.0105141828353569,,0,0.0
2024-03-14 00:00:00,18014.4,18160.533333333333,18264.166666666664,0.0090837472754679,0.0105113851625772,,0,0.0
2024-03-15 00:00:00,17844.4,18050.93333333333,18164.466666666667,0.0092637139234558,0.0105047801435355,,0,0.0
2024-03-17 00:00:00,17860.4,17910.133333333335,18032.86666666667,0.0081709667171554,0.0105001137189802,,0,0.0
2024-03-18 00:00:00,17976.6,17862.600000000002,17881.700000000004,0.0082558855490816,0.0104848721828916,,0,0.0
2024-03-19 00:00:00,18057.5,17994.333333333332,18143.866666666665,0.00831034664896,0.0104630981235284,,0,0.0
2024-03-20 00:00:00,18367.8,17992.533333333333,18146.566666666666,0.0091131721476128,0.0104537632738008,,0,0.0
2024-03-21 00:00:00,18376.0,18254.033333333336,18491.56666666668,0.0091117005575168,0.0104422231333336,,0,0.0
2024-03-22 00:00:00,18355.4,18404.3,18468.7,0.0089220628772067,0.0104253397024512,,0,0.0
2024-03-24 00:00:00,18377.6,18350.83333333333,18421.866666666665,0.008659096136589,0.0104130326501271,,0,0.0
2024-03-25 00:00:00,18339.8,18367.33333333333,18390.066666666666,0.0080760862949495,0.0104083133321136,,0,0.0
2024-03-26 00:00:00,18290.4,18313.0,18419.0,0.0080971383394568,0.0103703505973456,,0,0.0
2024-03-27 00:00:00,18285.2,18316.6,18391.6,0.0079704666684199,0.0103166691752398,,0,0.0
2024-03-28 00:00:00,18271.1,18279.066666666666,18378.63333333333,0.0072275372498563,0.0102952489035545,,0,0.0
2024-03-31 00:00:00,18415.4,18289.466666666667,18324.533333333333,0.0073800556963052,0.0102843150861724,,0,0.0
2024-04-01 00:00:00,18285.6,18390.266666666663,18443.33333333333,0.0069575432429273,0.0102654442333402,,0,0.0
2024-04-02 00:00:00,18147.4,18308.1,18394.9,0.0066609460834572,0.0102499774696434,,0,0.0
2024-04-03 00:00:00,18265.6,18163.43333333333,18309.966666666667,0.0067974315569026,0.0101974666301499,,0,0.0
2024-04-04 00:00:00,17912.5,18207.3,18362.7,0.0081340388226304,0.0101462807185231,,0,0.0
2024-04-05 00:00:00,18137.0,18058.93333333333,18241.36666666667,0.0082365281691369,0.0101427315706408,,0,0.0
2024-04-07 00:00:00,18146.4,18081.7,18290.0,0.0081373587229103,0.0101013373879188,,0,0.0
2024-04-08 00:00:00,18128.6,18157.6,18182.4,0.0079605184522563,0.0100446257136178,,0,0.0
2024-04-09 00:00:00,18202.0,18131.9,18198.8,0.0076534689523111,0.0099990023200692,,0,0.0
2024-04-10 00:00:00,17997.8,18143.43333333333,18299.36666666667,0.0081284896495666,0.0099715704713465,,0,0.0
2024-04-11 00:00:00,18330.8,18062.86666666667,18237.733333333337,0.008997764326394,0.0099657741859539,,0,0.0
2024-04-12 00:00:00,18017.0,18206.43333333333,18483.666666666668,0.0098181596844853,0.0099566104876999,,0,0.0
2024-04-14 00:00:00,18081.8,18109.9,18255.2,0.00899747828284,0.0099381057052813,,0,0.0
2024-04-15 00:00:00,17723.6,18065.266666666663,18115.533333333333,0.0099462805519729,0.0099346868348652,,0,0.0
2024-04-16 00:00:00,17793.8,17871.133333333335,18047.46666666667,0.0100280029862795,0.0099346868348652,,0,0.0
2024-04-17 00:00:00,17547.6,17761.566666666666,17877.833333333332,0.0103721353418823,0.0099346868348652,,0,0.0
2024-04-18 00:00:00,17355.8,17617.266666666666,17756.533333333333,0.0105513629643973,0.0099346868348652,,0,0.0
2024-04-19 00:00:00,17052.5,17442.899999999998,17544.799999999996,0.0110564735913112,0.0099346868348652,,0,0.0
2024-04-21 00:00:00,17141.4,17152.2,17319.100000000002,0.011206371541464,0.0099346868348652,,0,0.0
2024-04-22 00:00:00,17202.4,17117.8,17167.8,0.0112965049229198,0.0099346868348652,,0,0.0
2024-04-23 00:00:00,17579.8,17183.433333333334,17346.86666666667,0.0123894732794833,0.0099346868348652,,0,0.0
2024-04-24 00:00:00,17343.2,17449.466666666664,17727.133333333328,0.0126013459359305,0.0099346868348652,,0,0.0
2024-04-25 00:00:00,17643.8,17448.399999999998,17569.799999999996,0.0132926024053093,0.0099346868348652,,0,0.0
2024-04-26 00:00:00,17724.1,17514.666666666668,17841.333333333336,0.0132388599510588,0.0099346868348652,,0,0.0
2024-04-28 00:00:00,17773.4,17688.166666666668,17823.333333333336,0.0125708068224894,0.0099346868348652,,0,0.0
2024-04-29 00:00:00,17802.9,17763.1,17786.399999999998,0.0122160368695291,0.0099346868348652,,0,0.0
2024-04-30 00:00:00,17405.4,17774.466666666667,17863.733333333334,0.0131155736438662,0.0099346868348652,,0,0.0
2024-05-01 00:00:00,17430.6,17529.8,17689.399999999998,0.0131367387659161,0.0099346868348652,,0,0.0
2024-05-02 00:00:00,17656.8,17474.666666666664,17649.03333333333,0.0134955905403679,0.0099346868348652,,0,0.0
2024-05-03 00:00:00,17926.5,17551.566666666666,17814.333333333332,0.0137816956447816,0.0099346868348652,,0,0.0
2024-05-05 00:00:00,17906.6,17833.0,18043.9,0.0130670203168685,0.0099346868348652,,0,0.0
2024-05-06 00:00:00,18084.7,17919.93333333333,17937.066666666662,0.0127162840137058,0.0099346868348652,,0,0.0
2024-05-07 00:00:00,18106.6,18024.766666666663,18163.33333333333,0.0126945535064395,0.0099346868348652,,0,0.0
2024-05-08 00:00:00,18066.0,18108.63333333333,18165.56666666667,0.0118186758707621,0.0099346868348652,,0,0.0
2024-05-09 00:00:00,18133.2,18061.966666666664,18148.83333333333,0.011815644508416,0.0099346868348652,,0,0.0
2024-05-10 00:00:00,18153.8,18095.733333333334,18182.86666666667,0.011287926301128,0.0099346868348652,,0,0.0
2024-05-12 00:00:00,18155.6,18166.033333333336,18237.466666666674,0.0108979900165993,0.0099346868348652,,0,0.0
2024-05-13 00:00:00,18196.6,18153.2,18167.2,0.0098556990868637,0.009920311716858,,0,0.0
2024-05-14 00:00:00,18335.4,18195.83333333333,18246.766666666663,0.0098950996472148,0.0099174367556373,,0,0.0
2024-05-15 00:00:00,18635.7,18256.466666666667,18432.733333333334,0.0103110791958682,0.0099174367556373,,0,0.0
2024-05-16 00:00:00,18569.4,18529.53333333333,18747.96666666666,0.0095309037646823,0.0099172136294197,,0,0.0
2024-05-17 00:00:00,18556.5,18598.833333333336,18645.76666666667,0.008784034671899,0.0099060918553689,,0,0.0
2024-05-19 00:00:00,18588.8,18542.5,18618.6,0.008153917869248,0.0098865063792785,,0,0.0
2024-05-20 00:00:00,18675.6,18580.666666666668,18600.733333333337,0.0081554171580316,0.0098668060991029,,0,0.0
2024-05-21 00:00:00,18737.1,18646.8,18736.7,0.0081566543180159,0.009839948274773,,0,0.0
2024-05-22 00:00:00,18802.4,18692.83333333333,18783.466666666664,0.008154904986436,0.0098211785735837,,0,0.0
2024-05-23 00:00:00,18632.4,18743.0,18877.7,0.0063429206317919,0.009813780677173,,0,0.0
2024-05-24 00:00:00,18804.0,18710.56666666667,18871.83333333334,0.0064517262817722,0.0097850069964055,,0,0.0
2024-05-26 00:00:00,18768.8,18758.866666666665,18903.13333333333,0.0061915053647658,0.0097589270422884,,0,0.0
2024-05-27 00:00:00,18840.0,18785.233333333334,18802.166666666668,0.0054939740774918,0.0097361568713279,,0,0.0
2024-05-28 00:00:00,18875.6,18831.36666666667,18896.533333333336,0.0054307426698219,0.0097057032336515,,0,0.0
2024-05-29 00:00:00,18671.4,18846.83333333333,18941.866666666665,0.0059252843516674,0.0096703318972907,,0,0.0
2024-05-30 00:00:00,18508.6,18734.733333333334,18816.666666666668,0.006360893606472,0.0096438178290033,,0,0.0
2024-05-31 00:00:00,18526.0,18580.63333333333,18661.96666666667,0.0063120346493394,0.009642382705216,,0,0.0
2024-06-02 00:00:00,18545.6,18444.83333333333,18698.566666666666,0.0062858239739023,0.0096382840252313,,0,0.0
2024-06-03 00:00:00,18602.4,18530.2,18567.4,0.0063004459845283,0.0096338084994612,,0,0.0
2024-06-04 00:00:00,18698.9,18566.93333333333,18744.36666666667,0.0063544528839399,0.0096243956455372,,0,0.0
2024-06-05 00:00:00,19051.2,18623.733333333334,18783.966666666667,0.007447215445188,0.0096008685562401,,0,0.0
2024-06-06 00:00:00,19039.2,18927.6,19191.200000000004,0.0073661357812305,0.009582340048149,,0,0.0
2024-06-07 00:00:00,18999.0,19035.733333333334,19086.466666666667,0.0065723446507528,0.0095619103141909,,0,0.0
2024-06-09 00:00:00,18995.0,19008.966666666664,19113.83333333333,0.0064926805325871,0.0095377490636824,,0,0.0
2024-06-10 00:00:00,19059.4,19003.86666666667,19018.333333333336,0.006495728700305,0.0095150508619155,,0,0.0
2024-06-11 00:00:00,19235.4,19035.4,19128.6,0.0067308351922999,0.0094826381057358,,0,0.0
2024-06-12 00:00:00,19581.3,19151.2,19332.800000000003,0.0076342392379789,0.0094632576151135,,0,0.0
2024-06-13 00:00:00,19596.0,19463.9,19710.5,0.0076397193936413,0.0094571236654034,,0,0.0
2024-06-14 00:00:00,19673.4,19581.93333333333,19682.466666666667,0.0076443112867692,0.0094465379684504,,0,0.0
2024-06-16 00:00:00,19691.5,19610.533333333333,19742.266666666663,0.0071770929059512,0.0094176324708069,,0,0.0
2024-06-17 00:00:00,19927.0,19682.5,19714.4,0.0073311777058917,0.0093931635936053,,0,0.0
2024-06-18 00:00:00,19973.5,19845.9,20071.2,0.0072460183105191,0.0093888447564647,,0,0.0
2024-06-19 00:00:00,19994.0,19940.166666666668,20024.93333333333,0.0072592928488505,0.0093813531188808,,0,0.0
2024-06-20 00:00:00,19837.6,19985.533333333333,20012.066666666666,0.0076518270447325,0.0093747993789077,,0,0.0
2024-06-21 00:00:00,19780.6,19897.866666666665,20068.63333333333,0.0071101972584237,0.0093693332579271,,0,0.0
2024-06-23 00:00:00,19778.4,19772.033333333333,19861.966666666667,0.0066120614904479,0.0093630472776871,,0,0.0
2024-06-24 00:00:00,19551.3,19783.7,19793.6,0.0073877095978356,0.0093572567463081,,0,0.0
2024-06-25 00:00:00,19748.6,19619.6,19731.400000000005,0.0075548251589502,0.0093461710637404,,0,0.0
2024-06-26 00:00:00,19703.4,19674.93333333333,19843.66666666666,0.0076531186926878,0.0093368653216036,,0,0.0
2024-06-27 00:00:00,19880.2,19746.766666666663,19809.533333333333,0.0077585792181214,0.0093226143938163,,0,0.0
2024-06-28 00:00:00,19754.9,19813.466666666664,19967.83333333333,0.0070805646896846,0.0093067837298318,,0,0.0
2024-06-30 00:00:00,19733.2,19835.7,19977.1,0.0070899328499647,0.0093018033636248,,0,0.0
2024-07-01 00:00:00,19817.6,19742.266666666663,19762.733333333334,0.0070474831946656,0.0092959416746034,,0,0.0
2024-07-02 00:00:00,20035.2,19763.033333333333,19926.566666666666,0.0072914802089939,0.0092796213634112,,0,0.0
2024-07-03 00:00:00,20201.0,19933.8,20159.6,0.0073970748722859,0.0092678232842931,,0,0.0
2024-07-04 00:00:00,20187.0,20145.83333333333,20288.866666666665,0.0072846114632138,0.009265476412321,,0,0.0
2024-07-05 00:00:00,20393.6,20190.566666666666,20212.533333333333,0.0065873226027934,0.0092558453248602,,0,0.0
2024-07-07 00:00:00,20389.5,20337.5,20494.4,0.0066006648983472,0.0092408671453177,,0,0.0
2024-07-08 00:00:00,20544.8,20397.233333333334,20408.966666666667,0.0067075200759107,0.009229054422101,,0,0.0
2024-07-09 00:00:00,20506.3,20489.800000000003,20601.400000000005,0.0067642334750499,0.0092236666238247,,0,0.0
2024-07-10 00:00:00,20690.0,20503.2,20581.4,0.0065631499014021,0.0092224058859318,,0,0.0
2024-07-11 00:00:00,20229.0,20640.233333333334,20775.266666666663,0.0084999173743225,0.0092164643613662,,0,0.0
2024-07-12 00:00:00,20357.0,20404.266666666663,20616.733333333334,0.0085937456338653,0.0092098900434229,,0,0.0
2024-07-14 00:00:00,20378.2,20355.6,20560.200000000004,0.0083432415421469,0.0092029786557616,,0,0.0
2024-07-15 00:00:00,20449.8,20361.3,20396.2,0.0082940220207403,0.0091950384132759,,0,0.0
2024-07-16 00:00:00,20396.4,20462.966666666664,20601.433333333327,0.008341425722959,0.0091875299694937,,0,0.0
2024-07-17 00:00:00,19897.0,20397.93333333333,20500.266666666663,0.0097928959506101,0.0091875299694937,,0,0.0
2024-07-18 00:00:00,19787.6,20037.266666666663,20269.83333333333,0.0096439975306059,0.0091875299694937,,0,0.0
2024-07-19 00:00:00,19552.2,19796.5,19992.1,0.0100040719214919,0.0091875299694937,,0,0.0
2024-07-21 00:00:00,19663.9,19624.733333333334,19748.466666666667,0.0098700477435926,0.0091875299694937,,0,0.0
2024-07-22 00:00:00,19809.8,19643.9,19708.200000000004,0.0099222732714054,0.0091875299694937,,0,0.0
2024-07-23 00:00:00,19649.0,19758.3,19950.8,0.0100927479336791,0.0091875299694937,,0,0.0
2024-07-24 00:00:00,19135.2,19744.13333333333,19845.466666666664,0.0115725444438644,0.0091875299694937,,0,0.0
2024-07-25 00:00:00,18893.4,19287.466666666664,19541.933333333327,0.0114158947435916,0.0091875299694937,,0,0.0
2024-07-26 00:00:00,19044.5,18967.63333333333,19187.46666666667,0.011401777333641,0.0091875299694937,,0,0.0
2024-07-28 00:00:00,19113.0,19034.0,19179.2,0.0114851513714564,0.0091875299694937,,0,0.0
2024-07-29 00:00:00,19012.2,19103.166666666668,19134.233333333337,0.0110848558255679,0.0091875299694937,,0,0.0
2024-07-30 00:00:00,18944.6,19081.63333333333,19178.566666666666,0.0110585840343022,0.0091875299694937,,0,0.0
2024-07-31 00:00:00,19556.5,18918.766666666663,19224.13333333333,0.0134878608867901,0.0091875299694937,,0,0.0
2024-08-01 00:00:00,18795.9,19341.166666666668,19783.333333333336,0.0157634478519417,0.0091875299694937,,0,0.0
2024-08-02 00:00:00,18409.8,19039.56666666667,19355.13333333334,0.015844771043752,0.0091875299694937,,0,0.0
2024-08-04 00:00:00,18159.4,18497.9,18727.9,0.0154814499573956,0.0091875299694937,,0,0.0
2024-08-05 00:00:00,18191.8,18183.866666666665,18257.13333333333,0.0153349961818048,0.0091875299694937,,0,0.0
2024-08-06 00:00:00,17964.0,17878.333333333332,18508.266666666663,0.0153306491906207,0.0091875299694937,,0,0.0
2024-08-07 00:00:00,17751.5,18075.466666666667,18278.93333333333,0.0152037847668275,0.0091875299694937,,0,0.0
2024-08-08 00:00:00,18510.8,17956.5,18260.7,0.0188368066893931,0.0091875299694937,,0,0.0
2024-08-09 00:00:00,18507.6,18256.533333333336,18780.26666666668,0.0182666827134213,0.0091875299694937,,0,0.0
2024-08-11 00:00:00,18536.1,18461.733333333334,18630.666666666668,0.0182930254602422,0.0091875299694937,,0,0.0
2024-08-12 00:00:00,18569.8,18509.13333333333,18593.16666666667,0.0182028858059827,0.0091875299694937,,0,0.0
2024-08-13 00:00:00,19033.6,18558.566666666666,18684.533333333333,0.0191411704181968,0.0091875299694937,,0,0.0
2024-08-14 00:00:00,19021.4,18875.3,19198.4,0.0190290202048416,0.0091875299694937,,0,0.0
2024-08-15 00:00:00,19524.0,18995.3,19148.1,0.0199748563920857,0.0091875299694937,,0,0.0
2024-08-16 00:00:00,19523.4,19364.8,19710.2,0.0190150063784134,0.0091875299694937,,0,0.0
2024-08-18 00:00:00,19561.2,19492.06666666667,19624.93333333333,0.0187350348766384,0.0091875299694937,,0,0.0
2024-08-19 00:00:00,19782.0,19561.43333333333,19586.466666666667,0.0188056664662973,0.0091875299694937,,0,0.0
2024-08-20 00:00:00,19714.2,19673.6,19908.000000000004,0.0188411827759314,0.0091875299694937,,0,0.0
2024-08-21 00:00:00,19859.4,19743.766666666663,19822.83333333333,0.0188062748607326,0.0091875299694937,,0,0.0
2024-08-22 00:00:00,19566.6,19820.3,19944.8,0.0191543441042907,0.0091875299694937,,0,0.0
2024-08-23 00:00:00,19707.8,19661.63333333333,19853.16666666667,0.0178267287040096,0.0091875299694937,,0,0.0
2024-08-25 00:00:00,19694.6,19687.83333333333,19851.066666666666,0.0152382217567613,0.0091875299694937,,0,0.0
2024-08-26 00:00:00,19511.9,19701.63333333333,19755.06666666667,0.0145357673706018,0.0091875299694937,,0,0.0
2024-08-27 00:00:00,19527.8,19576.0,19713.5,0.0140168334799893,0.0091875299694937,,0,0.0
2024-08-28 00:00:00,19139.8,19515.233333333334,19647.566666666666,0.0149783997621891,0.0091875299694937,,0,0.0
2024-08-29 00:00:00,19377.8,19286.2,19484.4,0.0146847254090968,0.0091875299694937,,0,0.0
2024-08-30 00:00:00,19545.6,19385.13333333333,19631.466666666664,0.0142378094625417,0.0091875299694937,,0,0.0
2024-09-01 00:00:00,19536.9,19482.33333333333,19646.666666666664,0.0111311009098269,0.0091875299694937,,0,0.0
2024-09-02 00:00:00,19530.2,19544.63333333333,19569.26666666667,0.0111335238582347,0.0091875299694937,,0,0.0
2024-09-03 00:00:00,18918.8,19541.63333333333,19621.266666666663,0.0134938523654005,0.0091875299694937,,0,0.0
2024-09-04 00:00:00,18895.8,19128.83333333333,19383.866666666665,0.0135025110317416,0.0091875299694937,,0,0.0
2024-09-05 00:00:00,18874.4,18919.733333333334,19051.86666666667,0.0122633883528566,0.0091875299694937,,0,0.0
2024-09-06 00:00:00,18338.4,18927.2,19061.2,0.0137756912504457,0.0091875299694937,,0,0.0
2024-09-08 00:00:00,18416.6,18527.8,18745.8,0.0121917902802259,0.0091875299694937,,0,0.0
2024-09-09 00:00:00,18690.4,18401.366666666665,18446.23333333333,0.0128120452328679,0.0091875299694937,,0,0.0
2024-09-10 00:00:00,18814.6,18606.533333333333,18802.066666666666,0.0129328030112456,0.0091875299694937,,0,0.0
2024-09-11 00:00:00,19225.8,18743.0,18925.6,0.0136919882910672,0.0091875299694937,,0,0.0
2024-09-12 00:00:00,19434.8,19008.9,19492.5,0.0139478878066238,0.0091875299694937,,0,0.0
2024-09-13 00:00:00,19491.7,19356.5,19545.7,0.0138491174009081,0.0091875299694937,,0,0.0
2024-09-15 00:00:00,19523.2,19477.033333333336,19573.66666666667,0.0134625654204467,0.0091875299694937,,0,0.0
2024-09-16 00:00:00,19442.6,19505.7,19548.099999999995,0.0133801828913893,0.0091875299694937,,0,0.0
2024-09-17 00:00:00,19495.2,19417.93333333333,19552.266666666663,0.0134004121440951,0.0091875299694937,,0,0.0
2024-09-18 00:00:00,19560.5,19489.93333333333,19625.06666666667,0.013257996813294,0.0091875299694937,,0,0.0
2024-09-19 00:00:00,19848.9,19540.13333333333,19718.76666666667,0.013651533473878,0.0091875299694937,,0,0.0
2024-09-20 00:00:00,19820.8,19775.3,20076.1,0.012768618246698,0.0091875299694937,,0,0.0
2024-09-22 00:00:00,19867.6,19789.8,19919.8,0.0125245354447443,0.0091875299694937,,0,0.0
2024-09-23 00:00:00,19880.1,19846.866666666665,19891.93333333333,0.0124051513818294,0.0091875299694937,,0,0.0
2024-09-24 00:00:00,19993.8,19869.8,19978.8,0.0124458947749384,0.0091875299694937,,0,0.0
2024-09-25 00:00:00,20091.6,19928.233333333334,20091.86666666667,0.0124660799300483,0.0091875299694937,,0,0.0
2024-09-26 00:00:00,20162.0,20022.533333333333,20167.066666666666,0.0097883384454577,0.0091875299694937,,0,0.0
2024-09-27 00:00:00,20018.8,20171.86666666667,20341.533333333336,0.010015035616966,0.0091875299694937,,0,0.0
2024-09-29 00:00:00,20092.3,20075.33333333333,20156.666666666664,0.0099697608714557,0.0091875299694937,,0,0.0
2024-09-30 00:00:00,20074.6,20057.566666666666,20136.33333333333,0.0067669256234493,0.0091785369390185,,0,0.0
2024-10-01 00:00:00,19760.4,20024.166666666668,20163.833333333336,0.0081383242888801,0.009172952081191,,0,0.0
2024-10-02 00:00:00,19885.4,19854.533333333333,20063.866666666665,0.0077274254388602,0.009170725859391,,0,0.0
2024-10-03 00:00:00,19815.3,19821.3,19981.1,0.007818166251644,0.009151370735489,,0,0.0
2024-10-04 00:00:00,20030.9,19813.36666666667,19945.13333333334,0.0067028589738319,0.009131425777822,,0,0.0
2024-10-06 00:00:00,20063.8,19969.033333333333,20157.266666666663,0.0063750891917903,0.0091296344411305,,0,0.0
2024-10-07 00:00:00,19821.9,20071.6,20089.000000000004,0.0070565403402652,0.0091269985091594,,0,0.0
2024-10-08 00:00:00,20114.4,19886.13333333333,20031.76666666667,0.0077115806758358,0.0091251146657372,,0,0.0
2024-10-09 00:00:00,20292.0,20021.8,20262.4,0.0077561657905653,0.0091244610022153,,0,0.0
2024-10-10 00:00:00,20295.6,20217.7,20398.800000000003,0.007767552773373,0.0091185326099649,,0,0.0
2024-10-11 00:00:00,20258.3,20262.966666666667,20382.43333333333,0.0078081122530494,0.0091124363525648,,0,0.0
2024-10-13 00:00:00,20270.4,20251.6,20344.700000000004,0.0071883714858834,0.0091059401321706,,0,0.0
2024-10-14 00:00:00,20484.9,20271.966666666667,20292.533333333333,0.0074648060947453,0.0090981931752114,,0,0.0
2024-10-15 00:00:00,20208.2,20411.93333333333,20596.266666666663,0.0081956709683168,0.0090937783671666,,0,0.0
2024-10-16 00:00:00,20174.4,20276.9,20443.3,0.0082155487523197,0.0090875486831014,,0,0.0
2024-10-17 00:00:00,20267.6,20163.733333333334,20264.666666666668,0.0081842844265417,0.0090694117289102,,0,0.0
2024-10-18 00:00:00,20348.1,20286.566666666666,20435.533333333333,0.0081621206013372,0.0090549689108181,,0,0.0
2024-10-20 00:00:00,20378.6,20307.8,20432.2,0.0081377079747539,0.0090277323804133,,0,0.0
2024-10-21 00:00:00,20389.2,20378.0,20391.0,0.0079356492645068,0.0089991837239684,,0,0.0
2024-10-22 00:00:00,20405.8,20339.5,20470.0,0.0079096964127929,0.008997621304617,,0,0.0
2024-10-23 00:00:00,20169.4,20372.33333333333,20510.766666666663,0.0083779937922126,0.0089945197762352,,0,0.0
2024-10-24 00:00:00,20263.6,20181.93333333333,20405.266666666663,0.0075354685929765,0.0089858051550279,,0,0.0
2024-10-25 00:00:00,20359.6,20237.13333333333,20332.76666666667,0.0074877700210493,0.0089705508960794,,0,0.0
2024-10-27 00:00:00,20480.6,20398.8,20550.3,0.0074722190881399,0.0089512485938203,,0,0.0
2024-10-28 00:00:00,20395.4,20471.1,20514.2,0.0072510119480322,0.008931753656557,,0,0.0
2024-10-29 00:00:00,20643.0,20442.93333333333,20511.766666666663,0.0076731732427567,0.0089113915823652,,0,0.0
2024-10-30 00:00:00,20321.0,20539.83333333333,20759.366666666665,0.0080337633406482,0.0088979949806625,,0,0.0
2024-10-31 00:00:00,19975.0,20440.766666666663,20563.33333333333,0.0083633682451139,0.0088875863921443,,0,0.0
2024-11-01 00:00:00,20072.8,20081.43333333333,20251.966666666667,0.0081812961234428,0.0088783659322599,,0,0.0
2024-11-03 00:00:00,20037.3,20060.666666666668,20202.13333333333,0.008184249437315,0.0088707573701432,,0,0.0
2024-11-04 00:00:00,19999.2,20023.966666666664,20073.633333333328,0.0081847648118264,0.0088575019409293,,0,0.0
2024-11-05 00:00:00,20255.8,20022.13333333333,20128.266666666663,0.0087194879426388,0.0088497462174902,,0,0.0
2024-11-06 00:00:00,20802.8,20169.13333333333,20384.666666666664,0.0103830316551542,0.0088497462174902,,0,0.0
2024-11-07 00:00:00,21137.0,20629.13333333333,21021.766666666663,0.0103406962099969,0.0088497462174902,,0,0.0
2024-11-08 00:00:00,21138.6,21025.666666666668,21277.533333333336,0.0103126985902093,0.0088497462174902,,0,0.0
2024-11-10 00:00:00,21214.2,21115.13333333333,21198.26666666667,0.0103034468443225,0.0088497462174902,,0,0.0
2024-11-11 00:00:00,21136.4,21203.0,21232.5,0.0103808878672495,0.0088497462174902,,0,0.0
2024-11-12 00:00:00,21083.8,21135.06666666667,21251.63333333334,0.0104282574296107,0.0088497462174902,,0,0.0
2024-11-13 00:00:00,21091.0,21077.733333333334,21177.566666666666,0.0104294463345705,0.0088497462174902,,0,0.0
2024-11-14 00:00:00,20875.1,21087.5,21194.5,0.010768567395174,0.0088497462174902,,0,0.0
2024-11-15 00:00:00,20431.8,20950.9,21039.6,0.0115585171766237,0.0088497462174902,,0,0.0
2024-11-17 00:00:00,20496.4,20549.733333333334,20763.666666666668,0.011536210264885,0.0088575019409293,,0,0.0
2024-11-18 00:00:00,20558.6,20465.966666666667,20527.13333333333,0.0115105886352605,0.0088575019409293,,0,0.0
2024-11-19 00:00:00,20721.4,20540.5,20670.4,0.0115676513962137,0.0088575019409293,,0,0.0
2024-11-20 00:00:00,20689.6,20589.966666666667,20861.93333333333,0.0115250352682218,0.0088575019409293,,0,0.0
2024-11-21 00:00:00,20714.0,20628.666666666668,20841.93333333333,0.0112127541598078,0.0088575019409293,,0,0.0
2024-11-22 00:00:00,20817.7,20669.266666666663,20887.13333333333,0.0106122579942795,0.0088575019409293,,0,0.0
2024-11-24 00:00:00,20877.2,20757.33333333333,20881.466666666664,0.0097010527920893,0.0088575019409293,,0,0.0
2024-11-25 00:00:00,20783.5,20881.0,20891.4,0.0097931349983973,0.0088575019409293,,0,0.0
2024-11-26 00:00:00,20935.2,20844.83333333333,20960.466666666664,0.0098297122214459,0.0088575019409293,,0,0.0
2024-11-27 00:00:00,20776.9,20870.766666666663,21037.533333333333,0.0100345607647741,0.0088575019409293,,0,0.0
2024-11-28 00:00:00,20840.4,20791.166666666668,20953.93333333333,0.0097098795679194,0.0088707573701432,,0,0.0
2024-11-29 00:00:00,20946.0,20826.4,20876.300000000003,0.0077055576171675,0.0088707573701432,,0,0.0
2024-12-01 00:00:00,20921.6,20892.566666666666,21027.33333333333,0.0067642980874556,0.0088707573701432,,0,0.0
2024-12-02 00:00:00,21177.6,20929.9,20949.6,0.0073398806429164,0.0088707573701432,,0,0.0
2024-12-03 00:00:00,21299.3,21099.5,21301.8,0.0074094147624689,0.0088707573701432,,0,0.0
2024-12-04 00:00:00,21477.0,21233.066666666666,21368.13333333333,0.0075623522223938,0.0088707573701432,,0,0.0
2024-12-05 00:00:00,21421.6,21425.266666666663,21568.233333333334,0.0075644768952699,0.0088707573701432,,0,0.0
2024-12-06 00:00:00,21601.3,21449.56666666667,21508.233333333337,0.0077493135267218,0.0088707573701432,,0,0.0
2024-12-08 00:00:00,21625.0,21548.43333333333,21687.86666666667,0.007266421126753,0.0088707573701432,,0,0.0
2024-12-09 00:00:00,21440.7,21618.6,21643.60000000001,0.0054832698410112,0.0088707573701432,,0,0.0
2024-12-10 00:00:00,21406.0,21506.066666666666,21608.033333333333,0.0055532953898102,0.0088707573701432,,0,0.0
2024-12-11 00:00:00,21738.7,21439.466666666667,21548.43333333333,0.0063068080760764,0.0088707573701432,,0,0.0
2024-12-12 00:00:00,21726.4,21640.766666666663,21897.93333333333,0.0062302158680936,0.0088707573701432,,0,0.0
2024-12-13 00:00:00,21744.0,21688.966666666667,21789.93333333333,0.006174302438062,0.0088707573701432,,0,0.0
2024-12-15 00:00:00,21772.6,21760.6,21872.60000000001,0.0061728389133006,0.0088707573701432,,0,0.0
2024-12-16 00:00:00,22082.6,21767.266666666663,21788.93333333333,0.006692373965394,0.0088707573701432,,0,0.0
2024-12-17 00:00:00,21983.8,21994.900000000005,22223.10000000001,0.0068968148623505,0.0088707573701432,,0,0.0
2024-12-18 00:00:00,21211.0,22002.86666666667,22088.93333333333,0.0108392638387216,0.0088783659322599,,0,0.0
2024-12-19 00:00:00,21142.4,21453.3,21855.2,0.0107766458543988,0.0088875863921443,,0,0.0
2024-12-20 00:00:00,21352.2,21231.9,21348.300000000003,0.0107933206056251,0.0088979949806625,,0,0.0
2024-12-22 00:00:00,21460.9,21245.733333333334,21716.466666666667,0.0108190855545987,0.0089113915823652,,0,0.0
2024-12-23 00:00:00,21547.2,21463.000000000004,21484.60000000001,0.0108035775904459,0.0089510559588161,,0,0.0
2024-12-24 00:00:00,21856.6,21471.866666666665,21662.13333333333,0.0111560802777297,0.0089887636616327,,0,0.0
2024-12-25 00:00:00,21869.6,21745.13333333333,21970.96666666667,0.0109084783169777,0.008997621304617,,0,0.0
2024-12-26 00:00:00,21818.8,21873.166666666668,21887.033333333336,0.0108988385285798,0.0090263129828388,,0,0.0
2024-12-27 00:00:00,21541.6,21806.63333333333,21932.766666666663,0.0111914286526936,0.0090549689108181,,0,0.0
2024-12-29 00:00:00,21523.0,21561.3,21802.1,0.0111754810565019,0.0090694117289102,,0,0.0
2024-12-30 00:00:00,21221.5,21525.8,21559.4,0.0114408749142563,0.0090875486831014,,0,0.0
2024-12-31 00:00:00,21068.2,21279.63333333333,21484.666666666664,0.0115183777499337,0.0090937783671666,,0,0.0
2025-01-01 00:00:00,21100.2,21146.066666666666,21276.83333333333,0.0114024884487017,0.0090981931752114,,0,0.0
2025-01-02 00:00:00,21000.4,21110.6,21143.400000000005,0.0114363113803366,0.0090981931752114,,0,0.0
2025-01-03 00:00:00,21327.7,21049.13333333333,21274.66666666667,0.0114395709493653,0.0090981931752114,,0,0.0
2025-01-05 00:00:00,21362.9,21238.733333333334,21486.266666666663,0.0114536138540387,0.0090981931752114,,0,0.0
2025-01-06 00:00:00,21613.0,21359.56666666667,21379.13333333334,0.0117875767775698,0.0090981931752114,,0,0.0
2025-01-07 00:00:00,21238.0,21554.966666666667,21792.533333333333,0.0123822792430483,0.0090981931752114,,0,0.0
2025-01-08 00:00:00,21165.4,21337.566666666666,21548.43333333333,0.0118437140760603,0.0090981931752114,,0,0.0
2025-01-09 00:00:00,21087.6,21158.43333333333,21300.266666666663,0.0118364631768344,0.0090981931752114,,0,0.0
2025-01-10 00:00:00,20847.8,21115.5,21169.3,0.0092420909372836,0.0090981931752114,,0,0.0
2025-01-12 00:00:00,20856.3,20931.6,21138.000000000004,0.0092279427227669,0.0090981931752114,,0,0.0
2025-01-13 00:00:00,20911.6,20846.9,20893.8,0.0089282078687377,0.0090937783671666,,0,0.0
2025-01-14 00:00:00,20815.3,20805.8,21060.0,0.0088426704820045,0.0090875486831014,,0,0.0
2025-01-15 00:00:00,21281.4,20822.066666666666,21002.83333333333,0.0102821597280379,0.0090875486831014,,0,0.0
2025-01-16 00:00:00,21103.4,21125.466666666667,21474.63333333333,0.0097892735810887,0.0090875486831014,,0,0.0
2025-01-17 00:00:00,21456.2,21192.06666666667,21343.13333333334,0.0106175764334504,0.0090875486831014,,0,0.0
2025-01-19 00:00:00,21415.1,21366.8,21637.9,0.01061509461904,0.0090875486831014,,0,0.0
2025-01-20 00:00:00,21602.0,21431.9,21466.2,0.0104388942861082,0.0090875486831014,,0,0.0
2025-01-21 00:00:00,21689.0,21551.966666666667,21697.733333333334,0.0104701180283974,0.0090875486831014,,0,0.0
2025-01-22 00:00:00,21844.6,21546.033333333336,21842.16666666667,0.0099925474560933,0.0090875486831014,,0,0.0
2025-01-23 00:00:00,21892.8,21833.466666666667,21983.533333333333,0.0097796951692027,0.0090875486831014,,0,0.0
2025-01-24 00:00:00,21792.6,21853.36666666667,21971.833333333336,0.0098887676659456,0.0090875486831014,,0,0.0
2025-01-26 00:00:00,21550.2,21827.13333333333,21925.76666666667,0.0102045526300524,0.0090937783671666,,0,0.0
2025-01-27 00:00:00,21215.4,21558.36666666667,21599.533333333336,0.010290784300646,0.0090981931752114,,0,0.0
2025-01-28 00:00:00,21433.6,21140.500000000004,21632.10000000001,0.0105509409391215,0.0091059401321706,,0,0.0
2025-01-29 00:00:00,21426.3,21332.1,21614.9,0.0101984960339846,0.0091124363525648,,0,0.0
2025-01-30 00:00:00,21586.6,21422.6,21588.900000000005,0.0095127690931409,0.0091124363525648,,0,0.0
2025-01-31 00:00:00,21447.1,21510.166666666664,21712.73333333333,0.009608643180486,0.0091185326099649,,0,0.0
2025-02-02 00:00:00,21006.0,21575.1,21725.6,0.0106948855000169,0.0091185326099649,,0,0.0
2025-02-03 00:00:00,21462.5,20998.0,21037.6,0.011403228625503,0.0091185326099649,,0,0.0
2025-02-04 00:00:00,21467.2,21268.733333333334,21668.966666666667,0.0114042717559464,0.0091185326099649,,0,0.0
2025-02-05 00:00:00,21677.6,21397.8,21661.8,0.0115531430363874,0.0091185326099649,,0,0.0
2025-02-06 00:00:00,21758.0,21569.766666666663,21808.13333333333,0.0114573141037573,0.0091244610022153,,0,0.0
2025-02-07 00:00:00,21487.3,21719.033333333333,21826.466666666667,0.0108715901630782,0.0091251146657372,,0,0.0
2025-02-09 00:00:00,21551.8,21607.4,21751.8,0.0106770989061092,0.0091269985091594,,0,0.0
2025-02-10 00:00:00,21710.0,21503.566666666666,21610.43333333333,0.0101482568406888,0.0091296344411305,,0,0.0
2025-02-11 00:00:00,21736.6,21686.2,21823.6,0.0101309630291045,0.009131425777822,,0,0.0
2025-02-12 00:00:00,21817.3,21702.1,21819.9,0.0099852898116234,0.009151370735489,,0,0.0
2025-02-13 00:00:00,22011.4,21693.63333333333,21950.666666666664,0.0101329748081626,0.009170725859391,,0,0.0
2025-02-14 00:00:00,22136.7,21915.8,22149.2,0.0100891412511929,0.009172952081191,,0,0.0
2025-02-16 00:00:00,22141.0,22086.3,22202.6,0.0100834934620774,0.0091785369390185,,0,0.0
2025-02-17 00:00:00,22149.4,22141.33333333333,22156.766666666663,0.0100098895013553,0.0091875299694937,,0,0.0
2025-02-18 00:00:00,22189.3,22160.733333333337,22199.466666666674,0.0096045514759104,0.0092007409256729,,0,0.0
2025-02-19 00:00:00,22155.5,22156.533333333336,22280.76666666668,0.0087708541839298,0.0092007409256729,,0,0.0
2025-02-20 00:00:00,22099.0,22151.3,22245.5,0.0086168917189481,0.0092007409256729,,0,0.0
2025-02-21 00:00:00,21603.5,22051.7,22214.300000000003,0.0101518143960084,0.0092098900434229,,0,0.0
2025-02-23 00:00:00,21699.6,21793.866666666665,21992.13333333333,0.0100636911350808,0.0092164643613662,,0,0.0
2025-02-24 00:00:00,21336.0,21678.3,21737.4,0.0106730228114065,0.0092224058859318,,0,0.0
2025-02-25 00:00:00,21180.4,21469.233333333334,21620.86666666667,0.0097094211259753,0.0092236666238247,,0,0.0
2025-02-26 00:00:00,21169.4,21174.93333333333,21407.86666666667,0.0083187259612081,0.0092236666238247,,0,0.0
2025-02-27 00:00:00,20630.7,21185.63333333333,21349.66666666667,0.0099889748147209,0.009226147001299,,0,0.0
2025-02-28 00:00:00,20867.6,20839.1,21135.000000000004,0.0100994675657905,0.0092308501435689,,0,0.0
2025-03-02 00:00:00,20928.4,20729.9,21042.4,0.0100779573705496,0.0092379242508273,,0,0.0
2025-03-03 00:00:00,20474.8,20944.666666666668,20979.733333333337,0.0107739690919314,0.009245033831774,,0,0.0
2025-03-04 00:00:00,20548.9,20611.266666666663,20944.533333333333,0.0107909930798948,0.0092558453248602,,0,0.0
2025-03-05 00:00:00,20576.0,20429.3,20823.0,0.0105892736048366,0.0092823811066201,,0,0.0
2025-03-06 00:00:00,20156.6,20486.5,20786.8,0.011257038882254,0.0093018033636248,,0,0.0
2025-03-07 00:00:00,20175.4,20250.4,20524.2,0.0111775054110969,0.0093067837298318,,0,0.0
2025-03-09 00:00:00,20007.7,20057.63333333333,20378.56666666667,0.0108011114516342,0.0093226143938163,,0,0.0
2025-03-10 00:00:00,19285.8,20000.166666666668,20092.733333333337,0.0125776131897343,0.0093368653216036,,0,0.0
2025-03-11 00:00:00,19461.6,19542.4,19872.4,0.0129899143103793,0.0093461710637404,,0,0.0
2025-03-12 00:00:00,19669.2,19418.033333333333,19711.166666666664,0.0134653048395847,0.0093572567463081,,0,0.0
2025-03-13 00:00:00,19343.2,19603.766666666663,19836.733333333334,0.0135436467320214,0.0093630472776871,,0,0.0
2025-03-14 00:00:00,19649.2,19393.166666666668,19628.63333333333,0.0144226906759598,0.0093693332579271,,0,0.0
2025-03-16 00:00:00,19569.6,19565.2,19811.0,0.0144083246551313,0.0093747993789077,,0,0.0
2025-03-17 00:00:00,19814.2,19590.0,19644.2,0.0144242987119409,0.0093813531188808,,0,0.0
2025-03-18 00:00:00,19511.6,19768.466666666664,19998.03333333333,0.0144749422597302,0.0093888447564647,,0,0.0
2025-03-19 00:00:00,19850.8,19576.4,19757.0,0.0150423520989059,0.0093931635936053,,0,0.0
2025-03-20 00:00:00,19705.0,19759.066666666666,20055.13333333333,0.0150430473633908,0.0094282181677599,,0,0.0
2025-03-21 00:00:00,19794.4,19727.63333333333,19901.06666666667,0.01513788204261,0.0094798174685264,,0,0.0
2025-03-23 00:00:00,19932.8,19673.3,19923.3,0.0143509313021087,0.0095059835261448,,0,0.0
2025-03-24 00:00:00,20179.6,19917.86666666667,19954.13333333334,0.0143954581922463,0.0095218364289116,,0,0.0
2025-03-25 00:00:00,20350.2,20111.7,20301.9,0.0145389886368844,0.0095550650151908,,0,0.0
2025-03-26 00:00:00,19885.6,20276.0,20433.4,0.0146263168209481,0.0095918888708048,,0,0.0
2025-03-27 00:00:00,19800.2,20026.4,20222.4,0.0145916345904847,0.0096065973281982,,0,0.0
2025-03-28 00:00:00,19213.3,19863.466666666664,19962.133333333328,0.0158377357835068,0.0096124632311838,,0,0.0
2025-03-30 00:00:00,19098.6,19421.96666666667,19634.73333333334,0.0153395915781457,0.0096297948157903,,0,0.0
2025-03-31 00:00:00,19210.8,19107.43333333333,19158.066666666666,0.0154386312449415,0.0096436519401524,,0,0.0
2025-04-01 00:00:00,19495.0,19123.466666666664,19429.133333333328,0.0158272332708695,0.0096436519401524,,0,0.0
2025-04-02 00:00:00,18727.2,19384.0,19654.5,0.0162229407830451,0.0096436519401524,,0,0.0
2025-04-03 00:00:00,18511.8,19096.93333333333,19525.26666666667,0.016178440947179,0.0096436519401524,,0,0.0
2025-04-04 00:00:00,17364.2,18662.0,18874.9,0.0206392604827339,0.0096436519401524,,0,0.0
2025-04-06 00:00:00,16594.6,17731.53333333333,18203.46666666666,0.0222562406253801,0.0096436519401524,,0,0.0
2025-04-07 00:00:00,17642.5,16549.3,16763.5,0.0268882527711456,0.0096436519401524,,0,0.0
2025-04-08 00:00:00,16870.1,17408.600000000002,18464.200000000004,0.0282456832253678,0.0096436519401524,,0,0.0
2025-04-09 00:00:00,19198.4,17285.833333333332,17817.066666666666,0.0429338083944366,0.0096436519401524,,0,0.0
2025-04-10 00:00:00,18239.4,18360.266666666663,20106.33333333333,0.0442323994968209,0.0096436519401524,,0,0.0
2025-04-11 00:00:00,18694.1,18421.266666666663,19038.13333333333,0.0444423408535846,0.0096436519401524,,0,0.0
2025-04-13 00:00:00,18890.2,18467.3,18977.8,0.0445103248802646,0.0096436519401524,,0,0.0
2025-04-14 00:00:00,18731.8,18900.666666666668,18991.733333333337,0.044516411078809,0.0096436519401524,,0,0.0
2025-04-15 00:00:00,18610.6,18827.166666666668,19038.13333333333,0.0444774587597908,0.0096436519401524,,0,0.0
2025-04-16 00:00:00,18289.2,18737.7,18899.300000000003,0.044448704681731,0.0096436519401524,,0,0.0
2025-04-17 00:00:00,18319.6,18344.866666666665,18685.93333333333,0.0443743922349971,0.0096436519401524,,0,0.0
2025-04-20 00:00:00,18206.2,18335.866666666665,18522.73333333333,0.0441650463469921,0.0096436519401524,,0,0.0
2025-04-21 00:00:00,17895.2,18198.83333333333,18253.666666666664,0.0442694083039666,0.0096436519401524,,0,0.0
2025-04-22 00:00:00,18664.4,17917.266666666666,18242.13333333333,0.0450404002210605,0.0096436519401524,,0,0.0
2025-04-23 00:00:00,18739.3,18402.63333333333,18965.26666666667,0.0450321441602115,0.0096436519401524,,0,0.0
2025-04-24 00:00:00,19315.8,18778.066666666666,19029.033333333333,0.0455446513655139,0.0096436519401524,,0,0.0
2025-04-25 00:00:00,19452.4,19049.2,19603.4,0.0454562009307113,0.0096436519401524,,0,0.0
2025-04-27 00:00:00,19358.6,19353.8,19589.4,0.0444933904457791,0.0096725251613476,,0,0.0
2025-04-28 00:00:00,19436.6,19370.266666666663,19402.63333333333,0.0443703116894987,0.0097052369590323,,0,0.0
2025-04-29 00:00:00,19471.2,19373.666666666664,19587.53333333333,0.0416351455728937,0.0097096503469473,,0,0.0
2025-04-30 00:00:00,19829.0,19451.8,19616.4,0.0399302685013398,0.009733560664773,,0,0.0
2025-05-01 00:00:00,19699.0,19562.866666666665,20112.73333333333,0.0380124786991499,0.0097589270422884,,0,0.0
2025-05-02 00:00:00,20112.3,19798.266666666663,19937.733333333334,0.0362500716287739,0.0097701537460764,,0,0.0
2025-05-04 00:00:00,19995.4,19987.666666666668,20311.333333333336,0.0200371586495032,0.0097840168073302,,0,0.0
2025-05-05 00:00:00,19925.6,20015.0,20066.4,0.0159445907761991,0.0097888060132732,,0,0.0
2025-05-06 00:00:00,19988.6,19971.066666666666,20063.33333333333,0.0152060973021134,0.0097910847658494,,0,0.0
2025-05-07 00:00:00,19876.2,19900.0,20143.2,0.0152409419964505,0.0097930154745037,,0,0.0
2025-05-08 00:00:00,20062.8,19835.33333333333,20067.866666666665,0.0150805817816113,0.0098056473414413,,0,0.0
2025-05-09 00:00:00,20066.1,20057.9,20266.2,0.014920808378476,0.0098239359529656,,0,0.0
2025-05-11 00:00:00,20375.8,20086.63333333333,20191.46666666667,0.0142587360608435,0.0098427056541548,,0,0.0
2025-05-12 00:00:00,20835.7,20367.533333333336,20433.966666666674,0.0147206639743538,0.0098628734152281,,0,0.0
2025-05-13 00:00:00,21219.8,20708.033333333336,21050.866666666672,0.0146278938314879,0.0098794077047691,,0,0.0
2025-05-14 00:00:00,21301.1,21079.9,21413.8,0.0134571105593452,0.0098919336565802,,0,0.0
2025-05-15 00:00:00,21338.1,21271.866666666665,21377.73333333333,0.0108576661573712,0.0099062214212655,,0,0.0
2025-05-16 00:00:00,21333.0,21303.733333333334,21489.466666666667,0.0109557110717646,0.0099062214212655,,0,0.0
2025-05-18 00:00:00,21307.2,21338.166666666668,21432.533333333336,0.0094698053407981,0.0098919336565802,,0,0.0
2025-05-19 00:00:00,21472.0,21291.2,21358.599999999995,0.0094787354122564,0.0098794077047691,,0,0.0
2025-05-20 00:00:00,21367.2,21334.733333333334,21630.666666666668,0.0094819458244584,0.0098628734152281,,0,0.0
2025-05-21 00:00:00,21084.2,21365.533333333336,21496.66666666667,0.0103234942148754,0.0098628734152281,,0,0.0
2025-05-22 00:00:00,21119.2,21197.233333333334,21383.466666666667,0.010324966381323,0.0098628734152281,,0,0.0
2025-05-23 00:00:00,20897.4,21124.966666666664,21271.933333333327,0.0102454812729712,0.0098628734152281,,0,0.0
2025-05-25 00:00:00,21132.8,20912.366666666665,21156.83333333333,0.0101749117424432,0.0098794077047691,,0,0.0
2025-05-26 00:00:00,21179.6,21068.666666666668,21234.733333333337,0.0093134484706295,0.0098794077047691,,0,0.0
2025-05-27 00:00:00,21423.0,21180.93333333333,21249.86666666666,0.0092916771150737,0.0098794077047691,,0,0.0
2025-05-28 00:00:00,21719.4,21316.466666666664,21547.33333333333,0.0094130082942564,0.0098628734152281,,0,0.0
2025-05-29 00:00:00,21271.8,21579.166666666668,21871.233333333337,0.0109479087363346,0.0098628734152281,,0,0.0
2025-05-30 00:00:00,21322.8,21447.33333333333,21638.066666666666,0.0107539306067407,0.0098628734152281,,0,0.0
2025-06-01 00:00:00,21261.6,21246.93333333333,21467.06666666667,0.0107544300061471,0.0098628734152281,,0,0.0
2025-06-02 00:00:00,21460.2,21267.6,21300.2,0.0108243667004418,0.0098628734152281,,0,0.0
2025-06-03 00:00:00,21671.2,21374.43333333333,21627.666666666668,0.0105665266745896,0.0098628734152281,,0,0.0
2025-06-04 00:00:00,21709.0,21587.733333333334,21810.566666666666,0.0095257576096469,0.0098427056541548,,0,0.0
2025-06-05 00:00:00,21512.4,21694.8,21782.1,0.0090140638323795,0.0098239359529656,,0,0.0
2025-06-06 00:00:00,21781.0,21621.166666666668,21790.733333333337,0.0093717350780015,0.0098056473414413,,0,0.0
2025-06-08 00:00:00,21733.0,21711.6,21912.400000000005,0.0094002690969671,0.0097930154745037,,0,0.0
2025-06-09 00:00:00,21810.8,21740.166666666668,21782.63333333333,0.0094134212851333,0.0097910847658494,,0,0.0
2025-06-10 00:00:00,21934.8,21786.733333333334,21886.266666666663,0.0094486371944598,0.0097888060132732,,0,0.0
2025-06-11 00:00:00,21818.4,21875.86666666667,22041.13333333334,0.0094453750833472,0.0097840168073302,,0,0.0
2025-06-12 00:00:00,21767.8,21888.033333333336,22004.56666666668,0.0093808219483118,0.009744787368561,,0,0.0
2025-06-13 00:00:00,21637.6,21807.566666666666,21918.033333333333,0.0089313437312295,0.0097096503469473,,0,0.0
2025-06-15 00:00:00,21673.1,21643.63333333333,21833.16666666667,0.0089313076353332,0.0097052369590323,,0,0.0
2025-06-16 00:00:00,21783.8,21627.666666666664,21731.53333333333,0.0085149376736806,0.0096725251613476,,0,0.0
2025-06-17 00:00:00,21690.5,21803.466666666664,21961.433333333327,0.0083435274381476,0.0096263203555459,,0,0.0
2025-06-18 00:00:00,21746.0,21746.666666666668,21844.13333333333,0.0083457885141657,0.0096065973281982,,0,0.0
2025-06-19 00:00:00,21682.4,21769.733333333334,21857.86666666667,0.008041052259995,0.0095918888708048,,0,0.0
2025-06-20 00:00:00,21677.4,21627.2,21805.4,0.0074163739520668,0.0095550650151908,,0,0.0
2025-06-22 00:00:00,21565.2,21724.13333333333,21878.86666666667,0.0057920397515091,0.0095283306871646,,0,0.0
2025-06-23 00:00:00,22047.6,21539.5,21613.7,0.0075536691794654,0.0095192633513939,,0,0.0
2025-06-24 00:00:00,22234.4,21875.266666666663,22238.733333333326,0.0076180417114059,0.0094973574587996,,0,0.0
2025-06-25 00:00:00,22274.4,22165.83333333333,22326.066666666666,0.0074338849554797,0.0094803406183574,,0,0.0
2025-06-26 00:00:00,22489.8,22277.13333333333,22355.266666666663,0.0074248658377775,0.0094742703765273,,0,0.0
2025-06-27 00:00:00,22551.6,22426.566666666666,22585.73333333333,0.0074272799236673,0.0094742703765273,,0,0.0
2025-06-29 00:00:00,22629.2,22532.4,22652.0,0.0069655502868419,0.0094742703765273,,0,0.0
2025-06-30 00:00:00,22700.6,22619.13333333333,22668.86666666666,0.0065665654831888,0.0094742703765273,,0,0.0
2025-07-01 00:00:00,22530.0,22684.099999999995,22767.89999999999,0.0068506263077331,0.009459221267629,,0,0.0
2025-07-02 00:00:00,22669.4,22559.13333333333,22704.466666666664,0.0069103403405613,0.0094470061389035,,0,0.0
2025-07-03 00:00:00,22854.6,22585.900000000005,22765.60000000001,0.0070026367313099,0.0094293981842403,,0,0.0
2025-07-04 00:00:00,22723.8,22808.3,22968.6,0.0070263364250155,0.0094293981842403,,0,0.0
2025-07-06 00:00:00,22803.2,22764.466666666664,22828.133333333328,0.0069556048160439,0.0094293981842403,,0,0.0
2025-07-07 00:00:00,22704.8,22809.2,22838.8,0.0068599019209012,0.0094293981842403,,0,0.0
2025-07-08 00:00:00,22734.9,22712.4,22813.0,0.0068621759513571,0.0094293981842403,,0,0.0
2025-07-09 00:00:00,22870.6,22736.56666666667,22800.93333333333,0.0068826201750516,0.0094293981842403,,0,0.0
2025-07-10 00:00:00,22882.6,22831.2,22984.4,0.0067166889909996,0.0094293981842403,,0,0.0
2025-07-11 00:00:00,22779.0,22848.566666666666,22959.83333333333,0.0069086884083562,0.0094293981842403,,0,0.0
2025-07-13 00:00:00,22707.8,22777.533333333336,22885.466666666674,0.0069169003808248,0.0094293981842403,,0,0.0
2025-07-14 00:00:00,22860.3,22698.13333333333,22738.466666666664,0.0069555512262707,0.0094293981842403,,0,0.0
2025-07-15 00:00:00,22864.8,22805.2,22964.0,0.0067363514001423,0.0094293981842403,,0,0.0
2025-07-16 00:00:00,22894.6,22920.36666666667,23015.93333333333,0.0049506363979349,0.0094293981842403,,0,0.0
2025-07-17 00:00:00,23135.8,22846.3,23002.2,0.0051136047675777,0.0094293981842403,,0,0.0
2025-07-18 00:00:00,23085.2,23050.13333333333,23228.966666666664,0.0051988773479215,0.0094293981842403,,0,0.0
2025-07-20 00:00:00,23117.8,23096.5,23164.1,0.0048578312084373,0.0094293981842403,,0,0.0
2025-07-21 00:00:00,23211.6,23100.166666666668,23137.833333333336,0.0048858541085509,0.0094293981842403,,0,0.0
2025-07-22 00:00:00,23130.8,23193.83333333333,23305.766666666663,0.0049819658638375,0.0094293981842403,,0,0.0
2025-07-23 00:00:00,23272.6,23112.566666666666,23250.33333333333,0.0050895489615569,0.0094293981842403,,0,0.0
2025-07-24 00:00:00,23279.6,23192.13333333333,23368.466666666664,0.004662671033706,0.0094293981842403,,0,0.0
2025-07-25 00:00:00,23320.1,23248.36666666667,23326.533333333336,0.0045392136081469,0.0094293981842403,,0,0.0
2025-07-27 00:00:00,23409.6,23292.066666666666,23379.83333333333,0.0042974008850388,0.0094293981842403,,0,0.0
2025-07-28 00:00:00,23412.2,23407.2,23433.5,0.0039890148565252,0.0094293981842403,,0,0.0
2025-07-29 00:00:00,23360.6,23395.13333333333,23477.666666666664,0.0040422895569742,0.0094293981842403,,0,0.0
2025-07-30 00:00:00,23612.8,23401.566666666666,23494.83333333333,0.0043542304803675,0.0094293981842403,,0,0.0
2025-07-31 00:00:00,23187.0,23495.666666666668,23744.333333333336,0.0062459993301505,0.0094293981842403,,0,0.0
2025-08-01 00:00:00,22766.4,23350.33333333333,23569.166666666664,0.0074480018043426,0.0094293981842403,,0,0.0
2025-08-03 00:00:00,22823.0,22893.233333333337,23104.56666666668,0.0074709495594611,0.0094293981842403,,0,0.0
2025-08-04 00:00:00,23236.8,22789.466666666664,22860.53333333333,0.0084222346873442,0.0094293981842403,,0,0.0
2025-08-05 00:00:00,22958.4,23101.6,23390.000000000004,0.0088728672960624,0.0094293981842403,,0,0.0
2025-08-06 00:00:00,23359.4,23072.033333333336,23192.66666666667,0.0095625724948493,0.0094470061389035,,0,0.0
2025-08-07 00:00:00,23448.0,23233.93333333333,23513.066666666666,0.0095780183940451,0.009459221267629,,0,0.0
2025-08-08 00:00:00,23676.4,23421.6,23604.60000000001,0.0097620450551321,0.0094742703765273,,0,0.0
2025-08-10 00:00:00,23614.6,23588.3,23765.6,0.0095784924605211,0.0094803406183574,,0,0.0
2025-08-11 00:00:00,23551.8,23631.666666666668,23654.333333333336,0.0095875185513227,0.0094973574587996,,0,0.0
2025-08-12 00:00:00,23878.4,23588.7,23674.6,0.0100079349538758,0.0095192633513939,,0,0.0
2025-08-13 00:00:00,23869.0,23757.13333333333,24003.066666666666,0.0100014792827046,0.0095283306871646,,0,0.0
2025-08-14 00:00:00,23808.6,23887.033333333336,23967.966666666674,0.0099790725544262,0.0095467381297658,,0,0.0
2025-08-15 00:00:00,23721.1,23815.36666666667,23917.93333333333,0.0099800923352889,0.0095702954444472,,0,0.0
2025-08-17 00:00:00,23773.3,23753.93333333333,23849.86666666666,0.0099821058651856,0.0095782554272831,,0,0.0
2025-08-18 00:00:00,23736.4,23764.86666666667,23790.733333333337,0.009998080408262,0.0095788593631102,,0,0.0
2025-08-19 00:00:00,23357.2,23727.400000000005,23813.20000000001,0.0106550789315439,0.009583372408511,,0,0.0
2025-08-20 00:00:00,23254.8,23480.866666666665,23612.93333333333,0.0106986442933987,0.0095960350136166,,0,0.0
2025-08-21 00:00:00,23183.8,23203.8,23437.6,0.0107083501530326,0.0096065973281982,,0,0.0
2025-08-22 00:00:00,23516.7,23181.566666666666,23306.533333333333,0.0109304568317121,0.0096263203555459,,0,0.0
2025-08-24 00:00:00,23511.2,23371.5,23729.8,0.0100898625655279,0.0096725251613476,,0,0.0
2025-08-25 00:00:00,23441.4,23506.266666666663,23530.733333333334,0.0091191801624146,0.0096725251613476,,0,0.0
2025-08-26 00:00:00,23562.0,23460.06666666667,23538.63333333334,0.0091536036215838,0.0096725251613476,,0,0.0
2025-08-27 00:00:00,23459.2,23483.2,23649.800000000003,0.0083682104532794,0.0096725251613476,,0,0.0
2025-08-28 00:00:00,23699.0,23488.6,23591.000000000004,0.0080921675246436,0.0096725251613476,,0,0.0
2025-08-29 00:00:00,23412.5,23631.1,23823.60000000001,0.0077368560825061,0.0096725251613476,,0,0.0
2025-08-31 00:00:00,23491.8,23490.966666666664,23628.133333333328,0.0077273031003815,0.0096725251613476,,0,0.0
2025-09-01 00:00:00,23399.2,23470.13333333333,23521.466666666664,0.0074308678272383,0.0096725251613476,,0,0.0
2025-09-02 00:00:00,23298.4,23410.566666666666,23495.13333333333,0.0074651071130698,0.0096725251613476,,0,0.0
2025-09-03 00:00:00,23403.6,23238.33333333333,23497.466666666664,0.007535389858447,0.0096725251613476,,0,0.0
2025-09-04 00:00:00,23671.6,23385.766666666663,23507.333333333325,0.0073125771481566,0.0096725251613476,,0,0.0
2025-09-05 00:00:00,23639.9,23576.233333333334,23776.666666666668,0.0073155255675802,0.0096725251613476,,0,0.0
2025-09-07 00:00:00,23743.4,23659.13333333333,23847.766666666663,0.0073753159556957,0.0096725251613476,,0,0.0
2025-09-08 00:00:00,23779.6,23703.2,23790.0,0.0073346095245159,0.0096725251613476,,0,0.0
2025-09-09 00:00:00,23860.8,23775.233333333334,23857.966666666667,0.0073574744992444,0.0096725251613476,,0,0.0
2025-09-10 00:00:00,23878.4,23817.0,23935.2,0.0073464269509163,0.0096725251613476,,0,0.0
2025-09-11 00:00:00,23999.5,23886.8,24010.4,0.0063251826263493,0.0096725251613476,,0,0.0
2025-09-12 00:00:00,24096.4,23947.93333333333,24076.06666666667,0.00620061705711,0.0096725251613476,,0,0.0
2025-09-14 00:00:00,24090.4,24062.2,24175.4,0.006116296425283,0.0096725251613476,,0,0.0
2025-09-15 00:00:00,24294.0,24093.6,24106.800000000003,0.0056062122709423,0.0096725251613476,,0,0.0
2025-09-16 00:00:00,24295.9,24218.266666666663,24379.733333333334,0.005601147694052,0.0096725251613476,,0,0.0
2025-09-17 00:00:00,24376.8,24311.900000000005,24376.50000000001,0.0055035441680773,0.0096725251613476,,0,0.0
2025-09-18 00:00:00,24531.8,24259.733333333334,24497.466666666667,0.0055468848566312,0.0096725251613476,,0,0.0
2025-09-19 00:00:00,24653.4,24497.86666666667,24642.733333333337,0.0053699007062054,0.0096725251613476,,0,0.0
2025-09-21 00:00:00,24642.8,24594.06666666667,24741.43333333333,0.0050842893679409,0.0096725251613476,,0,0.0
2025-09-22 00:00:00,24796.1,24639.733333333334,24660.966666666667,0.0039397827943439,0.0096725251613476,,0,0.0
2025-09-23 00:00:00,24642.4,24720.466666666664,24900.733333333326,0.0044279532662409,0.0096725251613476,,0,0.0
2025-09-24 00:00:00,24560.6,24682.83333333333,24783.766666666663,0.0043829787728114,0.0096725251613476,,0,0.0
2025-09-25 00:00:00,24424.0,24568.86666666667,24704.833333333336,0.0044921037569897,0.0096725251613476,,0,0.0
2025-09-26 00:00:00,24537.3,24415.966666666664,24604.733333333326,0.0044952909786764,0.0096725251613476,,0,0.0
2025-09-28 00:00:00,24582.8,24474.166666666668,24620.63333333333,0.0039555647327815,0.0096725251613476,,0,0.0
2025-09-29 00:00:00,24639.8,24568.86666666667,24602.533333333336,0.0038819006264599,0.0096725251613476,,0,0.0
2025-09-30 00:00:00,24649.0,24666.86666666667,24757.93333333333,0.0038603796178379,0.0096725251613476,,0,0.0
2025-10-01 00:00:00,24843.6,24640.666666666668,24742.533333333336,0.0040856996464214,0.0096725251613476,,0,0.0
2025-10-02 00:00:00,24944.2,24717.36666666667,24982.033333333336,0.0040980847424324,0.0096725251613476,,0,0.0
2025-10-03 00:00:00,24805.0,24920.1,25025.200000000004,0.0044478265727595,0.0096725251613476,,0,0.0
2025-10-05 00:00:00,24888.8,24855.666666666668,24965.733333333337,0.0044004402029744,0.0096725251613476,,0,0.0
2025-10-06 00:00:00,24971.8,24876.766666666663,24920.63333333333,0.0043846631088618,0.0096725251613476,,0,0.0
2025-10-07 00:00:00,24865.8,24973.9,25080.5,0.0045698242767277,0.0096725251613476,,0,0.0
2025-10-08 00:00:00,25214.4,24929.5,25041.0,0.0051431163165634,0.0096725251613476,,0,0.0
2025-10-09 00:00:00,25172.6,25100.6,25342.000000000004,0.0051894511376174,0.0096725251613476,,0,0.0
2025-10-10 00:00:00,24017.8,25128.466666666664,25258.53333333333,0.0118319576430082,0.0097052369590323,,0,0.0
2025-10-12 00:00:00,24627.8,24413.9,24829.2,0.0131230000296989,0.0097096503469473,,0,0.0
2025-10-13 00:00:00,24757.8,24573.43333333333,24689.76666666667,0.0131292329505753,0.0097359623115258,,0,0.0
2025-10-14 00:00:00,24628.0,24710.8,24855.3,0.0131871898365042,0.0097708701121674,,0,0.0
2025-10-15 00:00:00,24798.0,24596.0,24922.2,0.0132048412450384,0.0097840168073302,,0,0.0
2025-10-16 00:00:00,24617.9,24762.266666666663,25005.533333333333,0.0132336174063275,0.0097888060132732,,0,0.0
2025-10-17 00:00:00,24895.9,24718.06666666667,24934.33333333334,0.0134404242540041,0.0097910847658494,,0,0.0
2025-10-19 00:00:00,24876.4,24693.733333333337,25119.26666666668,0.0133642863075109,0.0097930154745037,,0,0.0
2025-10-20 00:00:00,25193.2,24892.400000000005,24932.80000000001,0.0136006951852654,0.0098056473414413,,0,0.0
2025-10-21 00:00:00,25116.6,25078.63333333333,25336.666666666664,0.0136362565949179,0.0098239359529656,,0,0.0
2025-10-22 00:00:00,24871.0,25141.93333333333,25211.46666666666,0.0138489930161451,0.0098427056541548,,0,0.0
2025-10-23 00:00:00,25175.0,24920.2,25160.2,0.0140919539342028,0.0098628734152281,,0,0.0
2025-10-24 00:00:00,25393.2,25055.93333333333,25300.466666666667,0.0141124515812895,0.0098794077047691,,0,0.0
2025-10-26 00:00:00,25596.8,25334.3,25505.9,0.0141824878321845,0.0098919336565802,,0,0.0
2025-10-27 00:00:00,25879.8,25602.6,25625.60000000001,0.0142399623251541,0.0099086864593101,,0,0.0
2025-10-28 00:00:00,26070.8,25789.86666666667,25992.733333333337,0.0142851278590717,0.0099342769116891,,0,0.0
2025-10-29 00:00:00,26124.0,26006.0,26183.3,0.014283701670719,0.0099580207117143,,0,0.0
2025-10-30 00:00:00,26060.0,26109.666666666668,26281.033333333336,0.0142456313842099,0.0099744167129409,,0,0.0
2025-10-31 00:00:00,25874.8,26031.1,26317.000000000004,0.0141250463137652,0.0099795824448575,,0,0.0
2025-11-02 00:00:00,25971.8,25939.13333333333,26098.06666666667,0.0141153855766133,0.0099810991002372,,0,0.0
2025-11-03 00:00:00,25968.2,25957.6,25998.000000000004,0.0086592586423136,0.0099810991002372,,0,0.0
2025-11-04 00:00:00,25407.6,26010.6,26114.200000000004,0.0089035029201529,0.0099810991002372,,0,0.0
2025-11-05 00:00:00,25680.6,25593.733333333334,25781.86666666667,0.0091040844832699,0.0099810991002372,,0,0.0
2025-11-06 00:00:00,25227.9,25550.86666666667,25915.13333333334,0.0099914162548759,0.0099836978384045,,0,0.0
2025-11-07 00:00:00,25138.2,25356.233333333337,25601.666666666675,0.0099536978808616,0.0099836978384045,,0,0.0
2025-11-09 00:00:00,25248.6,25009.966666666664,25394.03333333333,0.0098012062929695,0.0099836978384045,,0,0.0
2025-11-10 00:00:00,25660.8,25248.33333333333,25285.866666666665,0.0101300639214252,0.0099871323131721,,0,0.0
2025-11-11 00:00:00,25571.0,25507.1,25831.800000000003,0.0101812557529265,0.0099901955347984,,0,0.0
2025-11-12 00:00:00,25463.9,25551.733333333334,25706.466666666667,0.0098911277871995,0.0099901955347984,,0,0.0
2025-11-13 00:00:00,25032.5,25542.233333333337,25672.06666666668,0.0106205432542589,0.0099919818554846,,0,0.0
2025-11-14 00:00:00,25070.6,25202.566666666666,25474.33333333333,0.0103771309837488,0.0099953139321777,,0,0.0
2025-11-16 00:00:00,25097.7,24947.7,25344.4,0.0100042680442017,0.0099997798454833,,0,0.0
2025-11-17 00:00:00,24854.4,25054.63333333333,25158.86666666666,0.009999277799509,0.0100003785411068,,0,0.0
2025-11-18 00:00:00,24528.7,24936.86666666667,25206.233333333337,0.0101088632517177,0.0100027756020982,,0,0.0
2025-11-19 00:00:00,25044.7,24578.86666666667,24843.533333333336,0.0109986516851882,0.0100041699828468,,0,0.0
2025-11-20 00:00:00,24072.0,24825.066666666666,25266.033333333333,0.0135713195931446,0.0100061014990387,,0,0.0
2025-11-21 00:00:00,24289.0,24424.266666666663,24893.533333333333,0.013819110307684,0.0100061014990387,,0,0.0
2025-11-23 00:00:00,24412.7,24222.43333333333,24604.76666666667,0.0139528012764555,0.0100061014990387,,0,0.0
2025-11-24 00:00:00,24905.8,24427.33333333333,24455.966666666664,0.0148537424406431,0.0100061014990387,,0,0.0
2025-11-25 00:00:00,25035.2,24716.4,25128.8,0.0148856811568387,0.0100061014990387,,0,0.0
2025-11-26 00:00:00,25274.8,24889.93333333333,25231.06666666667,0.0150970835832486,0.0100061014990387,,0,0.0
2025-11-27 00:00:00,25278.3,25204.93333333333,25393.86666666667,0.0143176665621099,0.0100061014990387,,0,0.0
2025-11-28 00:00:00,25426.2,25268.43333333333,25299.86666666667,0.0141625234374316,0.0100061014990387,,0,0.0
2025-11-30 00:00:00,25422.1,25385.466666666664,25495.933333333327,0.0135705082013384,0.0100061014990387,,0,0.0
2025-12-01 00:00:00,25362.8,25433.36666666667,25467.93333333333,0.0135541514314445,0.0100061014990387,,0,0.0
2025-12-02 00:00:00,25588.6,25323.800000000003,25498.400000000005,0.0136588753819451,0.0100061014990387,,0,0.0
2025-12-03 00:00:00,25614.6,25503.766666666663,25718.633333333324,0.0131604312409034,0.0100061014990387,,0,0.0
2025-12-04 00:00:00,25588.0,25551.4,25716.5,0.0131375430501586,0.0100061014990387,,0,0.0
2025-12-05 00:00:00,25701.8,25582.0,25705.1,0.0131305391634127,0.0100061014990387,,0,0.0
2025-12-07 00:00:00,25713.4,25694.4,25841.8,0.0124706243821212,0.0100061014990387,,0,0.0
2025-12-08 00:00:00,25702.4,25708.13333333333,25728.86666666666,0.0124773835831554,0.0100061014990387,,0,0.0
2025-12-09 00:00:00,25650.6,25690.5,25840.0,0.0124996946693836,0.0100061014990387,,0,0.0
2025-12-10 00:00:00,25709.6,25633.566666666666,25731.33333333333,0.012236219517207,0.0100061014990387,,0,0.0
2025-12-11 00:00:00,25653.6,25688.666666666668,25869.93333333333,0.0117725418843257,0.0100061014990387,,0,0.0
2025-12-12 00:00:00,25191.2,25620.566666666666,25877.63333333333,0.011742594835203,0.0100061014990387,,0,0.0
2025-12-14 00:00:00,25176.2,25325.666666666668,25551.533333333336,0.0072955865777982,0.0100041699828468,,0,0.0
2025-12-15 00:00:00,25071.2,25172.13333333333,25228.466666666664,0.0072496533260062,0.0100027756020982,,0,0.0
2025-12-16 00:00:00,25105.3,25160.13333333333,25302.666666666664,0.0072031976766412,0.0100003785411068,,0,0.0
2025-12-17 00:00:00,24741.6,25058.9,25279.0,0.0065949889773167,0.0099986791038855,,0,0.0
2025-12-18 00:00:00,25065.6,24911.83333333333,25126.366666666665,0.007154880761518,0.0099986791038855,,0,0.0
2025-12-19 00:00:00,25399.4,24998.966666666664,25287.33333333333,0.007458882906176,0.0099986791038855,,0,0.0
2025-12-21 00:00:00,25475.6,25276.36666666667,25531.833333333336,0.0074835838675076,0.0099953139321777,,0,0.0
2025-12-22 00:00:00,25526.0,25464.766666666663,25491.633333333324,0.0073849987600457,0.0099953139321777,,0,0.0
2025-12-23 00:00:00,25624.0,25520.666666666668,25605.63333333333,0.0074281266980671,0.0099953139321777,,0,0.0
2025-12-24 00:00:00,25676.7,25560.966666666664,25700.633333333328,0.007407273068165,0.0099953139321777,,0,0.0
2025-12-25 00:00:00,25704.0,25659.166666666668,25725.533333333336,0.0071500445983785,0.0099953139321777,,0,0.0
2025-12-26 00:00:00,25676.6,25699.93333333333,25717.86666666667,0.0071534503387314,0.0099953139321777,,0,0.0
2025-12-28 00:00:00,25691.6,25692.766666666663,25734.833333333325,0.0071485182413231,0.0099953139321777,,0,0.0
2025-12-29 00:00:00,25538.2,25685.533333333336,25705.66666666667,0.007204117096249,0.0099953139321777,,0,0.0
2025-12-30 00:00:00,25490.6,25577.0,25675.8,0.0072101002912815,0.0099953139321777,,0,0.0
2025-12-31 00:00:00,25268.6,25531.0,25584.6,0.0074451203687859,0.0099953139321777,,0,0.0
2026-01-01 00:00:00,25331.7,25362.3,25456.3,0.0074754411847266,0.0099953139321777,,0,0.0
2026-01-02 00:00:00,25231.0,25317.93333333333,25351.466666666667,0.0074790617164583,0.0099953139321777,,0,0.0
2026-01-04 00:00:00,25295.8,25324.233333333334,25544.766666666663,0.0075120187699865,0.0099953139321777,,0,0.0
2026-01-05 00:00:00,25412.6,25280.666666666668,25316.13333333333,0.0063806731275657,0.0099953139321777,,0,0.0
2026-01-06 00:00:00,25673.4,25411.5,25549.0,0.0067383257197331,0.0099953139321777,,0,0.0
2026-01-07 00:00:00,25673.6,25580.233333333337,25786.166666666675,0.0066335400678167,0.0099953139321777,,0,0.0
2026-01-08 00:00:00,25529.8,25698.666666666668,25821.733333333337,0.0068055765263786,0.0099953139321777,,0,0.0
2026-01-09 00:00:00,25786.6,25548.266666666663,25676.033333333333,0.006065130696181,0.0099953139321777,,0,0.0
2026-01-11 00:00:00,25748.4,25698.966666666664,25927.933333333327,0.0055245155000049,0.0099953139321777,,0,0.0
2026-01-12 00:00:00,25756.8,25750.166666666668,25774.93333333333,0.004754626164113,0.0099953139321777,,0,0.0
2026-01-13 00:00:00,25753.4,25707.766666666663,25926.93333333333,0.004726713768898,0.0099953139321777,,0,0.0
2026-01-14 00:00:00,25472.6,25775.7,25884.1,0.005357807767465,0.0099953139321777,,0,0.0
2026-01-15 00:00:00,25609.4,25516.36666666667,25743.93333333333,0.0054274158791867,0.0099953139321777,,0,0.0
2026-01-16 00:00:00,25552.6,25619.86666666667,25809.333333333336,0.0054257270974075,0.0099953139321777,,0,0.0
2026-01-18 00:00:00,25338.4,25590.43333333333,25721.16666666666,0.005711014738671,0.0099953139321777,,0,0.0
2026-01-19 00:00:00,25258.6,25318.1,25359.800000000003,0.005736973037638,0.0099953139321777,,0,0.0
2026-01-20 00:00:00,24999.8,25236.06666666667,25363.733333333337,0.0060987017067598,0.0099953139321777,,0,0.0
2026-01-21 00:00:00,25439.2,25098.0,25219.8,0.0073112545704844,0.0099953139321777,,0,0.0
2026-01-22 00:00:00,25505.4,25296.366666666665,25682.13333333333,0.0073249511351084,0.0099953139321777,,0,0.0
2026-01-23 00:00:00,25567.4,25500.533333333336,25631.06666666668,0.0070415536237154,0.0099953139321777,,0,0.0
2026-01-25 00:00:00,25448.5,25576.400000000005,25724.40000000001,0.0071217355832715,0.0099953139321777,,0,0.0
2026-01-26 00:00:00,25786.6,25408.33333333333,25500.966666666664,0.0076112851299703,0.0099953139321777,,0,0.0
2026-01-27 00:00:00,26036.0,25682.666666666668,25931.533333333336,0.0078447221325731,0.0099953139321777,,0,0.0
2026-01-28 00:00:00,26068.0,25950.7,26129.5,0.0078097347596507,0.0099953139321777,,0,0.0
2026-01-29 00:00:00,25873.3,26070.266666666663,26244.13333333333,0.0077452660502657,0.0099953139321777,,0,0.0
2026-01-30 00:00:00,25549.8,25829.1,26223.200000000004,0.0082676118164937,0.0099953139321777,,0,0.0
2026-02-01 00:00:00,25436.7,25638.166666666668,25805.93333333333,0.0082313916001127,0.0099953139321777,,0,0.0
2026-02-02 00:00:00,25858.8,25396.4,25515.0,0.0087700977519287,0.0099953139321777,,0,0.0
2026-02-03 00:00:00,25344.2,25610.33333333333,26136.266666666663,0.0098534980595906,0.0099953139321777,,0,0.0
2026-02-04 00:00:00,24986.4,25471.03333333333,25811.76666666666,0.0102904997273415,0.0099986791038855,,0,0.0
2026-02-05 00:00:00,24259.4,25039.599999999995,25378.39999999999,0.0119903967165413,0.0100003785411068,,0,0.0
2026-02-06 00:00:00,25028.4,24522.0,24825.3,0.0140959150236868,0.0100027756020982,,0,0.0
2026-02-08 00:00:00,25199.2,24780.033333333336,25394.866666666672,0.0141330270916833,0.0100041699828468,,0,0.0
2026-02-09 00:00:00,25274.9,25172.7,25244.5,0.0141519714089724,0.0100061014990387,,0,0.0
2026-02-10 00:00:00,25204.6,25171.36666666667,25463.333333333336,0.0140417421999628,0.0100089122276155,,0,0.0
2026-02-11 00:00:00,25168.8,25237.13333333333,25344.266666666663,0.0140277567050181,0.0100124625591606,,0,0.0
2026-02-12 00:00:00,24757.0,25185.2,25380.4,0.0143244255356421,0.0100247981908701,,0,0.0
2026-02-13 00:00:00,24720.0,24923.066666666666,25187.73333333333,0.0136860086437013,0.0100491259499275,,0,0.0
2026-02-15 00:00:00,24774.5,24722.2,24931.2,0.0136802623629064,0.0100708242528152,,0,0.0
2026-02-16 00:00:00,24757.8,24748.0,24803.1,0.0136525219942026,0.0100807254163135,,0,0.0
2026-02-17 00:00:00,24658.1,24742.266666666663,24875.13333333333,0.0136457061487577,0.0100863173566352,,0,0.0
2026-02-18 00:00:00,24909.2,24628.166666666668,24866.93333333333,0.0134856205461093,0.0100895019083604,,0,0.0
2026-02-19 00:00:00,24824.8,24880.533333333336,25105.06666666668,0.0132225309718689,0.0100913052496035,,0,0.0
2026-02-20 00:00:00,25028.0,24840.0,24983.2,0.0134102975044941,0.0100961077497348,,0,0.0
2026-02-22 00:00:00,24921.6,24913.43333333333,25200.86666666667,0.0133597859468173,0.0101041654087541,,0,0.0
2026-02-23 00:00:00,24745.5,24938.13333333333,24990.466666666664,0.0131844235211399,0.0101194635865715,,0,0.0
2026-02-24 00:00:00,25004.4,24784.0,24950.5,0.0134294755468774,0.0101305134752649,,0,0.0
2026-02-25 00:00:00,25277.4,24897.900000000005,25144.30000000001,0.0130990972115614,0.0101319689186336,,0,0.0
2026-02-26 00:00:00,24957.6,25228.733333333337,25503.666666666675,0.0126425440281794,0.0101406158244257,,0,0.0
2026-02-27 00:00:00,24925.8,25052.13333333333,25281.266666666663,0.0122446529573407,0.0101500356183486,,0,0.0
2026-03-01 00:00:00,24702.9,24909.93333333333,25075.86666666667,0.0104221889800848,0.0101500356183486,,0,0.0
2026-03-02 00:00:00,24934.2,24711.599999999995,24768.89999999999,0.007828706514348,0.0101406158244257,,0,0.0
2026-03-03 00:00:00,24675.0,24812.966666666664,25184.83333333333,0.0079659241027874,0.0101319689186336,,0,0.0
2026-03-04 00:00:00,25144.2,24644.8,24975.0,0.0091135311661747,0.0101305134752649,,0,0.0
2026-03-05 00:00:00,25030.8,24936.13333333333,25399.86666666666,0.0091472371233471,0.0101194635865715,,0,0.0
2026-03-06 00:00:00,24645.0,24998.066666666666,25248.533333333333,0.0097520603370038,0.0101041654087541,,0,0.0
2026-03-08 00:00:00,24187.1,24778.066666666666,24978.13333333333,0.0099465755638408,0.0100946650656592,,0,0.0
2026-03-09 00:00:00,24860.9,24225.8,24310.5,0.0118678236868646,0.0100946650656592,,0,0.0
2026-03-10 00:00:00,24996.6,24622.533333333336,25272.366666666672,0.0119167734236325,0.0100946650656592,,0,0.0
2026-03-11 00:00:00,24770.8,25002.43333333333,25192.66666666666,0.0121057113023724,0.0100946650656592,,0,0.0
2026-03-12 00:00:00,24511.2,24882.33333333333,25048.266666666663,0.0123057181692886,0.0100946650656592,,0,0.0
2026-03-13 00:00:00,24328.2,24641.53333333333,24780.46666666666,0.0121517482310051,0.0100946650656592,,0,0.0
2026-03-15 00:00:00,24423.8,24479.8,24635.6,0.012189636043275,0.0100946650656592,,0,0.0
2026-03-16 00:00:00,24688.4,24394.5,24508.5,0.012305570553907,0.0100946650656592,,0,0.0
2026-03-17 00:00:00,24814.2,24637.266666666663,24853.33333333333,0.0123374983638777,0.0100946650656592,,0,0.0
2026-03-18 00:00:00,24429.2,24757.533333333336,24978.66666666667,0.0127255579760715,0.0100946650656592,,0,0.0
2026-03-19 00:00:00,24435.8,24608.066666666666,24840.93333333333,0.0124619980124573,0.0100946650656592,,0,0.0
2026-03-20 00:00:00,24024.2,24370.800000000003,24602.400000000005,0.0126011015062005,0.0100946650656592,,0,0.0
2026-03-22 00:00:00,23824.3,24097.53333333333,24403.26666666666,0.0124531640237532,0.0100946650656592,,0,0.0
2026-03-23 00:00:00,24279.8,23825.63333333333,23912.466666666664,0.0133403572860709,0.0100946650656592,,0,0.0
2026-03-24 00:00:00,24241.2,24150.63333333333,24709.56666666667,0.0132173117467318,0.0100946650656592,,0,0.0
2026-03-25 00:00:00,24150.9,24191.8,24425.4,0.0130068223436622,0.0100946650656592,,0,0.0
2026-03-26 00:00:00,23711.2,24210.33333333333,24308.466666666664,0.0133988740194098,0.0100946650656592,,0,0.0
2026-03-27 00:00:00,23104.2,23852.83333333333,24107.166666666664,0.0134464022472276,0.0100946650656592,,0,0.0
2026-03-29 00:00:00,22970.0,23329.8,23584.4,0.0134514371110611,0.0100946650656592,,0,0.0
2026-03-30 00:00:00,22896.2,23001.9,23052.599999999995,0.0131903153694493,0.0100946650656592,,0,0.0
2026-03-31 00:00:00,23885.0,23060.866666666665,23248.93333333333,0.016348792274367,0.0100946650656592,,0,0.0
2026-04-01 00:00:00,24027.4,23530.6,24248.200000000004,0.0150295904505888,0.0100946650656592,,0,0.0
2026-04-02 00:00:00,24060.6,24008.766666666663,24212.933333333327,0.0149563294910187,0.0100946650656592,,0,0.0
2026-04-03 00:00:00,23976.6,23887.066666666666,24263.13333333333,0.0148663556107837,0.0100946650656592,,0,0.0
2026-04-05 00:00:00,23939.4,24011.066666666666,24068.033333333333,0.0147165625462877,0.0100946650656592,,0,0.0
2026-04-06 00:00:00,24166.4,23904.400000000005,23979.80000000001,0.0148169650547045,0.0100946650656592,,0,0.0
2026-04-07 00:00:00,24911.4,24133.6,24331.800000000003,0.0163553251172362,0.0100946650656592,,0,0.0
2026-04-08 00:00:00,24882.0,24555.466666666664,25302.733333333326,0.0161994586027845,0.0100946650656592,,0,0.0
2026-04-09 00:00:00,25082.4,24929.4,25069.8,0.0162569027046732,0.0100946650656592,,0,0.0
2026-04-10 00:00:00,25184.2,25006.13333333333,25203.266666666663,0.0158149321907142,0.0100946650656592,,0,0.0
2026-04-12 00:00:00,24841.6,25165.566666666666,25269.73333333333,0.016178311927418,0.0100946650656592,,0,0.0
2026-04-13 00:00:00,25451.4,24833.400000000005,24885.40000000001,0.0164281900673537,0.0100946650656592,,0,0.0
2026-04-14 00:00:00,25883.4,25247.766666666663,25687.733333333326,0.0164830034886494,0.0100946650656592,,0,0.0
2026-04-15 00:00:00,26272.4,25736.5,26047.4,0.0163137199727498,0.0100946650656592,,0,0.0
2026-04-16 00:00:00,26346.7,26117.533333333336,26435.26666666668,0.0162627858102593,0.0100946650656592,,0,0.0
2026-04-17 00:00:00,26708.2,26305.93333333333,26470.06666666667,0.0162776947840183,0.0100946650656592,,0,0.0
2026-04-19 00:00:00,26526.2,26589.36666666667,26868.333333333336,0.0156019377956378,0.0100946650656592,,0,0.0
2026-04-20 00:00:00,26671.9,26493.13333333333,26582.266666666663,0.0137545548103947,0.0100946650656592,,0,0.0
2026-04-21 00:00:00,26652.0,26600.466666666664,26764.233333333326,0.0135457393361345,0.0100946650656592,,0,0.0
2026-04-22 00:00:00,26975.4,26620.033333333336,26809.366666666672,0.0133372012757241,0.0100946650656592,,0,0.0
2026-04-23 00:00:00,26960.2,26878.666666666668,27111.13333333333,0.0106297117581062,0.0100946650656592,,0,0.0
2026-04-24 00:00:00,27323.4,26852.166666666668,27143.13333333333,0.01075546630514,0.0100946650656592,,0,0.0
2026-04-26 00:00:00,27267.4,27188.599999999995,27480.39999999999,0.0108682250447005,0.0100946650656592,,0,0.0
2026-04-27 00:00:00,27380.4,27258.56666666667,27290.33333333334,0.0106366792295259,0.0100946650656592,,0,0.0
2026-04-28 00:00:00,27141.4,27328.86666666667,27475.93333333333,0.0110434792894278,0.0100946650656592,,0,0.0
2026-04-29 00:00:00,27447.6,27148.83333333333,27394.866666666665,0.0110775838264706,0.0100946650656592,,0,0.0
2026-04-30 00:00:00,27491.3,27297.5,27602.9,0.00950834951438,0.0100895019083604,,0,0.0
2026-05-01 00:00:00,27685.4,27364.83333333333,27669.766666666663,0.0094052504748705,0.0100863173566352,,0,0.0
2026-05-03 00:00:00,27723.0,27644.83333333333,27855.766666666663,0.0094247392673997,0.0100807254163135,,0,0.0
2026-05-04 00:00:00,27650.6,27748.166666666668,27782.533333333336,0.0095787726535571,0.0100807254163135,,0,0.0
2026-05-05 00:00:00,28276.2,27679.06666666667,27835.93333333333,0.0093529954340229,0.0100807254163135,,0,0.0
2026-05-06 00:00:00,28578.1,28082.4,28519.8,0.008414393130061,0.0100807254163135,,0,0.0
2026-05-07 00:00:00,28586.4,28480.13333333333,28805.466666666664,0.0080729847907022,0.0100807254163135,,0,0.0
2026-05-08 00:00:00,29241.0,28634.233333333337,28804.666666666675,0.0087504456276901,0.0100807254163135,,0,0.0
2026-05-10 00:00:00,29211.0,29039.86666666667,29492.93333333333,0.0088519839091771,0.0100807254163135,,0,0.0
2026-05-11 00:00:00,29343.0,29199.166666666668,29265.033333333336,0.008622523535166,0.0100807254163135,,0,0.0
2026-05-12 00:00:00,29000.8,29296.266666666663,29437.733333333334,0.0090235330912283,0.0100807254163135,,0,0.0
2026-05-13 00:00:00,29551.8,29001.86666666667,29342.13333333334,0.0095888462044669,0.0100807254163135,,0,0.0
2026-05-14 00:00:00,29605.0,29364.83333333333,29754.866666666665,0.0095226516107858,0.0100807254163135,,0,0.0
2026-05-15 00:00:00,29117.0,29559.1,29749.900000000005,0.0105391877895805,0.0100863173566352,,0,0.0
2026-05-17 00:00:00,29038.9,29255.93333333333,29505.06666666667,0.0105966931775494,0.0100895019083604,,0,0.0
2026-05-18 00:00:00,29059.0,29058.7,29184.4,0.0103638721064898,0.0100946650656592,,0,0.0
2026-05-19 00:00:00,28885.1,29045.33333333333,29354.266666666663,0.0105038702995317,0.0101041654087541,,0,0.0
2026-05-20 00:00:00,29124.6,28861.9,29136.0,0.0105696673095786,0.0101194635865715,,0,0.0
2026-05-21 00:00:00,29486.0,29062.533333333336,29394.06666666668,0.0103748499194338,0.0101305134752649,,0,0.0
2026-05-22 00:00:00,29466.0,29354.066666666666,29648.73333333333,0.0102896525783631,0.0101319689186336,,0,0.0
2026-05-24 00:00:00,29781.6,29508.6,29643.400000000005,0.0103972595050701,0.0101406158244257,,0,0.0
2026-05-25 00:00:00,29817.1,29761.566666666666,29840.63333333333,0.0103909374148607,0.0101500356183486,,0,0.0
2026-05-26 00:00:00,30048.4,29838.43333333333,29911.46666666666,0.0104113690588506,0.0101633630692258,,0,0.0
2026-05-27 00:00:00,29931.1,29930.56666666667,30178.33333333334,0.0104590228322144,0.0101780837476849,,0,0.0
2026-05-28 00:00:00,30254.2,30028.466666666664,30230.133333333328,0.0096551828977046,0.0101780837476849,,0,0.0
2026-05-29 00:00:00,30344.4,30094.866666666665,30473.93333333333,0.0095033548175615,0.0101780837476849,,0,0.0
2026-05-31 00:00:00,30432.8,30334.13333333333,30498.86666666666,0.0094814023885883,0.0101780837476849,,0,0.0
2026-06-01 00:00:00,30433.0,30396.7,30476.4,0.0082810232175988,0.0101780837476849,,0,0.0
2026-06-02 00:00:00,30673.6,30445.4,30643.8,0.0083479854052869,0.0101780837476849,,0,0.0
2026-06-03 00:00:00,30357.2,30561.566666666666,30841.533333333333,0.0088037392631173,0.0101780837476849,,0,0.0
2026-06-04 00:00:00,30226.7,30488.266666666663,30642.13333333333,0.0083565058608399,0.0101780837476849,,0,0.0
2026-06-05 00:00:00,28798.1,30304.13333333333,30492.466666666664,0.0130969468031059,0.0101898758934556,,0,0.0
2026-06-07 00:00:00,29051.4,29257.9,29768.2,0.013273726793445,0.0102015243320185,,0,0.0
2026-06-08 00:00:00,29399.3,28969.466666666664,29150.53333333333,0.0130337174392583,0.0102250169515118,,0,0.0
2026-06-09 00:00:00,29041.8,29348.63333333333,29758.86666666667,0.0133270028997908,0.0102638205005046,,0,0.0
2026-06-10 00:00:00,28343.9,29021.666666666668,29841.13333333333,0.0143738035726261,0.0102859061532005,,0,0.0
2026-06-11 00:00:00,29560.2,28605.63333333333,28964.466666666664,0.0173563267597067,0.0102900761528523,,0,0.0
2026-06-12 00:00:00,29669.0,29150.33333333333,29984.866666666665,0.0172890612770301,0.0102906420139937,,0,0.0
2026-06-14 00:00:00,30039.1,29543.533333333336,29870.366666666672,0.0172913299702964,0.0102906420139937,,0,0.0
2026-06-15 00:00:00,30529.3,30023.63333333333,30094.766666666663,0.0176154068818746,0.0102906420139937,,0,0.0
2026-06-16 00:00:00,30064.4,30385.166666666668,30741.533333333336,0.0178870857081549,0.0102906420139937,,0,0.0
2026-06-17 00:00:00,30058.2,30247.93333333333,30486.066666666666,0.0178874871845143,0.0102906420139937,,0,0.0
2026-06-18 00:00:00,30447.5,30015.03333333333,30361.96666666666,0.0180346574490058,0.0102906420139937,,0,0.0
2026-06-19 00:00:00,30411.8,30338.566666666666,30648.033333333333,0.0180073644526074,0.0102906420139937,,0,0.0
2026-06-21 00:00:00,30108.2,30339.3,30533.0,0.0180089698732332,0.0102906420139937,,0,0.0
2026-06-22 00:00:00,30339.9,30190.4,30288.7,0.0180819480435326,0.0102906420139937,,0,0.0
2026-06-23 00:00:00,29522.6,30388.233333333337,30674.06666666668,0.0190479633621294,0.0102906420139937,,0,0.0
2026-06-24 00:00:00,29873.3,29758.3,30164.2,0.0192759039467373,0.0102906420139937,,0,0.0
2026-06-25 00:00:00,29489.4,29620.36666666667,30198.13333333334,0.0193439794578221,0.0102906420139937,,0,0.0
2026-06-26 00:00:00,29082.8,29534.666666666668,29994.733333333337,0.0194399025476894,0.0102906420139937,,0,0.0
2026-06-28 00:00:00,29406.8,29194.066666666666,29442.93333333333,0.0196476590205334,0.0102906420139937,,0,0.0
2026-06-29 00:00:00,29832.2,29329.533333333336,29548.06666666668,0.0166487586167415,0.0102906420139937,,0,0.0
2026-06-30 00:00:00,30321.4,29585.43333333333,30108.86666666667,0.0168994801313442,0.0102906420139937,,0,0.0
2026-07-01 00:00:00,29838.4,30146.266666666663,30564.63333333333,0.0172057532770719,0.0103071392577607,,0,0.0
2026-07-02 00:00:00,29401.0,29994.2,30185.4,0.0173141712802037,0.0103242302980992,,0,0.0
2026-07-03 00:00:00,29706.8,29547.533333333336,29965.866666666672,0.0164078779595774,0.0103444192439064,,0,0.0
2026-07-05 00:00:00,29783.2,29595.43333333333,29867.166666666668,0.0133749118542664,0.0103693610129618,,0,0.0
2026-07-06 00:00:00,29660.4,29750.0,29840.0,0.0133898673866102,0.0103759904515913,,0,0.0
2026-07-07 00:00:00,29112.8,29681.06666666667,29880.53333333334,0.0136656838985181,0.0103840341993048,,0,0.0
2026-07-08 00:00:00,29310.4,29284.166666666668,29550.333333333336,0.0131696588760405,0.0103940984599654,,0,0.0
2026-07-09 00:00:00,29751.4,29133.900000000005,29545.80000000001,0.0133026229644088,0.0104043142819603,,0,0.0
2026-07-10 00:00:00,29885.7,29592.766666666663,29970.33333333333,0.0133487595397269,0.0104167790194677,,0,0.0
2026-07-12 00:00:00,29713.8,29759.7,30023.3,0.0130300566735532,0.0104305416330965,,0,0.0
2026-07-13 00:00:00,29249.3,29726.466666666664,29787.33333333333,0.0134271940712381,0.0104489585591613,,0,0.0
2026-07-14 00:00:00,29722.0,29422.63333333333,29688.966666666664,0.0138604895549124,0.0104645704303059,,0,0.0
2026-07-15 00:00:00,29529.6,29534.7,29937.1,0.0137785171212783,0.0104869941639645,,0,0.0
2026-07-16 00:00:00,28938.9,29553.7,29871.800000000003,0.0131723143201134,0.0105215290445561,,0,0.0
2026-07-17 00:00:00,28614.8,29158.966666666664,29414.733333333326,0.0130022650384984,0.010545064364351,,0,0.0
2026-07-19 00:00:00,28711.6,28610.766666666663,28970.733333333334,0.0127989033882045,0.0105587338068556,,0,0.0
2026-07-20 00:00:00,28621.4,28661.3,28769.7,0.0124674296863662,0.0105680969920841,,0,0.0
2026-07-21 00:00:00,29139.8,28733.36666666667,28922.733333333337,0.0129063958721745,0.0105794704572076,,0,0.0
2026-07-22 00:00:00,28999.4,28964.666666666668,29380.13333333333,0.0124514825431152,0.010592983391193,,0,0.0
2026-07-23 00:00:00,28544.6,28995.83333333333,29188.266666666663,0.0121076287332602,0.0106058938982947,,0,0.0
2026-07-24 00:00:00,28170.0,28657.33333333333,29025.466666666664,0.0119646639179982,0.0106163355262452,,0,0.0
2026-07-26 00:00:00,28593.6,28279.233333333334,28480.36666666667,0.012255251470033,0.0106163355262452,,0,0.0
2026-07-27 00:00:00,28039.2,28544.8,28645.0,0.0125622016438776,0.0106163355262452,,0,0.0
2026-07-28 00:00:00,27983.6,28157.033333333336,28509.866666666672,0.0125006471165687,0.0106163355262452,,0,0.0
2026-07-29 00:00:00,27407.6,27844.599999999995,28209.39999999999,0.0131032418072091,0.0106163355262452,,0,0.0
2026-07-30 00:00:00,28310.1,27519.36666666667,27945.533333333336,0.0149918584790865,0.0106163355262452,,0,0.0
2026-07-31 00:00:00,28191.8,27955.533333333336,28687.16666666667,0.0148809916868507,0.0106163355262452,,0,0.0
2026-08-02 00:00:00,28501.2,28257.0,28547.2,0.0146641380326026,0.0106163355262452,,0,0.0
2026-08-03 00:00:00,28866.6,28488.3,28542.7,0.0149739641301796,0.0106163355262452,,0,0.0
2026-08-04 00:00:00,29730.1,28645.466666666664,29088.53333333333,0.0165025826433111,0.0106163355262452,,0,0.0
2026-08-05 00:00:00,29478.6,29436.166666666668,30145.033333333336,0.016216861764394,0.0106163355262452,,0,0.0
2026-08-06 00:00:00,29495.2,29624.13333333333,29821.466666666664,0.0157943623333067,0.0106163355262452,,0,0.0
2026-08-07 00:00:00,29730.6,29404.13333333333,29672.066666666666,0.0158260050391139,0.0106163355262452,,0,0.0
2026-08-09 00:00:00,29727.6,29617.766666666663,29879.833333333325,0.0150798409245471,0.0106163355262452,,0,0.0
2026-08-10 00:00:00,29608.6,29737.466666666664,29771.133333333328,0.0148461028566721,0.0106163355262452,,0,0.0
2026-08-11 00:00:00,29575.0,29691.066666666666,29799.13333333333,0.0148553179902721,0.0106163355262452,,0,0.0
2026-08-12 00:00:00,29719.8,29604.4,29762.2,0.0148293710246102,0.0106163355262452,,0,0.0
2026-08-13 00:00:00,30118.6,29724.13333333333,29909.466666666664,0.0145960780404766,0.0106163355262452,,0,0.0
2026-08-14 00:00:00,30066.2,30006.63333333333,30301.766666666663,0.0145392479994129,0.0106163355262452,,0,0.0
2026-08-16 00:00:00,30133.6,30070.7,30193.5,0.0139378578367035,0.0106163355262452,,0,0.0
2026-08-17 00:00:00,30021.2,30122.7,30156.9,0.013525057302484,0.0106163355262452,,0,0.0
2026-08-18 00:00:00,29459.6,30087.1,30192.10000000001,0.0140739413752618,0.0106190598438547,,0,0.0
2026-08-19 00:00:00,29560.4,29649.33333333333,29857.866666666665,0.0131805765261773,0.0106251275061826,,0,0.0
2026-08-20 00:00:00,29224.1,29518.93333333333,29730.266666666663,0.0135202441950465,0.0106331954938161,,0,0.0
2026-09-01,707.64001,715.8333333333334,718.5066966666667,0.219317009580699,0.0106458790805349,0.3,0,0.0
2026-09-01,29077.220703125,29415.12044270833,29525.750651041664,8.978246900261224,0.0106640508714752,0.3,0,0.0
2026-09-02,29143.330078125,29099.300130208332,29245.340494791664,8.978172821871695,0.010675060858757902,0.3,1,0.3
