date,close,pivot,resistance,realized_vol_20d,median_vol_500d,vol_scale,state,position_pct
2016-01-05,4487.8,4520.166666666667,4605.533333333334,,,,0,0.0
2016-01-06,4458.6,4492.799999999999,4523.199999999999,,,,0,0.0
2016-01-07,4301.4,4447.5,4503.8,,,,0,0.0
2016-01-08,4269.2,4350.166666666667,4414.733333333334,,,,0,0.0
2016-01-10,4236.8,4301.333333333333,4342.166666666666,,,,0,0.0
2016-01-11,4287.2,4245.333333333333,4258.466666666666,,,,0,0.0
2016-01-12,4323.2,4269.666666666667,4326.033333333334,,,,0,0.0
2016-01-13,4179.0,4304.966666666667,4368.533333333335,,,,0,0.0
2016-01-14,4265.6,4239.933333333333,4308.366666666667,,,,0,0.0
2016-01-15,4149.6,4232.7,4337.5,,,,0,0.0
2016-01-17,4133.4,4167.366666666667,4255.133333333333,,,,0,0.0
2016-01-18,4141.6,4129.033333333334,4146.766666666667,,,,0,0.0
2016-01-19,4154.4,4148.666666666667,4174.233333333334,,,,0,0.0
2016-01-20,4151.0,4156.266666666666,4217.833333333333,,,,0,0.0
2016-01-21,4141.2,4104.433333333333,4221.666666666667,,,,0,0.0
2016-01-22,4250.8,4142.133333333334,4194.866666666669,,,,0,0.0
2016-01-24,4251.0,4209.8,4297.3,,,,0,0.0
2016-01-25,4183.6,4254.366666666666,4259.833333333332,,,,0,0.0
2016-01-26,4202.4,4208.866666666667,4237.733333333334,,,,0,0.0
2016-01-27,4141.6,4195.366666666667,4254.133333333333,0.015885665648847407,,,0,0.0
2016-01-28,4145.8,4156.266666666667,4207.2333333333345,0.015920723871918507,,,0,0.0
2016-01-29,4273.2,4152.599999999999,4195.199999999999,0.01767264987485278,,,0,0.0
2016-01-31,4265.1,4226.433333333333,4320.866666666667,0.015845588639138666,,,0,0.0
2016-02-01,4275.2,4268.1,4272.6,0.015763517507036865,,,0,0.0
2016-02-02,4187.4,4272.966666666667,4314.533333333335,0.0163545451915773,,,0,0.0
2016-02-03,4175.2,4215.533333333334,4257.166666666668,0.01609898818619933,,,0,0.0
2016-02-04,4146.8,4162.066666666667,4230.733333333334,0.015980442530411868,,,0,0.0
2016-02-05,4022.1,4157.233333333334,4198.166666666667,0.015654462717028847,,,0,0.0
2016-02-07,4020.8,4067.3333333333335,4130.966666666667,0.014741897282200083,,,0,0.0
2016-02-08,3954.8,4023.1,4027.1,0.013982391661056059,,,0,0.0
2016-02-09,3960.2,3962.7000000000003,4040.1000000000004,0.01400038049876835,,,0,0.0
2016-02-10,3955.3,3955.433333333333,4011.266666666666,0.01397008845361947,,,0,0.0
2016-02-11,3972.8,3974.3333333333335,4024.166666666667,0.013999857698998816,,,0,0.0
2016-02-12,4017.0,3941.533333333333,4018.466666666666,0.01431048301615505,,,0,0.0
2016-02-14,4037.6,3997.4666666666667,4039.3333333333335,0.014385717824412598,,,0,0.0
2016-02-15,4073.1,4034.933333333333,4043.266666666666,0.013082739405493935,,,0,0.0
2016-02-16,4093.0,4066.6666666666665,4099.733333333334,0.013168049734753905,,,0,0.0
2016-02-17,4209.1,4082.8333333333335,4116.666666666667,0.014345424282303294,,,0,0.0
2016-02-18,4159.1,4163.466666666666,4256.633333333332,0.014565089857834678,,,0,0.0
2016-02-19,4163.1,4178.166666666667,4210.133333333334,0.014185365563325458,,,0,0.0
2016-02-21,4150.4,4153.833333333333,4185.766666666666,0.014204520912889264,,,0,0.0
2016-02-22,4210.3,4150.9,4153.699999999999,0.012751081762503811,,,0,0.0
2016-02-23,4157.0,4198.666666666667,4247.133333333334,0.013029920489670475,,,0,0.0
2016-02-24,4223.9,4176.3,4198.400000000001,0.013577768722462882,,,0,0.0
2016-02-25,4247.8,4178.499999999999,4270.799999999998,0.012785091513952976,,,0,0.0
2016-02-26,4228.7,4223.0,4274.1,0.01281411839405592,,,0,0.0
2016-02-28,4222.6,4249.866666666666,4273.233333333332,0.012704213800839139,,,0,0.0
2016-02-29,4208.8,4223.0,4228.3,0.010473839575464645,,,0,0.0
2016-03-01,4335.3,4219.5,4253.4,0.012140180671230983,,,0,0.0
2016-03-02,4321.2,4285.599999999999,4389.699999999999,0.011312849424002082,,,0,0.0
2016-03-03,4320.6,4326.700000000001,4353.100000000001,0.011339756384377328,,,0,0.0
2016-03-04,4321.0,4320.266666666667,4345.933333333334,0.011308662789646512,,,0,0.0
2016-03-06,4317.8,4325.2,4351.599999999999,0.011369087394902302,,,0,0.0
2016-03-07,4302.9,4317.066666666667,4322.933333333333,0.011371203898777934,,,0,0.0
2016-03-08,4270.5,4301.0,4332.5,0.011625485030585029,,,0,0.0
2016-03-09,4292.4,4277.233333333334,4302.466666666667,0.011555929966547002,,,0,0.0
2016-03-10,4285.2,4283.066666666667,4308.733333333334,0.011583398169236878,,,0,0.0
2016-03-11,4357.2,4287.8,4345.5,0.010450206628363113,,,0,0.0
2016-03-13,4353.6,4334.5,4384.2,0.009971016144570577,,,0,0.0
2016-03-14,4367.0,4353.066666666667,4357.733333333334,0.009966908668553133,,,0,0.0
2016-03-15,4372.6,4362.2,4383.7,0.00988805085340299,,,0,0.0
2016-03-16,4403.1,4361.2,4384.2,0.009555670776382752,,,0,0.0
2016-03-17,4407.4,4389.6,4429.800000000001,0.008897094484388357,,,0,0.0
2016-03-18,4405.3,4399.2,4429.9,0.008365978525819686,,,0,0.0
2016-03-20,4398.8,4402.966666666667,4421.433333333334,0.008360040957676567,,,0,0.0
2016-03-21,4422.4,4398.333333333333,4401.666666666666,0.008260548039019372,,,0,0.0
2016-03-22,4440.8,4412.433333333333,4439.566666666667,0.00822280189015488,,,0,0.0
2016-03-23,4402.0,4427.166666666667,4462.233333333334,0.00851244587987418,,,0,0.0
2016-03-24,4408.5,4414.233333333334,4436.966666666667,0.005453641341274958,,,0,0.0
2016-03-27,4416.8,4396.8,4420.400000000001,0.005370504363668289,,,0,0.0
2016-03-28,4394.6,4414.733333333334,4419.0666666666675,0.0055387997077268126,,,0,0.0
2016-03-29,4471.8,4405.766666666667,4422.2333333333345,0.006672867127978825,,,0,0.0
2016-03-30,4485.6,4442.433333333333,4503.366666666667,0.006652897507593015,,,0,0.0
2016-03-31,4486.0,4489.266666666667,4514.2333333333345,0.006548504762601208,,,0,0.0
2016-04-01,4536.4,4486.333333333333,4502.666666666666,0.0064386054178026805,,,0,0.0
2016-04-03,4527.4,4507.499999999999,4565.799999999998,0.006513420727454721,,,0,0.0
2016-04-04,4503.2,4529.666666666666,4531.9333333333325,0.006692009476736759,,,0,0.0
2016-04-05,4485.1,4518.3,4535.8,0.005926632553234001,,,0,0.0
2016-04-06,4539.1,4484.666666666667,4505.833333333334,0.006348212256462862,,,0,0.0
2016-04-07,4465.4,4519.433333333333,4564.366666666667,0.007548481368939975,,,0,0.0
2016-04-08,4476.4,4489.8,4521.900000000001,0.007554256328978791,,,0,0.0
2016-04-10,4478.4,4483.733333333333,4509.066666666666,0.0074316626187236135,,,0,0.0
2016-04-11,4450.2,4476.2,4483.4,0.007602404493757121,,,0,0.0
2016-04-12,4498.6,4471.233333333334,4495.166666666667,0.007941075984241723,,,0,0.0
2016-04-13,4555.4,4478.533333333334,4524.0666666666675,0.008319411881765541,,,0,0.0
2016-04-14,4552.0,4536.766666666666,4578.633333333333,0.0082931289671178,,,0,0.0
2016-04-15,4543.9,4552.866666666666,4568.533333333332,0.008298358414613394,,,0,0.0
2016-04-17,4514.7,4544.6,4559.900000000001,0.00816805517987035,,,0,0.0
2016-04-18,4558.8,4517.433333333333,4521.666666666667,0.008385215283567048,,,0,0.0
2016-04-19,4529.0,4544.099999999999,4581.199999999999,0.008585106465082605,,,0,0.0
2016-04-20,4541.4,4543.933333333333,4575.266666666666,0.008459078118597396,,,0,0.0
2016-04-21,4491.0,4539.266666666667,4563.7333333333345,0.008043484984513221,,,0,0.0
2016-04-22,4472.1,4510.7,4537.5,0.008073204861876602,,,0,0.0
2016-04-24,4476.2,4471.900000000001,4507.300000000001,0.00807645254820463,,,0,0.0
2016-04-25,4476.4,4478.599999999999,4482.0999999999985,0.007626530454733159,,,0,0.0
2016-04-26,4413.4,4465.999999999999,4490.799999999998,0.00819665953647481,,,0,0.0
2016-04-27,4439.1,4439.266666666667,4468.933333333334,0.0082824204076344,,,0,0.0
2016-04-28,4390.6,4418.533333333334,4460.166666666668,0.008567851580435932,,,0,0.0
2016-04-29,4340.8,4396.266666666667,4441.333333333335,0.008281163138656627,,,0,0.0
2016-05-01,4326.8,4346.099999999999,4390.799999999999,0.0076036374745691105,,,0,0.0
2016-05-02,4373.1,4330.433333333333,4336.566666666667,0.008042765798112722,,,0,0.0
2016-05-03,4343.8,4359.433333333333,4396.566666666667,0.008127069721160222,,,0,0.0
2016-05-04,4316.9,4347.933333333333,4372.066666666667,0.008123862277164523,,,0,0.0
2016-05-05,4301.6,4319.766666666666,4343.133333333333,0.007591227712132527,,,0,0.0
2016-05-06,4336.8,4313.233333333333,4335.066666666666,0.007188558998743153,,,0,0.0
2016-05-08,4339.9,4316.566666666667,4358.033333333333,0.007213964259846981,,,0,0.0
2016-05-09,4335.4,4337.166666666667,4343.533333333334,0.007219008615707267,,,0,0.0
2016-05-10,4396.8,4339.166666666667,4356.533333333334,0.008025707003936747,,,0,0.0
2016-05-11,4356.9,4377.599999999999,4421.499999999999,0.007760680956852488,,,0,0.0
2016-05-12,4340.8,4371.2,4391.799999999999,0.007703558159941152,,,0,0.0
2016-05-13,4325.8,4345.066666666667,4381.033333333333,0.007623262814617547,,,0,0.0
2016-05-15,4318.8,4332.133333333334,4357.266666666668,0.0073436651181943,,,0,0.0
2016-05-16,4376.2,4315.866666666666,4323.333333333332,0.008064658200391997,,,0,0.0
2016-05-17,4324.6,4363.3,4408.0,0.008395178651441576,,,0,0.0
2016-05-18,4341.6,4344.066666666667,4377.133333333333,0.008481918240000198,,,0,0.0
2016-05-19,4318.5,4335.9,4367.4,0.008011398049315829,,,0,0.0
2016-05-20,4366.2,4315.2,4346.9,0.008326322984178918,,,0,0.0
2016-05-22,4368.4,4355.099999999999,4392.5999999999985,0.007979396464864981,,,0,0.0
2016-05-23,4354.6,4369.133333333333,4371.066666666667,0.007578985039046751,,,0,0.0
2016-05-24,4455.4,4362.900000000001,4375.200000000001,0.009096616728425978,,,0,0.0
2016-05-25,4474.5,4419.0,4494.0,0.008865472367155375,,,0,0.0
2016-05-26,4497.3,4472.133333333334,4493.666666666668,0.00870427321199577,,,0,0.0
2016-05-27,4515.1,4487.099999999999,4508.399999999999,0.008509062262547312,,,0,0.0
2016-05-29,4521.4,4507.533333333334,4522.966666666667,0.008402092726960336,,,0,0.0
2016-05-30,4522.8,4520.933333333333,4524.666666666667,0.008307110130709412,,,0,0.0
2016-05-31,4525.6,4521.433333333333,4527.766666666666,0.008307998710470542,,,0,0.0
2016-06-01,4523.2,4518.233333333334,4537.366666666667,0.008298603390735834,,,0,0.0
2016-06-02,4532.5,4522.099999999999,4539.799999999999,0.00780341653304236,,,0,0.0
2016-06-03,4509.7,4518.400000000001,4548.4000000000015,0.0075622748177660015,,,0,0.0
2016-06-05,4507.2,4508.633333333334,4537.066666666668,0.00747531154574794,,,0,0.0
2016-06-06,4522.0,4508.599999999999,4512.0999999999985,0.007371943091165268,,,0,0.0
2016-06-07,4513.1,4521.966666666667,4537.633333333334,0.00738200617317687,,,0,0.0
2016-06-08,4519.0,4523.900000000001,4535.800000000001,0.006907970262619057,,,0,0.0
2016-06-09,4511.7,4518.333333333333,4531.766666666666,0.006206644154570392,,,0,0.0
2016-06-10,4466.0,4509.766666666666,4525.233333333333,0.006764122379787733,,,0,0.0
2016-06-12,4455.1,4475.666666666667,4504.233333333334,0.006642292605329982,,,0,0.0
2016-06-13,4419.6,4455.566666666667,4459.533333333333,0.006576453421151161,,,0,0.0
2016-06-14,4419.2,4431.833333333333,4449.666666666666,0.006578388333766966,,,0,0.0
2016-06-15,4413.4,4417.3,4442.5,0.0065356921967397565,,,0,0.0
2016-06-16,4433.0,4420.266666666666,4437.033333333333,0.003998951561250272,,,0,0.0
2016-06-17,4368.6,4408.7,4457.7,0.00497157330160291,,,0,0.0
2016-06-19,4401.0,4389.5,4418.5,0.005149793096188267,,,0,0.0
2016-06-20,4402.3,4399.5,4408.0,0.005025239369824068,,,0,0.0
2016-06-21,4400.8,4412.599999999999,4433.299999999999,0.004991985442083016,,,0,0.0
2016-06-22,4421.5,4406.3,4417.3,0.0051621539500154535,,,0,0.0
2016-06-23,4460.6,4420.166666666667,4442.233333333334,0.0056155558804011916,,,0,0.0
2016-06-24,4268.9,4459.433333333333,4501.966666666667,0.010991966287232377,,,0,0.0
2016-06-26,4241.2,4325.366666666667,4409.933333333333,0.010958052676629972,,,0,0.0
2016-06-27,4197.3,4242.0,4259.6,0.011067390708917102,,,0,0.0
2016-06-28,4286.1,4215.8,4256.6,0.01236288478137926,,,0,0.0
2016-06-29,4373.0,4256.766666666667,4320.7333333333345,0.013323270682238103,,,0,0.0
2016-06-30,4403.3,4344.233333333334,4413.166666666667,0.013457780895672448,,,0,0.0
2016-07-01,4441.3,4388.566666666667,4431.633333333333,0.013626521483962062,,,0,0.0
2016-07-03,4433.8,4429.233333333334,4465.166666666667,0.013626768527434547,,,0,0.0
2016-07-04,4442.2,4437.733333333334,4442.0666666666675,0.013456818415994326,,,0,0.0
2016-07-05,4404.1,4444.7,4456.0,0.013580455413786413,,,0,0.0
2016-07-06,4441.3,4410.2,4436.0,0.013600517455234041,,,0,0.0
2016-07-07,4457.3,4420.033333333333,4467.666666666666,0.013619508515948288,,,0,0.0
2016-07-08,4523.3,4453.400000000001,4471.000000000001,0.01397770446607175,,,0,0.0
2016-07-10,4526.5,4499.566666666667,4553.133333333333,0.013958811133962017,,,0,0.0
2016-07-11,4554.8,4525.2,4528.5,0.013497141969845586,,,0,0.0
2016-07-12,4575.3,4550.2,4574.0,0.013453242269563449,,,0,0.0
2016-07-13,4561.5,4571.933333333333,4591.266666666666,0.013496039900376573,,,0,0.0
2016-07-14,4587.5,4570.533333333333,4581.366666666666,0.013511650885792701,,,0,0.0
2016-07-15,4567.6,4587.233333333334,4614.366666666667,0.013573445335546549,,,0,0.0
2016-07-17,4592.1,4575.0,4602.0,0.01349937894077243,,,0,0.0
2016-07-18,4616.0,4593.333333333334,4599.5666666666675,0.00851608188794609,,,0,0.0
2016-07-19,4611.0,4609.733333333334,4633.866666666667,0.008248914956249643,,,0,0.0
2016-07-20,4658.8,4607.166666666667,4620.233333333334,0.007597866595889333,,,0,0.0
2016-07-21,4643.3,4642.533333333333,4681.2666666666655,0.0068353897356036985,,,0,0.0
2016-07-22,4663.9,4648.033333333333,4663.166666666666,0.005673275965949458,,,0,0.0
2016-07-24,4664.0,4656.3,4678.0,0.005647117203548607,,,0,0.0
2016-07-25,4661.0,4664.066666666667,4665.533333333333,0.005530979775532052,,,0,0.0
2016-07-26,4699.3,4662.033333333334,4674.466666666667,0.005585852515227642,,,0,0.0
2016-07-27,4712.3,4682.166666666667,4717.433333333334,0.005580772061937201,,,0,0.0
2016-07-28,4733.4,4705.0,4726.9,0.004878345357440712,,,0,0.0
2016-07-29,4735.6,4722.633333333333,4749.666666666666,0.004788639153319175,,,0,0.0
2016-07-31,4736.3,4731.033333333334,4746.966666666667,0.0048363398833746185,,,0,0.0
2016-08-01,4754.3,4738.633333333334,4741.666666666668,0.003978344521766551,,,0,0.0
2016-08-02,4716.5,4749.266666666666,4771.4333333333325,0.004605431551739331,,,0,0.0
2016-08-03,4733.5,4723.266666666666,4758.633333333333,0.004516017495832257,,,0,0.0
2016-08-04,4751.2,4724.033333333334,4743.966666666667,0.004496421930222324,,,0,0.0
2016-08-05,4786.6,4740.866666666666,4761.833333333332,0.0045035202089440856,,,0,0.0
2016-08-07,4789.4,4778.9,4807.9,0.004452460681580889,,,0,0.0
2016-08-08,4781.1,4788.499999999999,4792.0999999999985,0.00428725322241896,,,0,0.0
2016-08-09,4789.1,4784.433333333333,4800.166666666667,0.004227238092665345,,,0,0.0
2016-08-10,4780.4,4793.333333333333,4805.966666666666,0.0042482904226282345,,,0,0.0
2016-08-11,4805.6,4784.466666666666,4798.9333333333325,0.004262078904284794,,,0,0.0
2016-08-12,4808.5,4799.5,4819.6,0.0037964133803213935,,,0,0.0
2016-08-14,4809.2,4802.400000000001,4815.100000000001,0.003635730993556857,,,0,0.0
2016-08-15,4825.5,4809.0,4810.4,0.0036025939944084157,,,0,0.0
2016-08-16,4804.5,4823.633333333333,4839.566666666667,0.0038357065196964564,,,0,0.0
2016-08-17,4809.1,4810.2,4821.299999999999,0.00380538750951349,,,0,0.0
2016-08-18,4811.9,4798.666666666667,4822.633333333334,0.003472049554381797,,,0,0.0
2016-08-19,4810.2,4807.999999999999,4820.5999999999985,0.0034675930381896296,,,0,0.0
2016-08-21,4808.9,4805.033333333333,4823.366666666666,0.0033808954150069074,,,0,0.0
2016-08-22,4810.0,4809.166666666667,4810.533333333334,0.0033825276485938962,,,0,0.0
2016-08-23,4821.5,4806.900000000001,4822.600000000001,0.003397435533557072,,,0,0.0
2016-08-24,4786.7,4823.033333333333,4836.666666666666,0.00377431740194756,,,0,0.0
2016-08-25,4783.9,4794.5,4817.1,0.003244238368905877,,,0,0.0
2016-08-26,4784.8,4782.733333333333,4796.066666666666,0.0031732448591868037,,,0,0.0
2016-08-28,4781.8,4787.133333333332,4815.866666666665,0.003090965310663996,,,0,0.0
2016-08-29,4796.7,4781.366666666666,4787.633333333331,0.002691175226325167,,,0,0.0
2016-08-30,4774.7,4793.2,4809.9,0.00288451651251433,,,0,0.0
2016-08-31,4775.0,4778.166666666667,4795.633333333334,0.0028604884282617663,,,0,0.0
2016-09-01,4779.4,4768.599999999999,4784.999999999999,0.0028413897681711458,,,0,0.0
2016-09-02,4799.2,4775.099999999999,4799.999999999999,0.002961557380616979,,,0,0.0
2016-09-04,4801.9,4797.366666666666,4820.033333333332,0.002714019908621542,,,0,0.0
2016-09-05,4791.5,4801.0,4804.4,0.0027501331799921,,,0,0.0
2016-09-06,4828.5,4793.333333333333,4804.566666666666,0.0032692190084011165,,,0,0.0
2016-09-07,4827.4,4816.766666666666,4843.133333333333,0.0031827144331100787,,,0,0.0
2016-09-08,4796.4,4826.566666666667,4840.433333333333,0.003361155891768862,,,0,0.0
2016-09-09,4668.5,4807.7,4825.7,0.006814394686676419,,,0,0.0
2016-09-11,4663.4,4710.866666666667,4755.633333333333,0.006798247366837099,,,0,0.0
2016-09-12,4762.6,4662.933333333333,4671.866666666667,0.008503477064437935,,,0,0.0
2016-09-13,4725.8,4721.333333333333,4813.466666666666,0.008656684510432687,,,0,0.0
2016-09-14,4739.8,4729.733333333334,4759.966666666667,0.008695865750677245,,,0,0.0
2016-09-15,4807.8,4744.566666666667,4765.733333333334,0.009308778650472718,,,0,0.0
2016-09-16,4818.7,4784.400000000001,4849.600000000001,0.009167667845434537,,,0,0.0
2016-09-18,4828.8,4810.766666666666,4830.133333333333,0.009172518549238716,,,0,0.0
2016-09-19,4794.7,4825.8,4837.8,0.00932774073961853,,,0,0.0
2016-09-20,4803.8,4808.166666666667,4830.933333333334,0.009333829802185384,,,0,0.0
2016-09-21,4849.6,4807.099999999999,4819.899999999999,0.009544737616968748,,,0,0.0
2016-09-22,4887.3,4832.666666666667,4874.133333333334,0.009591834276179923,,,0,0.0
2016-09-23,4859.4,4875.933333333333,4906.266666666666,0.009714202028149235,,,0,0.0
2016-09-25,4860.1,4867.8,4884.3,0.009715757029889546,,,0,0.0
2016-09-26,4814.8,4858.566666666667,4863.933333333333,0.009941772780249079,,,0,0.0
2016-09-27,4863.6,4829.066666666667,4847.933333333333,0.010187086902147513,,,0,0.0
2016-09-28,4872.4,4844.933333333333,4886.066666666667,0.010167236364217734,,,0,0.0
2016-09-29,4840.0,4865.433333333333,4883.166666666667,0.010166589631817899,,,0,0.0
2016-09-30,4866.3,4844.866666666666,4874.333333333332,0.01023358653194457,,,0,0.0
2016-10-02,4877.8,4856.366666666666,4898.033333333332,0.010110857188482427,,,0,0.0
2016-10-03,4871.6,4875.099999999999,4880.799999999999,0.007798230514770577,,,0,0.0
2016-10-04,4854.9,4866.466666666666,4887.233333333333,0.00786669107665678,,,0,0.0
2016-10-05,4877.1,4861.499999999999,4884.0999999999985,0.006482881105550709,,,0,0.0
2016-10-06,4865.3,4873.166666666667,4894.633333333334,0.0062003404096215384,,,0,0.0
2016-10-07,4861.6,4865.466666666666,4883.033333333333,0.006209176341564653,,,0,0.0
2016-10-09,4870.6,4861.433333333333,4885.966666666667,0.005402240810708973,,,0,0.0
2016-10-10,4896.9,4872.166666666667,4875.133333333334,0.005495802569381535,,,0,0.0
2016-10-11,4828.7,4888.466666666666,4912.133333333332,0.0063943781166741175,,,0,0.0
2016-10-12,4811.3,4842.833333333333,4885.266666666666,0.0062376780091605,,,0,0.0
2016-10-13,4795.7,4818.799999999999,4834.899999999999,0.006269477369121844,,,0,0.0
2016-10-14,4804.6,4789.233333333334,4821.5666666666675,0.0058732613375113004,,,0,0.0
2016-10-16,4795.7,4812.133333333333,4835.666666666666,0.005549388302107834,,,0,0.0
2016-10-17,4810.3,4797.0,4807.0,0.005497672738735293,,,0,0.0
2016-10-18,4828.1,4802.166666666667,4820.933333333334,0.005576321469789984,,,0,0.0
2016-10-19,4833.7,4832.066666666667,4854.933333333333,0.005162617391492634,,,0,0.0
2016-10-20,4849.1,4829.8,4846.400000000001,0.004669655440781375,,,0,0.0
2016-10-21,4847.8,4833.866666666667,4866.333333333334,0.004647088692218769,,,0,0.0
2016-10-23,4850.6,4838.366666666666,4859.633333333331,0.004396921742180774,,,0,0.0
2016-10-24,4907.1,4850.866666666667,4854.933333333333,0.004973986871026568,,,0,0.0
2016-10-25,4875.6,4887.666666666667,4930.233333333334,0.0051777719678427845,,,0,0.0
2016-10-26,4857.1,4890.166666666667,4907.133333333334,0.005240486123952683,,,0,0.0
2016-10-27,4821.8,4860.966666666666,4880.033333333333,0.005434190564395804,,,0,0.0
2016-10-28,4807.6,4837.099999999999,4867.399999999999,0.005336491446400117,,,0,0.0
2016-10-30,4804.8,4814.033333333334,4839.266666666667,0.005321195352725517,,,0,0.0
2016-10-31,4803.8,4800.966666666666,4810.733333333333,0.00532181741643092,,,0,0.0
2016-11-01,4757.6,4811.133333333332,4824.866666666665,0.005653130934237365,,,0,0.0
2016-11-02,4709.2,4765.933333333333,4810.966666666667,0.0057735794270221035,,,0,0.0
2016-11-03,4678.2,4725.966666666667,4753.633333333334,0.00517313233952112,,,0,0.0
2016-11-04,4662.4,4693.599999999999,4716.199999999999,0.005168698303158218,,,0,0.0
2016-11-06,4724.0,4670.9,4688.299999999999,0.006110265651640131,,,0,0.0
2016-11-07,4775.7,4725.900000000001,4734.100000000001,0.006629021967024863,,,0,0.0
2016-11-08,4816.9,4758.633333333334,4800.166666666668,0.006906605034083632,,,0,0.0
2016-11-09,4818.6,4798.499999999999,4842.299999999998,0.006875301841410611,,,0,0.0
2016-11-10,4739.2,4739.1,4918.6,0.00774588628898814,,,0,0.0
2016-11-11,4744.0,4767.033333333333,4853.166666666666,0.0077438973875398175,,,0,0.0
2016-11-13,4767.9,4728.866666666667,4774.133333333333,0.00780624545239604,,,0,0.0
2016-11-14,4695.9,4763.599999999999,4774.999999999999,0.008431144956031953,,,0,0.0
2016-11-15,4770.0,4718.666666666667,4763.033333333334,0.00927657206012663,,,0,0.0
2016-11-16,4784.0,4747.599999999999,4802.699999999999,0.008856460801683706,,,0,0.0
2016-11-17,4828.1,4772.466666666667,4807.333333333334,0.009062303585717447,,,0,0.0
2016-11-18,4811.1,4813.366666666667,4847.433333333333,0.009057199441669229,,,0,0.0
2016-11-20,4810.6,4818.633333333333,4833.566666666667,0.008913344271631365,,,0,0.0
2016-11-21,4859.9,4811.3,4812.900000000001,0.009174415030514532,,,0,0.0
2016-11-22,4875.1,4842.3,4880.3,0.009187149070129458,,,0,0.0
2016-11-23,4849.2,4873.366666666667,4887.133333333333,0.009286028135485085,,,0,0.0
2016-11-24,4859.1,4854.566666666667,4877.933333333333,0.008977539657131597,,,0,0.0
2016-11-25,4870.0,4854.166666666667,4868.133333333334,0.008577760807371288,,,0,0.0
2016-11-27,4861.9,4864.400000000001,4876.100000000001,0.008395887829314028,,,0,0.0
2016-11-28,4856.5,4861.766666666666,4864.333333333333,0.008335109916854093,,,0,0.0
2016-11-29,4874.4,4859.599999999999,4876.399999999999,0.007927368273748557,,,0,0.0
2016-11-30,4820.4,4873.2,4898.799999999999,0.008088710637410883,,,0,0.0
2016-12-01,4732.3,4839.6,4866.400000000001,0.008865302826329394,,,0,0.0
2016-12-02,4733.8,4760.933333333333,4798.766666666666,0.008865050109474484,,,0,0.0
2016-12-04,4714.2,4733.366666666666,4759.333333333332,0.00811813633753197,,,0,0.0
2016-12-05,4781.6,4711.466666666667,4721.333333333334,0.008744716507576774,,,0,0.0
2016-12-06,4788.8,4763.066666666667,4814.333333333333,0.008682226180327927,,,0,0.0
2016-12-07,4843.3,4784.400000000001,4800.800000000001,0.008224397893573012,,,0,0.0
2016-12-08,4860.9,4820.599999999999,4877.5999999999985,0.00754059692954945,,,0,0.0
2016-12-09,4894.6,4855.5,4874.7,0.007647620624532293,,,0,0.0
2016-12-11,4901.5,4881.533333333334,4910.366666666668,0.007410840228350637,,,0,0.0
2016-12-12,4865.2,4904.033333333334,4914.266666666667,0.007578543963557134,,,0,0.0
2016-12-13,4940.6,4873.766666666666,4895.033333333333,0.008274721668648828,,,0,0.0
2016-12-14,4932.2,4922.466666666666,4981.133333333332,0.008027372640763608,,,0,0.0
2016-12-15,4941.5,4934.533333333333,4956.366666666666,0.00801295856386673,,,0,0.0
2016-12-16,4916.5,4941.433333333333,4963.066666666667,0.008003128826344514,,,0,0.0
2016-12-18,4923.4,4925.133333333333,4944.366666666667,0.00799885290213368,,,0,0.0
2016-12-19,4943.4,4921.9,4926.999999999999,0.008027757395644118,,,0,0.0
2016-12-20,4958.0,4941.599999999999,4969.299999999999,0.008020211035320175,,,0,0.0
2016-12-21,4949.2,4954.266666666666,4968.533333333333,0.00803082195376953,,,0,0.0
2016-12-22,4934.7,4950.400000000001,4960.100000000001,0.00804957789210186,,,0,0.0
2016-12-23,4944.3,4935.900000000001,4953.100000000001,0.007563326672782035,,,0,0.0
2016-12-26,4944.3,4937.633333333334,4950.966666666668,0.006020739398319435,,,0,0.0
2016-12-27,4964.5,4943.933333333333,4946.166666666667,0.006017322006610892,,,0,0.0
2016-12-28,4927.3,4967.266666666666,4992.733333333333,0.006251254882444267,,,0,0.0
2016-12-29,4920.2,4943.266666666666,4964.733333333333,0.005610173178477135,,,0,0.0
2016-12-30,4865.3,4919.2,4935.7,0.006277832224413093,,,0,0.0
2017-01-02,4888.1,4885.666666666667,4921.033333333334,0.005848417372885926,,,0,0.0
2017-01-03,4904.5,4887.066666666667,4893.333333333333,0.005840823341555912,,,0,0.0
2017-01-04,4933.1,4903.366666666667,4928.433333333333,0.0057814957787500594,,,0,0.0
2017-01-05,4960.4,4926.533333333334,4948.966666666667,0.005891622948452199,,,0,0.0
2017-01-06,5004.9,4948.266666666666,4976.033333333333,0.00585629603003693,,,0,0.0
2017-01-08,5010.4,4991.633333333333,5030.666666666666,0.004831620317331971,,,0,0.0
2017-01-09,5016.4,5007.8,5013.0,0.004798788679731427,,,0,0.0
2017-01-10,5032.0,5016.3,5029.700000000001,0.004820349515349172,,,0,0.0
2017-01-11,5042.4,5028.766666666666,5050.133333333333,0.004614169819994149,,,0,0.0
2017-01-12,5037.5,5032.766666666667,5057.933333333334,0.004641182845769564,,,0,0.0
2017-01-13,5060.8,5024.033333333334,5057.5666666666675,0.004661401201499705,,,0,0.0
2017-01-15,5050.9,5053.333333333333,5070.566666666666,0.004692520191371095,,,0,0.0
2017-01-16,5051.6,5052.233333333333,5055.366666666665,0.004653617925197932,,,0,0.0
2017-01-17,5041.6,5050.433333333333,5056.766666666666,0.004615708700950977,,,0,0.0
2017-01-18,5054.9,5040.033333333334,5054.966666666667,0.004625114510187372,,,0,0.0
2017-01-19,5057.0,5048.766666666667,5063.433333333334,0.004620765104503456,,,0,0.0
2017-01-20,5060.8,5056.0,5075.6,0.004568667377069278,,,0,0.0
2017-01-22,5044.6,5062.733333333334,5080.5666666666675,0.004239067373443207,,,0,0.0
2017-01-23,5064.1,5049.333333333334,5054.5666666666675,0.0042320793954222806,,,0,0.0
2017-01-24,5104.4,5054.7,5079.0,0.00328780027084956,,,0,0.0
2017-01-25,5148.1,5089.866666666667,5119.633333333333,0.003534149519686994,,,0,0.0
2017-01-26,5144.9,5133.233333333334,5165.366666666667,0.003600698803391342,,,0,0.0
2017-01-27,5166.3,5151.566666666667,5162.733333333334,0.003535702573182398,,,0,0.0
2017-01-29,5147.4,5159.0,5175.9,0.0036897583824883496,,,0,0.0
2017-01-30,5123.5,5149.0,5151.9,0.0035621212966433285,,,0,0.0
2017-01-31,5127.9,5124.833333333333,5154.066666666666,0.0035628055131290935,,,0,0.0
2017-02-01,5141.9,5115.9,5147.4,0.003579967084737519,,,0,0.0
2017-02-02,5129.9,5141.666666666667,5159.333333333334,0.0036369933453099823,,,0,0.0
2017-02-03,5158.6,5136.466666666666,5152.033333333333,0.00377587708966607,,,0,0.0
2017-02-05,5150.8,5147.566666666667,5174.233333333334,0.003793720434645874,,,0,0.0
2017-02-06,5160.0,5153.900000000001,5157.700000000001,0.003707779066682357,,,0,0.0
2017-02-07,5175.7,5155.266666666666,5169.133333333333,0.0036678740901342818,,,0,0.0
2017-02-08,5190.9,5174.599999999999,5193.799999999999,0.0036775064741852888,,,0,0.0
2017-02-09,5212.8,5184.2,5204.099999999999,0.0036416047692965103,,,0,0.0
2017-02-10,5228.1,5206.599999999999,5226.0999999999985,0.0036463315752409023,,,0,0.0
2017-02-12,5233.1,5223.900000000001,5237.300000000001,0.0036383601155385,,,0,0.0
2017-02-13,5259.5,5231.333333333333,5234.966666666666,0.0037043114482231253,,,0,0.0
2017-02-14,5273.6,5249.966666666667,5271.833333333334,0.0035032037530928453,,,0,0.0
2017-02-15,5308.9,5264.233333333334,5287.966666666667,0.0036276524029760413,,,0,0.0
2017-02-16,5297.7,5296.366666666667,5326.633333333333,0.0035078865785669205,,,0,0.0
2017-02-17,5328.6,5301.266666666666,5313.633333333333,0.0032794156646897953,,,0,0.0
2017-02-19,5322.7,5314.933333333333,5342.466666666667,0.003299477981974949,,,0,0.0
2017-02-20,5338.7,5323.166666666667,5324.933333333334,0.003264216183037453,,,0,0.0
2017-02-21,5344.6,5335.166666666667,5349.433333333334,0.0030214429179919963,,,0,0.0
2017-02-22,5351.4,5343.266666666667,5354.933333333334,0.0026102288855942737,,,0,0.0
2017-02-23,5324.6,5347.733333333333,5359.066666666666,0.0030579738521634143,,,0,0.0
2017-02-24,5342.9,5332.2,5353.5,0.003072263835654375,,,0,0.0
2017-02-26,5349.1,5328.733333333333,5358.366666666665,0.002912622214878784,,,0,0.0
2017-02-27,5344.4,5347.333333333333,5352.666666666666,0.0028628923152728904,,,0,0.0
2017-02-28,5332.6,5340.1,5356.6,0.0029087999753917315,,,0,0.0
2017-03-01,5387.4,5333.2,5349.299999999999,0.0034794698821162748,,,0,0.0
2017-03-02,5360.3,5373.3,5414.0,0.0038234756415136614,,,0,0.0
2017-03-03,5372.6,5370.099999999999,5383.899999999999,0.003815768298350892,,,0,0.0
2017-03-05,5348.3,5363.433333333333,5382.566666666667,0.004011177058448134,,,0,0.0
2017-03-06,5358.1,5355.099999999999,5362.199999999999,0.003994942339232053,,,0,0.0
2017-03-07,5345.1,5355.366666666667,5371.633333333333,0.004078157890311428,,,0,0.0
2017-03-08,5363.8,5353.533333333334,5365.666666666668,0.004012917982454311,,,0,0.0
2017-03-09,5371.8,5358.2,5382.5,0.003995315171395632,,,0,0.0
2017-03-10,5382.3,5359.866666666666,5384.333333333332,0.0037696810808898274,,,0,0.0
2017-03-12,5373.4,5380.166666666667,5397.233333333334,0.00375317395931335,,,0,0.0
2017-03-13,5394.5,5375.966666666666,5380.233333333333,0.00363888152339496,,,0,0.0
2017-03-14,5381.2,5388.133333333334,5402.966666666668,0.0036852130403245103,,,0,0.0
2017-03-15,5417.8,5379.233333333334,5398.466666666667,0.0039090981991855185,,,0,0.0
2017-03-16,5409.9,5407.033333333333,5438.066666666666,0.003938506408792644,,,0,0.0
2017-03-17,5404.7,5414.433333333333,5430.766666666666,0.003950526602647163,,,0,0.0
2017-03-19,5402.2,5409.3,5416.1,0.0037420354685679695,,,0,0.0
2017-03-20,5412.1,5401.733333333334,5405.166666666667,0.00369789871330464,,,0,0.0
2017-03-21,5326.6,5409.2,5426.599999999999,0.00520987581103512,,,0,0.0
2017-03-22,5371.8,5362.1,5401.000000000001,0.005554839587046676,,,0,0.0
2017-03-23,5357.9,5351.533333333333,5392.166666666666,0.005564395490221525,,,0,0.0
2017-03-24,5368.7,5358.433333333333,5373.666666666667,0.005065299724440548,,,0,0.0
2017-03-26,5343.7,5367.533333333333,5391.866666666666,0.00504705431703805,,,0,0.0
2017-03-27,5383.4,5345.333333333333,5354.366666666666,0.005301742849411297,,,0,0.0
2017-03-28,5407.4,5360.666666666666,5408.133333333332,0.005268584853526477,,,0,0.0
2017-03-29,5433.1,5395.733333333333,5432.066666666666,0.005345528285333861,,,0,0.0
2017-03-30,5431.2,5422.633333333333,5444.566666666667,0.005301414035827738,,,0,0.0
2017-03-31,5432.2,5433.466666666667,5444.433333333334,0.005264714081924149,,,0,0.0
2017-04-02,5436.9,5432.566666666667,5448.133333333333,0.005261288234919865,,,0,0.0
2017-04-03,5428.5,5436.266666666666,5440.633333333333,0.005272596635527379,,,0,0.0
2017-04-04,5449.8,5426.2,5453.099999999999,0.00530340268637218,,,0,0.0
2017-04-05,5415.3,5434.8,5466.8,0.005470266006783379,,,0,0.0
2017-04-06,5422.1,5437.866666666666,5462.733333333332,0.005437781701160385,,,0,0.0
2017-04-07,5419.5,5417.666666666667,5440.533333333334,0.005225739690252574,,,0,0.0
2017-04-09,5420.6,5412.099999999999,5442.299999999999,0.005214051759174507,,,0,0.0
2017-04-10,5421.6,5420.6,5424.900000000001,0.005207933114620283,,,0,0.0
2017-04-11,5396.2,5423.0,5441.1,0.005319279067240854,,,0,0.0
2017-04-12,5370.9,5392.900000000001,5428.700000000001,0.005397604143253457,,,0,0.0
2017-04-13,5356.2,5383.733333333333,5399.066666666666,0.004055869173150596,,,0,0.0
2017-04-16,5351.9,5367.400000000001,5387.200000000001,0.003570108501152407,,,0,0.0
2017-04-17,5395.9,5352.366666666667,5355.133333333333,0.003980888891499649,,,0,0.0
2017-04-18,5394.0,5380.4,5413.9,0.003964260897531654,,,0,0.0
2017-04-19,5398.5,5391.0,5407.4,0.003793572298793122,,,0,0.0
2017-04-20,5446.5,5405.733333333334,5422.366666666667,0.003944852204046566,,,0,0.0
2017-04-21,5435.4,5431.733333333334,5468.466666666667,0.0038764591659218245,,,0,0.0
2017-04-23,5487.0,5438.533333333334,5450.466666666667,0.004288334491748597,,,0,0.0
2017-04-24,5499.5,5487.866666666666,5496.433333333332,0.004301089911086039,,,0,0.0
2017-04-25,5545.8,5497.7,5513.5,0.004636829534770568,,,0,0.0
2017-04-26,5537.4,5533.599999999999,5568.299999999999,0.004672104007974011,,,0,0.0
2017-04-27,5587.1,5544.133333333334,5554.666666666668,0.004962399587267793,,,0,0.0
2017-04-28,5580.3,5573.233333333333,5611.7666666666655,0.0049608036406361,,,0,0.0
2017-04-30,5577.5,5582.433333333333,5594.266666666666,0.00465732395159602,,,0,0.0
2017-05-01,5630.1,5577.033333333333,5581.2666666666655,0.004983293988494673,,,0,0.0
2017-05-02,5623.5,5614.533333333333,5651.966666666665,0.00500304107084434,,,0,0.0
2017-05-03,5619.0,5626.5,5637.6,0.005025518218250015,,,0,0.0
2017-05-04,5623.9,5618.0,5630.9,0.005016149575598857,,,0,0.0
2017-05-05,5648.9,5620.633333333334,5637.366666666669,0.004801429972135647,,,0,0.0
2017-05-07,5643.6,5636.966666666667,5661.333333333334,0.00458229568985836,,,0,0.0
2017-05-08,5654.1,5648.433333333334,5655.566666666668,0.004418713467128265,,,0,0.0
2017-05-09,5669.3,5648.266666666667,5661.933333333334,0.004340522076328465,,,0,0.0
2017-05-10,5674.4,5669.233333333334,5687.666666666667,0.004173067470192645,,,0,0.0
2017-05-11,5669.9,5670.7,5683.299999999999,0.004190211224379394,,,0,0.0
2017-05-12,5688.9,5660.466666666667,5684.533333333335,0.004175139809293423,,,0,0.0
2017-05-14,5691.1,5678.3,5700.0,0.003929914045589752,,,0,0.0
2017-05-15,5704.1,5690.133333333334,5693.266666666668,0.003800960187083382,,,0,0.0
2017-05-16,5701.4,5697.766666666667,5712.933333333334,0.0034634810923400957,,,0,0.0
2017-05-17,5589.9,5708.366666666666,5720.433333333332,0.00591773450006582,,,0,0.0
2017-05-18,5632.6,5624.166666666667,5674.333333333334,0.005867450359476171,,,0,0.0
2017-05-19,5655.0,5610.533333333333,5670.466666666665,0.005882235920601997,,,0,0.0
2017-05-21,5657.4,5651.3,5680.200000000001,0.005580242761941845,,,0,0.0
2017-05-22,5690.1,5656.899999999999,5661.399999999998,0.005676183465365059,,,0,0.0
2017-05-23,5709.4,5681.5,5714.2,0.005689077391605707,,,0,0.0
2017-05-24,5735.4,5705.899999999999,5721.799999999997,0.0054149536492781895,,,0,0.0
2017-05-25,5783.8,5725.633333333334,5746.166666666668,0.0056393614375425585,,,0,0.0
2017-05-26,5795.1,5771.599999999999,5807.799999999999,0.005615829734344091,,,0,0.0
2017-05-28,5798.5,5787.866666666666,5803.133333333331,0.005618029475261981,,,0,0.0
2017-05-29,5793.6,5798.133333333334,5803.366666666669,0.005598795648083652,,,0,0.0
2017-05-30,5795.1,5795.866666666666,5799.633333333331,0.005580195432701593,,,0,0.0
2017-05-31,5800.7,5792.166666666667,5805.833333333334,0.00557939028933461,,,0,0.0
2017-06-01,5823.4,5794.5,5825.4,0.005602161592070173,,,0,0.0
2017-06-02,5885.6,5810.5,5840.4,0.005974716681530827,,,0,0.0
2017-06-04,5878.1,5865.133333333334,5906.966666666668,0.00598686126115926,,,0,0.0
2017-06-05,5882.9,5879.2,5882.2,0.005979608947190292,,,0,0.0
2017-06-06,5865.8,5882.266666666667,5891.7333333333345,0.00606231540107284,,,0,0.0
2017-06-07,5879.4,5869.166666666667,5889.533333333334,0.006062544415006981,,,0,0.0
2017-06-08,5873.0,5869.966666666667,5894.033333333335,0.006074803959562902,,,0,0.0
2017-06-09,5736.6,5874.733333333334,5896.0666666666675,0.006760726012698452,,,0,0.0
2017-06-11,5733.6,5765.133333333334,5869.866666666669,0.00660361670190255,,,0,0.0
2017-06-12,5714.0,5734.633333333334,5741.166666666668,0.006629843123298756,,,0,0.0
2017-06-13,5753.8,5695.833333333333,5756.766666666666,0.006783385320217977,,,0,0.0
2017-06-14,5703.6,5740.8,5773.5,0.007002333702119038,,,0,0.0
2017-06-15,5701.3,5721.100000000001,5763.100000000002,0.006960929519575909,,,0,0.0
2017-06-16,5684.0,5681.933333333333,5729.966666666667,0.006903475782923353,,,0,0.0
2017-06-18,5684.1,5685.766666666666,5718.133333333333,0.0065836613145867345,,,0,0.0
2017-06-19,5769.1,5682.133333333334,5688.366666666669,0.0074585063916981515,,,0,0.0
2017-06-20,5724.1,5742.066666666667,5802.133333333333,0.00764547772717727,,,0,0.0
2017-06-21,5784.0,5740.233333333333,5760.2666666666655,0.008036035659199806,,,0,0.0
2017-06-22,5783.8,5754.8,5818.1,0.008035705786564441,,,0,0.0
2017-06-23,5798.6,5784.666666666667,5805.933333333334,0.008054350607562268,,,0,0.0
2017-06-25,5796.3,5787.366666666666,5819.133333333331,0.008001986151466203,,,0,0.0
2017-06-26,5773.0,5794.333333333333,5800.566666666666,0.00761547515110787,,,0,0.0
2017-06-27,5662.9,5792.666666666667,5824.733333333334,0.008629202459001253,,,0,0.0
2017-06-28,5764.8,5699.433333333333,5739.866666666667,0.009695253999558288,,,0,0.0
2017-06-29,5637.5,5719.166666666667,5813.733333333334,0.010784015287185382,,,0,0.0
2017-06-30,5648.8,5666.066666666667,5738.533333333333,0.010777733411687628,,,0,0.0
2017-07-02,5657.2,5648.0,5679.9,0.010803838099255673,,,0,0.0
2017-07-03,5582.0,5657.400000000001,5665.4000000000015,0.00996347408369256,,,0,0.0
2017-07-04,5570.2,5612.166666666667,5652.933333333334,0.009963145484471359,,,0,0.0
2017-07-05,5642.9,5578.333333333333,5603.166666666666,0.010455782141222556,,,0,0.0
2017-07-06,5594.8,5621.166666666667,5682.233333333334,0.010441602956083415,,,0,0.0
2017-07-07,5650.2,5603.766666666666,5634.4333333333325,0.010578841068122631,,,0,0.0
2017-07-09,5657.0,5634.966666666667,5685.333333333334,0.010585049698429431,,,0,0.0
2017-07-10,5691.4,5655.0,5660.4,0.010658762116249264,,,0,0.0
2017-07-11,5712.4,5679.966666666667,5716.333333333334,0.01068850775422776,,,0,0.0
2017-07-12,5784.5,5696.8,5732.700000000001,0.010531817836412327,,,0,0.0
2017-07-13,5792.3,5758.5,5810.6,0.010364029905044333,,,0,0.0
2017-07-14,5840.4,5789.599999999999,5808.0999999999985,0.010267087997660356,,,0,0.0
2017-07-16,5841.5,5820.899999999999,5860.399999999998,0.010266557462846325,,,0,0.0
2017-07-17,5850.4,5844.099999999999,5849.399999999999,0.010258484868554341,,,0,0.0
2017-07-18,5885.9,5844.133333333334,5863.366666666669,0.010330506153838516,,,0,0.0
2017-07-19,5914.5,5863.966666666667,5914.033333333335,0.010302398565588788,,,0,0.0
2017-07-20,5913.2,5906.133333333334,5926.766666666668,0.009141052687965367,,,0,0.0
2017-07-21,5916.0,5911.900000000001,5933.200000000001,0.008353865448555715,,,0,0.0
2017-07-23,5910.2,5907.366666666666,5930.933333333332,0.006328501545194757,,,0,0.0
2017-07-24,5921.5,5911.933333333333,5913.666666666667,0.006328827089252028,,,0,0.0
2017-07-25,5929.3,5922.666666666667,5946.933333333334,0.006330200608470741,,,0,0.0
2017-07-26,5961.9,5926.133333333334,5942.766666666668,0.005171481825887178,,,0,0.0
2017-07-27,5884.6,5948.466666666667,5976.433333333334,0.006231222456769327,,,0,0.0
2017-07-28,5907.1,5904.133333333334,5969.766666666668,0.005752945029514306,,,0,0.0
2017-07-30,5898.0,5887.566666666667,5931.533333333333,0.005251050245628582,,,0,0.0
2017-07-31,5875.4,5900.033333333333,5903.7666666666655,0.005150550521375711,,,0,0.0
2017-08-01,5928.3,5889.033333333333,5913.666666666666,0.005379778540654719,,,0,0.0
2017-08-02,5904.0,5910.433333333333,5948.466666666667,0.005489525579632479,,,0,0.0
2017-08-03,5879.9,5898.633333333334,5946.766666666668,0.005625794364206381,,,0,0.0
2017-08-04,5891.6,5890.099999999999,5908.199999999999,0.004981076114635758,,,0,0.0
2017-08-06,5899.3,5888.900000000001,5909.200000000001,0.0049809011153648915,,,0,0.0
2017-08-07,5929.4,5897.166666666667,5902.033333333334,0.0047786777763685765,,,0,0.0
2017-08-08,5895.9,5918.533333333333,5942.966666666665,0.00498956767155935,,,0,0.0
2017-08-09,5914.2,5918.133333333334,5945.166666666668,0.005019462238137726,,,0,0.0
2017-08-10,5769.6,5896.833333333333,5936.766666666666,0.0073518492438889435,,,0,0.0
2017-08-11,5833.1,5815.600000000001,5871.400000000002,0.007727320068131875,,,0,0.0
2017-08-13,5856.9,5810.133333333334,5863.966666666668,0.007799811228154282,,,0,0.0
2017-08-14,5918.2,5850.933333333333,5863.466666666667,0.008173144323915447,,,0,0.0
2017-08-15,5903.2,5898.066666666667,5939.133333333333,0.008190831307037648,,,0,0.0
2017-08-16,5906.8,5912.333333333333,5931.766666666666,0.008179774453150821,,,0,0.0
2017-08-17,5792.9,5917.933333333333,5936.166666666667,0.009223367625202478,,,0,0.0
2017-08-18,5796.6,5833.3,5881.200000000001,0.009103008590762804,,,0,0.0
2017-08-20,5806.8,5800.633333333334,5829.866666666669,0.008702037826310592,,,0,0.0
2017-08-21,5798.6,5807.433333333333,5814.666666666667,0.008639571352773937,,,0,0.0
2017-08-22,5879.1,5785.600000000001,5819.900000000002,0.009245595183905527,,,0,0.0
2017-08-23,5832.3,5853.633333333334,5908.466666666668,0.009377983847571311,,,0,0.0
2017-08-24,5842.4,5846.766666666666,5865.133333333333,0.0091350472775222,,,0,0.0
2017-08-25,5823.8,5839.366666666666,5876.133333333331,0.009119346383223483,,,0,0.0
2017-08-27,5819.3,5837.433333333333,5859.266666666666,0.009083633096641916,,,0,0.0
2017-08-28,5808.3,5816.7,5826.0,0.00906956722510401,,,0,0.0
2017-08-29,5876.6,5816.866666666666,5846.333333333332,0.009481406307277595,,,0,0.0
2017-08-30,5941.6,5844.0,5911.6,0.009745072441938382,,,0,0.0
2017-08-31,5999.3,5915.8,5969.200000000001,0.009868610566683868,,,0,0.0
2017-09-01,5987.0,5979.133333333334,6020.466666666668,0.009875769372083938,,,0,0.0
2017-09-03,5960.0,5993.066666666667,6013.233333333334,0.008044282811105532,,,0,0.0
2017-09-04,5980.0,5960.3,5966.6,0.007752867346417018,,,0,0.0
2017-09-05,5934.4,5969.233333333334,5992.366666666667,0.00796862883840556,0.006647595056461498,,0,0.0
2017-09-06,5944.4,5936.066666666666,5982.733333333332,0.007636477970681416,0.006647595056461498,,0,0.0
2017-09-07,5963.8,5939.5,5970.1,0.0076353163455497594,0.006647595056461498,,0,0.0
2017-09-08,5917.9,5962.366666666666,5982.733333333332,0.007854006424480373,0.006647595056461498,,0,0.0
2017-09-10,5940.0,5930.566666666666,5953.633333333331,0.006415352413046587,0.006636067864314369,,0,0.0
2017-09-11,5986.5,5941.766666666666,5944.533333333333,0.006577263682217532,0.006629432545161809,,0,0.0
2017-09-12,5998.5,5972.633333333334,6005.466666666668,0.006577738614919814,0.006616319334463706,,0,0.0
2017-09-13,5995.3,5990.0,6012.5,0.006559147385799137,0.006593639008244642,,0,0.0
2017-09-14,5946.8,5992.266666666666,6007.9333333333325,0.006241862394200585,0.00658102482417685,,0,0.0
2017-09-15,5990.9,5961.533333333333,5986.066666666666,0.006077923226855407,0.0065780634743433895,,0,0.0
2017-09-17,5996.4,5981.8,6017.700000000001,0.006078026720135294,0.006577501148568673,,0,0.0
2017-09-18,5982.8,5994.566666666666,5999.233333333332,0.006045688138306395,0.006576858551684347,,0,0.0
2017-09-19,5984.9,5984.666666666667,6008.933333333334,0.006029976991273785,0.0065678004034751495,,0,0.0
2017-09-20,5969.8,5983.433333333333,5998.866666666667,0.0060498929202195744,0.0065538260742001725,,0,0.0
2017-09-21,5934.5,5962.266666666666,6000.9333333333325,0.005738195338164158,0.006542098479670482,,0,0.0
2017-09-22,5928.7,5939.533333333333,5966.966666666665,0.005176669423995402,0.006524556462097239,,0,0.0
2017-09-24,5943.3,5923.133333333334,5941.866666666669,0.0046842367176544355,0.006498150916502715,,0,0.0
2017-09-25,5867.4,5937.2,5951.599999999999,0.005429994365247555,0.006460743261676695,,0,0.0
2017-09-26,5885.0,5883.2,5931.299999999999,0.005433747946067713,0.0064269789154246335,,0,0.0
2017-09-27,5931.3,5882.099999999999,5908.299999999999,0.005694826690837596,0.0064048652648603524,,0,0.0
2017-09-28,5927.3,5922.233333333334,5964.966666666667,0.005436475900170694,0.00637129518656849,,0,0.0
2017-09-29,5973.6,5924.433333333333,5944.266666666666,0.00570508402678039,0.006339206432466802,,0,0.0
2017-10-01,5987.0,5959.7,5992.799999999999,0.005681328294372115,0.006329513848861384,,0,0.0
2017-10-02,5975.3,5985.333333333333,5994.766666666666,0.005398837850329759,0.006328664317223393,,0,0.0
2017-10-03,5987.5,5976.766666666666,6001.633333333333,0.005358526105481282,0.006303166884803925,,0,0.0
2017-10-04,5998.3,5985.966666666667,5999.633333333334,0.00508187185665091,0.006273654796767468,,0,0.0
2017-10-05,6057.5,5993.533333333333,6013.666666666666,0.005521423370185361,0.006260366125783056,,0,0.0
2017-10-06,6060.0,6037.833333333333,6081.266666666666,0.005516117212075994,0.006246558638322426,,0,0.0
2017-10-08,6063.3,6052.266666666666,6072.9333333333325,0.005128503502532653,0.0062397702016805424,,0,0.0
2017-10-09,6058.1,6061.433333333333,6065.666666666667,0.0049113988219291905,0.006234450232964914,,0,0.0
2017-10-10,6060.3,6061.633333333334,6074.366666666669,0.00491089261114455,0.00622019939916699,,0,0.0
2017-10-11,6076.3,6058.666666666667,6084.033333333334,0.0048856702560484775,0.006207910248067522,,0,0.0
2017-10-12,6065.6,6068.0,6088.4,0.004918304518351508,0.006203492282095965,,0,0.0
2017-10-13,6093.6,6072.3,6084.200000000001,0.004932546611067307,0.006155303030630835,,0,0.0
2017-10-15,6099.3,6084.7,6106.799999999999,0.0046544420535615414,0.006094146185887712,,0,0.0
2017-10-16,6115.9,6098.599999999999,6102.0999999999985,0.004629229973670327,0.00607797497349535,,0,0.0
2017-10-17,6122.1,6108.099999999999,6124.199999999999,0.00462579184311727,0.006076363593209155,,0,0.0
2017-10-18,6111.3,6114.600000000001,6130.100000000002,0.0033059198220408053,0.0060686741872849415,,0,0.0
2017-10-19,6088.9,6113.433333333333,6124.466666666667,0.0035326334832931723,0.00606242990803991,,0,0.0
2017-10-20,6104.0,6082.266666666667,6119.2333333333345,0.003230951507131569,0.006056104160646208,,0,0.0
2017-10-22,6114.5,6104.066666666667,6123.533333333333,0.0031925753418172434,0.006047790529262985,,0,0.0
2017-10-23,6063.9,6112.7,6120.4,0.0035422219308024446,0.00603783256479009,,0,0.0
2017-10-24,6069.9,6079.099999999999,6103.199999999999,0.0035255798112714095,0.00602535819479661,,0,0.0
2017-10-25,6053.9,6069.133333333334,6087.166666666668,0.003555695232231724,0.006019030702465164,,0,0.0
2017-10-26,6084.4,6046.866666666666,6088.433333333332,0.00367801454733065,0.006002091633885076,,0,0.0
2017-10-27,6209.0,6067.866666666666,6106.633333333331,0.005737583170732012,0.005983235104174776,,0,0.0
2017-10-29,6203.0,6167.333333333333,6261.666666666666,0.005433385724730593,0.005977162814360559,,0,0.0
2017-10-30,6215.8,6206.400000000001,6211.4000000000015,0.00543331282594598,0.005950674617382414,,0,0.0
2017-10-31,6247.9,6219.333333333333,6242.066666666666,0.005498037662430876,0.0059221835266499104,,0,0.0
2017-11-01,6227.0,6238.666666666667,6262.333333333334,0.005582027979019366,0.0059046787242590095,,0,0.0
2017-11-02,6249.3,6241.333333333333,6264.566666666666,0.005597213531824786,0.0059046787242590095,,0,0.0
2017-11-03,6283.6,6231.133333333334,6275.166666666668,0.005662236408227781,0.0059046787242590095,,0,0.0
2017-11-05,6289.1,6268.400000000001,6306.300000000001,0.005608003310538601,0.0059046787242590095,,0,0.0
2017-11-06,6306.3,6286.833333333333,6294.366666666666,0.005574410891078553,0.005886929434527097,,0,0.0
2017-11-07,6299.3,6293.633333333332,6324.566666666665,0.005608446508034793,0.005877748629056649,,0,0.0
2017-11-08,6336.0,6305.366666666666,6319.833333333332,0.005682734934267842,0.005870355848493736,,0,0.0
2017-11-09,6304.6,6324.5,6352.0,0.005878743485886107,0.005870355848493736,,0,0.0
2017-11-10,6302.5,6296.933333333334,6353.966666666669,0.005845718810088351,0.00586187319475655,,0,0.0
2017-11-12,6313.8,6298.233333333334,6320.166666666667,0.005714995224577371,0.005852356701461428,,0,0.0
2017-11-13,6304.6,6311.599999999999,6316.799999999999,0.0057590863949977845,0.005847068091487139,,0,0.0
2017-11-14,6286.6,6301.133333333334,6324.766666666668,0.005845688325121144,0.005845703567604748,,0,0.0
2017-11-15,6261.3,6287.033333333333,6314.066666666666,0.005544720842807138,0.005843255833338529,,0,0.0
2017-11-16,6345.7,6258.666666666667,6289.533333333334,0.006141533269331521,0.005843255833338529,,0,0.0
2017-11-17,6308.6,6320.8,6381.5,0.006315244150262842,0.005843255833338529,,0,0.0
2017-11-19,6311.7,6321.899999999999,6336.599999999998,0.006284974429328961,0.005843255833338529,,0,0.0
2017-11-20,6313.2,6311.099999999999,6318.299999999999,0.004505990507582824,0.005811159560152986,,0,0.0
2017-11-21,6381.7,6310.233333333334,6330.366666666667,0.005003613103782327,0.0057775376028860815,,0,0.0
2017-11-22,6388.8,6358.333333333333,6407.066666666666,0.0050018234451461975,0.005766332911009944,,0,0.0
2017-11-23,6381.1,6385.233333333334,6396.766666666667,0.0049510730476073845,0.0057560157122560456,,0,0.0
2017-11-24,6411.0,6383.833333333333,6393.466666666666,0.004899808779685015,0.005745570183839232,,0,0.0
2017-11-26,6415.5,6401.7,6423.5,0.00487671062783857,0.005737889254448085,,0,0.0
2017-11-27,6405.5,6415.0,6418.4,0.00481419773638111,0.005726289197654692,,0,0.0
2017-11-28,6419.4,6407.166666666667,6421.133333333334,0.00482152658462561,0.00571003962567888,,0,0.0
2017-11-29,6306.0,6411.866666666666,6435.833333333332,0.006356805873728644,0.00571003962567888,,0,0.0
2017-11-30,6357.1,6338.466666666667,6394.833333333334,0.00660003475186233,0.00571003962567888,,0,0.0
2017-12-01,6343.4,6340.2,6392.4,0.006500152267644133,0.00571003962567888,,0,0.0
2017-12-03,6379.1,6318.8,6392.400000000001,0.006499551391373328,0.00571003962567888,,0,0.0
2017-12-04,6266.4,6380.2,6388.9,0.007680104720093312,0.00571003962567888,,0,0.0
2017-12-05,6273.9,6299.899999999999,6350.299999999997,0.00767287569641002,0.00571003962567888,,0,0.0
2017-12-06,6302.2,6281.099999999999,6331.299999999999,0.007740794144462031,0.00571003962567888,,0,0.0
2017-12-07,6328.3,6279.900000000001,6328.500000000001,0.007762585374310981,0.00571003962567888,,0,0.0
2017-12-08,6343.3,6317.099999999999,6346.199999999999,0.007703992447913132,0.00571003962567888,,0,0.0
2017-12-10,6349.1,6347.333333333333,6374.566666666666,0.007093310324111198,0.00571003962567888,,0,0.0
2017-12-11,6402.5,6348.3,6352.8,0.00718525804195901,0.00571003962567888,,0,0.0
2017-12-12,6379.0,6384.366666666666,6427.633333333331,0.007253500330784826,0.00571003962567888,,0,0.0
2017-12-13,6402.3,6386.333333333333,6400.566666666666,0.007285744408249303,0.00571003962567888,,0,0.0
2017-12-14,6391.0,6395.7,6426.099999999999,0.006898950447965127,0.00571003962567888,,0,0.0
2017-12-15,6482.4,6400.400000000001,6416.200000000001,0.007596354639429807,0.00571003962567888,,0,0.0
2017-12-17,6494.3,6450.033333333333,6517.166666666666,0.0075854793023123245,0.00571003962567888,,0,0.0
2017-12-18,6518.8,6490.366666666666,6499.933333333332,0.007564256367397394,0.00571003962567888,,0,0.0
2017-12-19,6491.4,6511.366666666666,6531.333333333332,0.007648748263494033,0.00571003962567888,,0,0.0
2017-12-20,6466.9,6493.600000000001,6525.400000000002,0.007697790405385547,0.00571003962567888,,0,0.0
2017-12-21,6477.6,6474.399999999999,6503.399999999998,0.007692785239303305,0.00571003962567888,,0,0.0
2017-12-22,6465.8,6480.166666666667,6500.033333333334,0.006439641550252449,0.00571003962567888,,0,0.0
2017-12-25,6472.9,6466.3,6483.0,0.006235789306309456,0.00571003962567888,,0,0.0
2017-12-26,6444.8,6471.266666666666,6475.133333333333,0.006311259427304086,0.00571003962567888,,0,0.0
2017-12-27,6436.4,6444.400000000001,6474.300000000001,0.006222585141157583,0.00571003962567888,,0,0.0
2017-12-28,6430.5,6439.3,6454.5,0.0045582609846643194,0.005699955358808993,,0,0.0
2017-12-29,6366.5,6438.099999999999,6451.799999999999,0.005207495048667563,0.005691952041221651,,0,0.0
2018-01-01,6398.9,6393.900000000001,6422.200000000001,0.00523105710014749,0.0056859061629367744,,0,0.0
2018-01-02,6498.8,6393.966666666667,6404.033333333335,0.006165057226264229,0.0056859061629367744,,0,0.0
2018-01-03,6568.8,6461.166666666667,6542.733333333334,0.006514644565032834,0.0056859061629367744,,0,0.0
2018-01-04,6588.6,6547.3,6596.5,0.006517080331759852,0.0056859061629367744,,0,0.0
2018-01-05,6650.3,6584.8,6604.900000000001,0.006570719458998838,0.0056859061629367744,,0,0.0
2018-01-07,6657.8,6629.066666666667,6674.133333333333,0.006442162078194821,0.0056859061629367744,,0,0.0
2018-01-08,6675.5,6657.733333333334,6665.0666666666675,0.006433875965646955,0.0056859061629367744,,0,0.0
2018-01-09,6668.4,6663.333333333333,6689.266666666666,0.006413515415494675,0.0056859061629367744,,0,0.0
2018-01-10,6658.7,6670.333333333333,6689.266666666666,0.00577806636841859,0.0056859061629367744,,0,0.0
2018-01-11,6705.3,6646.966666666667,6681.7333333333345,0.005914228789925104,0.0056859061629367744,,0,0.0
2018-01-12,6757.8,6689.099999999999,6729.799999999999,0.006059856499291648,0.0056859061629367744,,0,0.0
2018-01-14,6772.3,6736.133333333332,6784.066666666665,0.00589171971700585,0.0056859061629367744,,0,0.0
2018-01-15,6764.1,6770.933333333333,6775.266666666666,0.005783245339600571,0.0056859061629367744,,0,0.0
2018-01-16,6736.3,6768.533333333333,6778.966666666665,0.00595632343432742,0.0056859061629367744,,0,0.0
2018-01-17,6815.6,6760.366666666666,6806.533333333332,0.006267537012351377,0.0056859061629367744,,0,0.0
2018-01-18,6806.2,6789.8,6845.200000000001,0.006324178078092001,0.0056859061629367744,,0,0.0
2018-01-19,6834.8,6803.466666666667,6825.933333333334,0.006120710244492541,0.0056859061629367744,,0,0.0
2018-01-21,6823.0,6820.933333333333,6855.266666666666,0.006136929301938313,0.0056859061629367744,,0,0.0
2018-01-22,6915.6,6820.2,6831.099999999999,0.006502152584173081,0.0056859061629367744,,0,0.0
2018-01-23,6944.7,6886.033333333333,6955.966666666665,0.00565764080683441,0.005682031614319978,,0,0.0
2018-01-24,6914.1,6938.633333333334,6972.266666666668,0.005983246509007269,0.005682031614319978,,0,0.0
2018-01-25,6926.6,6925.5,6977.4,0.005320065605668475,0.005678755879868587,,0,0.0
2018-01-26,7016.0,6928.7,6970.2,0.005498339244873189,0.005678755879868587,,0,0.0
2018-01-28,7026.2,6986.433333333333,7048.966666666667,0.005513848333081469,0.005678755879868587,,0,0.0
2018-01-29,6989.6,7023.333333333333,7031.166666666666,0.005623035585076194,0.005678755879868587,,0,0.0
2018-01-30,6927.3,6995.633333333334,7026.066666666668,0.006173853131761795,0.005682031614319978,,0,0.0
2018-01-31,6956.3,6935.466666666667,6983.133333333334,0.006191802989097491,0.0056859061629367744,,0,0.0
2018-02-01,6939.7,6946.966666666667,6986.133333333334,0.006234073093745525,0.005691952041221651,,0,0.0
2018-02-02,6739.0,6928.033333333334,6985.266666666667,0.00930654454074215,0.005699955358808993,,0,0.0
2018-02-04,6713.3,6806.099999999999,6873.799999999999,0.009231543985629757,0.005699955358808993,,0,0.0
2018-02-05,6436.4,6718.299999999999,6740.399999999999,0.012873082663459283,0.005699955358808993,,0,0.0
2018-02-06,6627.6,6537.133333333334,6698.866666666669,0.014722335259153382,0.005699955358808993,,0,0.0
2018-02-07,6486.1,6512.899999999999,6778.899999999998,0.015411873646146346,0.005699955358808993,,0,0.0
2018-02-08,6300.4,6556.966666666667,6634.933333333334,0.016525138929852475,0.005699955358808993,,0,0.0
2018-02-09,6414.9,6397.266666666666,6509.333333333333,0.016888558187140617,0.005699955358808993,,0,0.0
2018-02-11,6428.6,6337.566666666666,6521.733333333332,0.016923340244349588,0.005699955358808993,,0,0.0
2018-02-12,6518.9,6421.366666666666,6439.433333333332,0.017274564761388164,0.005699955358808993,,0,0.0
2018-02-13,6555.0,6498.233333333333,6579.466666666665,0.017361643106074517,0.005699955358808993,,0,0.0
2018-02-14,6671.8,6526.5,6590.7,0.017584806784026245,0.005699955358808993,,0,0.0
2018-02-15,6818.1,6601.166666666667,6755.833333333334,0.018326010215216418,0.005699955358808993,,0,0.0
2018-02-16,6779.0,6768.366666666666,6872.333333333332,0.018342327160210527,0.005699955358808993,,0,0.0
2018-02-18,6799.8,6797.400000000001,6835.600000000001,0.018354011468012663,0.005699955358808993,,0,0.0
2018-02-19,6783.6,6795.766666666666,6806.633333333333,0.018070945852418502,0.005699955358808993,,0,0.0
2018-02-20,6799.6,6785.100000000001,6814.800000000003,0.01807993044721007,0.005699955358808993,,0,0.0
2018-02-21,6719.7,6786.866666666666,6853.333333333332,0.018209623194602193,0.005699955358808993,,0,0.0
2018-02-22,6788.8,6772.266666666666,6830.033333333333,0.018321000961240723,0.005699955358808993,,0,0.0
2018-02-23,6900.5,6770.2,6847.4,0.0186998646192019,0.005699955358808993,,0,0.0
2018-02-25,6912.6,6863.866666666666,6947.533333333332,0.018697713255528048,0.005699955358808993,,0,0.0
2018-02-26,6998.8,6915.833333333333,6920.966666666666,0.01758927601671717,0.005699955358808993,,0,0.0
2018-02-27,6924.4,6963.833333333333,7039.966666666666,0.017773779338724482,0.005699955358808993,,0,0.0
2018-02-28,6880.7,6944.233333333333,6986.666666666665,0.014798580020350885,0.005699955358808993,,0,0.0
2018-03-01,6769.0,6901.966666666667,6947.533333333335,0.014054874579125064,0.005699955358808993,,0,0.0
2018-03-02,6807.8,6784.599999999999,6881.399999999999,0.013041045724008049,0.005699955358808993,,0,0.0
2018-03-04,6792.2,6758.533333333333,6871.666666666666,0.010882745732078073,0.00571003962567888,,0,0.0
2018-03-05,6880.8,6790.566666666667,6802.833333333333,0.010583039531746287,0.005726289197654692,,0,0.0
2018-03-06,6825.3,6842.066666666667,6942.533333333333,0.010896742622780535,0.005737889254448085,,0,0.0
2018-03-07,6919.5,6860.633333333334,6903.266666666668,0.010883864698671015,0.005745570183839232,,0,0.0
2018-03-08,6975.1,6884.433333333333,6971.266666666666,0.010928238442082698,0.0057560157122560456,,0,0.0
2018-03-09,7097.0,6957.0,7000.5,0.010904347385722164,0.005766332911009944,,0,0.0
2018-03-11,7119.9,7054.266666666666,7146.033333333333,0.009971276147161572,0.005775822897720347,,0,0.0
2018-03-12,7130.3,7112.133333333334,7131.466666666668,0.009797637613538808,0.005779781073584325,,0,0.0
2018-03-13,7039.0,7132.633333333334,7156.266666666668,0.010381072628334913,0.005782370559175316,,0,0.0
2018-03-14,7038.1,7082.933333333333,7144.066666666667,0.010345659955971764,0.005812034340578242,,0,0.0
2018-03-15,7055.2,7049.133333333334,7086.466666666668,0.010345839963572417,0.005843255833338529,,0,0.0
2018-03-16,7020.6,7044.233333333334,7086.166666666667,0.009977176205792778,0.005845703567604748,,0,0.0
2018-03-18,7012.1,7029.466666666667,7050.7333333333345,0.009819270199764654,0.005847068091487139,,0,0.0
2018-03-19,6860.3,7011.766666666667,7017.133333333335,0.010473470946315764,0.005852356701461428,,0,0.0
2018-03-20,6887.8,6890.933333333333,6985.666666666667,0.010508141924224997,0.00586187319475655,,0,0.0
2018-03-21,6860.4,6876.266666666666,6914.333333333333,0.010106315939147398,0.005870355848493736,,0,0.0
2018-03-22,6611.7,6867.933333333334,6918.266666666668,0.012691281541344517,0.005876002411698704,,0,0.0
2018-03-23,6524.3,6704.400000000001,6798.200000000001,0.012900454471283731,0.005880489703244052,,0,0.0
2018-03-25,6545.7,6572.299999999999,6649.199999999999,0.012546189946670427,0.005886929434527097,,0,0.0
2018-03-26,6763.4,6532.400000000001,6563.700000000001,0.01471522193466107,0.005891671332729024,,0,0.0
2018-03-27,6527.4,6685.5,6841.6,0.016636652814257063,0.005902974253465477,,0,0.0
2018-03-28,6469.2,6606.833333333333,6746.666666666666,0.01632334839204056,0.005915981644995462,,0,0.0
2018-03-29,6546.8,6475.400000000001,6552.800000000001,0.016606489663678864,0.00593702896719662,,0,0.0
2018-04-01,6535.8,6532.599999999999,6644.399999999999,0.016189241402042066,0.0059655200579291235,,0,0.0
2018-04-02,6389.2,6542.099999999999,6558.299999999999,0.01655288142538005,0.005977162814360559,,0,0.0
2018-04-03,6432.4,6415.466666666667,6527.133333333334,0.015976146672593828,0.00598142772809878,,0,0.0
2018-04-04,6577.4,6411.399999999999,6494.399999999998,0.01703453083864504,0.005985053885083264,,0,0.0
2018-04-05,6505.0,6480.566666666666,6677.433333333332,0.017059368594203872,0.006002091633885076,,0,0.0
2018-04-06,6436.2,6536.066666666667,6601.133333333333,0.017009070998216875,0.006019030702465164,,0,0.0
2018-04-08,6459.4,6468.166666666667,6547.433333333334,0.017077922247533506,0.00602535819479661,,0,0.0
2018-04-09,6463.1,6454.733333333333,6468.866666666665,0.01704533361550823,0.00603783256479009,,0,0.0
2018-04-10,6591.3,6503.433333333334,6557.666666666669,0.01787184428277281,0.006047790529262985,,0,0.0
2018-04-11,6592.6,6558.3,6664.8,0.01788202354956025,0.006054874709755611,,0,0.0
2018-04-12,6635.0,6589.066666666666,6646.933333333332,0.01743144863018506,0.006061085950182244,,0,0.0
2018-04-13,6622.5,6626.233333333334,6682.5666666666675,0.017382758371889604,0.00606242990803991,,0,0.0
2018-04-15,6669.0,6633.833333333333,6681.266666666666,0.017484526549699425,0.0060686741872849415,,0,0.0
2018-04-16,6684.2,6666.633333333334,6680.566666666668,0.015428889376786272,0.006076363593209155,,0,0.0
2018-04-17,6811.8,6668.400000000001,6717.4000000000015,0.01558995716990036,0.00607797497349535,,0,0.0
2018-04-18,6843.1,6773.333333333333,6863.066666666666,0.015597193840291824,0.006094146185887712,,0,0.0
2018-04-19,6757.8,6822.366666666666,6867.733333333332,0.014106487148101613,0.0061154879480663366,,0,0.0
2018-04-20,6655.8,6779.733333333334,6824.266666666667,0.01207300094118056,0.006128819773215427,,0,0.0
2018-04-22,6675.8,6684.133333333334,6741.666666666668,0.01184756464674458,0.006139231285634917,,0,0.0
2018-04-23,6651.2,6676.400000000001,6690.200000000001,0.011643273941713762,0.006139231285634917,,0,0.0
2018-04-24,6512.4,6651.933333333333,6707.066666666667,0.012613374274014728,0.006139231285634917,,0,0.0
2018-04-25,6577.8,6552.466666666667,6657.533333333335,0.01164065164204724,0.006139231285634917,,0,0.0
2018-04-26,6729.3,6523.833333333333,6638.266666666666,0.012558602742906376,0.006139231285634917,,0,0.0
2018-04-27,6651.6,6667.7,6795.9,0.011971043214390343,0.006139231285634917,,0,0.0
2018-04-29,6656.6,6668.833333333333,6734.866666666666,0.011654019513842366,0.006139231285634917,,0,0.0
2018-04-30,6599.1,6658.8,6670.400000000001,0.011558444737476256,0.006139231285634917,,0,0.0
2018-05-01,6701.9,6624.166666666667,6672.733333333334,0.011985521057968527,0.006139231285634917,,0,0.0
2018-05-02,6615.0,6660.133333333334,6761.466666666668,0.012438958750134958,0.006139231285634917,,0,0.0
2018-05-03,6628.4,6643.533333333333,6680.666666666666,0.011649772717877739,0.006139231285634917,,0,0.0
2018-05-04,6759.2,6600.399999999999,6681.999999999997,0.012429642069189095,0.006139231285634917,,0,0.0
2018-05-06,6777.8,6706.733333333334,6821.866666666667,0.012377152143988362,0.006139231285634917,,0,0.0
2018-05-07,6799.6,6772.433333333333,6791.066666666667,0.012364149919443254,0.006139231285634917,,0,0.0
2018-05-08,6797.8,6801.0,6830.8,0.012296734721893458,0.006139231285634917,,0,0.0
2018-05-09,6878.4,6789.799999999999,6826.399999999999,0.012532238095829198,0.006139231285634917,,0,0.0
2018-05-10,6947.2,6852.0,6912.6,0.012015293871650823,0.006139231285634917,,0,0.0
2018-05-11,6943.4,6925.900000000001,6976.500000000001,0.011990505034648756,0.006139231285634917,,0,0.0
2018-05-13,6967.7,6940.133333333334,6966.666666666668,0.011585791858082397,0.006139231285634917,,0,0.0
2018-05-14,6957.0,6962.3,6974.200000000001,0.010936417791064891,0.006139231285634917,,0,0.0
2018-05-15,6870.2,6965.400000000001,6990.200000000001,0.01141906450044012,0.006139231285634917,,0,0.0
2018-05-16,6931.8,6891.0,6940.6,0.011467145150853281,0.006139231285634917,,0,0.0
2018-05-17,6905.3,6914.733333333334,6960.266666666667,0.010235064762402945,0.006139231285634917,,0,0.0
2018-05-18,6867.3,6908.433333333333,6950.266666666666,0.01026097973475348,0.006139231285634917,,0,0.0
2018-05-20,6924.8,6883.366666666666,6911.133333333331,0.009159466332898457,0.006139231285634917,,0,0.0
2018-05-21,6904.5,6926.599999999999,6938.899999999999,0.008706339728535028,0.006139231285634917,,0,0.0
2018-05-22,6895.1,6909.900000000001,6945.000000000001,0.008733831066291203,0.006153295247797876,,0,0.0
2018-05-23,6944.4,6909.100000000001,6934.400000000002,0.008449829922435025,0.006169455179013012,,0,0.0
2018-05-24,6959.8,6907.966666666667,6992.533333333335,0.007877504676420432,0.006169455179013012,,0,0.0
2018-05-25,6963.4,6936.033333333333,6992.066666666666,0.00707232879467126,0.006169455179013012,,0,0.0
2018-05-27,6988.4,6967.566666666666,6994.933333333332,0.007074371540189635,0.006169455179013012,,0,0.0
2018-05-28,6985.8,6985.333333333333,6993.766666666666,0.005843752490854842,0.006169455179013012,,0,0.0
2018-05-29,6930.6,6985.833333333333,7004.366666666666,0.006213457776420345,0.0061828280604296435,,0,0.0
2018-05-30,6975.3,6935.066666666667,6982.333333333333,0.006311783459325041,0.006202630382758918,,0,0.0
2018-05-31,6982.5,6961.400000000001,7006.9000000000015,0.006301566327639659,0.006218021458788964,,0,0.0
2018-06-01,7084.4,6987.5,7017.6,0.006565685182294227,0.006226903798963455,,0,0.0
2018-06-03,7086.2,7050.733333333333,7123.066666666666,0.006255561768218864,0.006232647775257426,,0,0.0
2018-06-04,7146.5,7081.666666666667,7091.533333333334,0.006461358077493432,0.00623493120002749,,0,0.0
2018-06-05,7180.2,7127.099999999999,7169.799999999999,0.006487203837648614,0.006238825850255021,,0,0.0
2018-06-06,7212.4,7167.566666666667,7198.833333333333,0.006477464203700917,0.006246558638322426,,0,0.0
2018-06-07,7156.4,7191.599999999999,7241.999999999999,0.005997851402250827,0.006246558638322426,,0,0.0
2018-06-08,7149.8,7168.433333333334,7221.066666666668,0.005802971043830358,0.006246558638322426,,0,0.0
2018-06-10,7138.3,7129.900000000001,7182.9000000000015,0.005715208674671758,0.006246558638322426,,0,0.0
2018-06-11,7175.3,7136.2,7144.7,0.005504347262186186,0.006246558638322426,,0,0.0
2018-06-12,7220.7,7165.8,7198.3,0.005401854383566775,0.006246558638322426,,0,0.0
2018-06-13,7207.7,7199.8,7244.1,0.005352005093027683,0.006246558638322426,,0,0.0
2018-06-14,7284.4,7221.166666666667,7249.733333333334,0.005602877102542854,0.006246558638322426,,0,0.0
2018-06-15,7251.8,7252.466666666667,7326.7333333333345,0.005725682857112671,0.006246558638322426,,0,0.0
2018-06-17,7256.6,7254.433333333333,7289.666666666667,0.005735754794930831,0.006246558638322426,,0,0.0
2018-06-18,7206.8,7256.433333333334,7263.266666666668,0.0060709246787975825,0.006246558638322426,,0,0.0
2018-06-19,7234.9,7215.466666666667,7248.133333333334,0.006076278555430967,0.006246558638322426,,0,0.0
2018-06-20,7296.1,7200.866666666666,7269.733333333332,0.006232641659917106,0.006238825850255021,,0,0.0
2018-06-21,7206.2,7269.100000000001,7337.200000000003,0.006672299922101325,0.006238825850255021,,0,0.0
2018-06-22,7193.9,7245.2,7293.0,0.0066334217007811246,0.006238825850255021,,0,0.0
2018-06-24,7195.8,7205.533333333333,7237.466666666665,0.0066388897912493085,0.006238825850255021,,0,0.0
2018-06-25,7037.6,7191.666666666667,7201.733333333334,0.007788556039550215,0.006238825850255021,,0,0.0
2018-06-26,7079.1,7068.600000000001,7166.400000000002,0.007911017054056406,0.006238825850255021,,0,0.0
2018-06-27,6985.8,7066.566666666667,7117.533333333333,0.00816279388186667,0.006238825850255021,,0,0.0
2018-06-28,7036.9,7025.233333333334,7087.166666666667,0.008280184850755868,0.006238825850255021,,0,0.0
2018-06-29,7043.4,7006.633333333334,7082.266666666668,0.008194459373288714,0.006238825850255021,,0,0.0
2018-07-01,7047.2,7054.733333333333,7088.066666666666,0.008050944029122735,0.006238825850255021,,0,0.0
2018-07-02,7091.4,7041.8,7062.0,0.008201566726145195,0.006238825850255021,,0,0.0
2018-07-03,7003.2,7050.066666666666,7136.733333333332,0.008633191457171762,0.006238825850255021,,0,0.0
2018-07-04,7015.7,7045.566666666667,7098.533333333333,0.008539694468301903,0.006238825850255021,,0,0.0
2018-07-05,7080.1,7015.366666666668,7029.933333333335,0.008692510912868903,0.006238825850255021,,0,0.0
2018-07-06,7210.0,7059.666666666667,7125.033333333334,0.009697697960314201,0.006238825850255021,,0,0.0
2018-07-08,7218.1,7168.333333333333,7258.266666666666,0.009379460534864877,0.006238825850255021,,0,0.0
2018-07-09,7292.2,7217.566666666667,7222.033333333333,0.00961973018669754,0.006238825850255021,,0,0.0
2018-07-10,7222.7,7268.066666666667,7319.533333333333,0.009867569336078873,0.006238825850255021,,0,0.0
2018-07-11,7237.7,7252.333333333333,7284.566666666666,0.009751075850438847,0.006238825850255021,,0,0.0
2018-07-12,7375.0,7230.033333333334,7276.466666666667,0.010593138340196762,0.006238825850255021,,0,0.0
2018-07-13,7375.7,7329.133333333334,7423.666666666668,0.010447805037910655,0.006238825850255021,,0,0.0
2018-07-15,7386.7,7371.633333333334,7397.066666666668,0.009995816093352775,0.006238825850255021,,0,0.0
2018-07-16,7308.3,7386.133333333334,7392.266666666668,0.010328997542450176,0.006238825850255021,,0,0.0
2018-07-17,7410.8,7331.933333333333,7368.766666666666,0.010738827894871251,0.006238825850255021,,0,0.0
2018-07-18,7386.1,7365.733333333334,7459.866666666667,0.009303360644217237,0.006238825850255021,,0,0.0
2018-07-19,7366.1,7387.833333333333,7414.866666666666,0.009334992179659,0.006238825850255021,,0,0.0
2018-07-20,7344.7,7365.0,7396.1,0.008716099209582263,0.006238825850255021,,0,0.0
2018-07-22,7342.9,7355.733333333334,7381.5666666666675,0.008662073050511946,0.006238825850255021,,0,0.0
2018-07-23,7416.4,7346.333333333333,7349.766666666666,0.008830120639919989,0.006238825850255021,,0,0.0
2018-07-24,7392.4,7376.033333333333,7461.466666666665,0.008916881459425343,0.006238825850255021,,0,0.0
2018-07-25,7392.3,7408.933333333334,7452.266666666668,0.008885112236550741,0.006238825850255021,,0,0.0
2018-07-26,7414.2,7422.833333333333,7478.066666666666,0.00819810622777953,0.006238825850255021,,0,0.0
2018-07-27,7280.6,7394.633333333334,7448.766666666668,0.009440221780158162,0.006238825850255021,,0,0.0
2018-07-29,7271.5,7323.533333333333,7403.666666666666,0.009303850109500989,0.006238825850255021,,0,0.0
2018-07-30,7190.9,7273.666666666667,7277.233333333334,0.008791675664175469,0.006238825850255021,,0,0.0
2018-07-31,7252.9,7209.0,7271.2,0.009003747936684991,0.006238825850255021,,0,0.0
2018-08-01,7267.9,7233.399999999999,7297.399999999998,0.00870687959572364,0.006238825850255021,,0,0.0
2018-08-02,7368.6,7257.633333333334,7294.066666666668,0.008945157060668825,0.006238825850255021,,0,0.0
2018-08-03,7385.9,7312.366666666666,7430.633333333331,0.008947017940671785,0.006238825850255021,,0,0.0
2018-08-05,7384.9,7374.399999999999,7406.399999999998,0.007890806862852344,0.006238825850255021,,0,0.0
2018-08-06,7424.4,7386.8,7390.200000000001,0.007977718774801959,0.006238825850255021,,0,0.0
2018-08-07,7456.2,7407.2,7446.799999999999,0.008022865376400281,0.006246558638322426,,0,0.0
2018-08-08,7451.7,7449.333333333333,7475.466666666666,0.00759388859413428,0.006253408325331566,,0,0.0
2018-08-09,7448.9,7451.966666666667,7478.333333333334,0.0069491738370569675,0.00626154939028512,,0,0.0
2018-08-10,7415.6,7459.733333333333,7477.566666666666,0.006984858058736021,0.006272684618382235,,0,0.0
2018-08-12,7394.8,7413.333333333333,7453.066666666666,0.006987035671583104,0.0062762557208401685,,0,0.0
2018-08-13,7412.1,7393.466666666667,7403.333333333334,0.006962035604356727,0.00629327037848431,,0,0.0
2018-08-14,7449.4,7413.633333333334,7465.266666666668,0.00703276123744141,0.006306412877471872,,0,0.0
2018-08-15,7362.3,7429.666666666667,7473.133333333334,0.00720008908600427,0.0063115214433145635,,0,0.0
2018-08-16,7367.4,7374.7,7441.299999999999,0.007170488017666074,0.006313513804793941,,0,0.0
2018-08-17,7382.8,7382.8,7411.200000000001,0.007187926283351911,0.006319711114177421,,0,0.0
2018-08-19,7387.5,7365.533333333333,7416.666666666666,0.007155538911934688,0.0063263398116433795,,0,0.0
2018-08-20,7374.4,7387.5,7392.4,0.005818059857266063,0.0063263398116433795,,0,0.0
2018-08-21,7356.9,7378.433333333334,7409.266666666668,0.005842796479563136,0.0063263398116433795,,0,0.0
2018-08-22,7432.7,7384.566666666666,7420.733333333332,0.005541119654854304,0.0063263398116433795,,0,0.0
2018-08-23,7424.0,7408.3,7465.200000000001,0.005322796511190367,0.0063263398116433795,,0,0.0
2018-08-24,7492.3,7434.466666666667,7460.933333333334,0.005616229615705633,0.0063263398116433795,,0,0.0
2018-08-26,7521.2,7469.733333333334,7518.366666666667,0.004855440784243591,0.0063263398116433795,,0,0.0
2018-08-27,7578.0,7512.633333333334,7529.766666666668,0.005064361434469667,0.0063263398116433795,,0,0.0
2018-08-28,7583.3,7556.5,7599.8,0.005055368151923788,0.0063263398116433795,,0,0.0
2018-08-29,7667.0,7579.3,7597.6,0.005438392150912773,0.0063263398116433795,,0,0.0
2018-08-30,7638.3,7639.133333333334,7700.066666666668,0.005527185267252156,0.0063263398116433795,,0,0.0
2018-08-31,7671.4,7652.5,7680.6,0.00555156998416835,0.0063263398116433795,,0,0.0
2018-09-02,7671.5,7660.933333333333,7690.666666666667,0.005545449453669366,0.0063263398116433795,,0,0.0
2018-09-03,7671.5,7669.099999999999,7675.499999999999,0.005380276488323515,0.0063263398116433795,,0,0.0
2018-09-04,7632.3,7670.833333333333,7685.266666666666,0.005505342095358292,0.0063263398116433795,,0,0.0
2018-09-05,7525.3,7636.099999999999,7687.399999999999,0.006512261054863428,0.006328664317223393,,0,0.0
2018-09-06,7450.2,7556.133333333334,7610.466666666668,0.006852393821488542,0.006329513848861384,,0,0.0
2018-09-07,7433.2,7466.533333333333,7526.666666666666,0.0063066393045715175,0.006329513848861384,,0,0.0
2018-09-09,7441.3,7440.133333333334,7487.066666666668,0.006307908276246728,0.006329513848861384,,0,0.0
2018-09-10,7464.3,7440.333333333333,7449.066666666666,0.006324978587027298,0.006329513848861384,,0,0.0
2018-09-11,7517.5,7453.633333333334,7493.666666666668,0.0064929644357952605,0.006343503241099693,,0,0.0
2018-09-12,7482.8,7481.966666666667,7559.7333333333345,0.006584855083652066,0.00638516064461166,,0,0.0
2018-09-13,7570.8,7482.566666666667,7540.733333333334,0.006978604083513377,0.006414433914270631,,0,0.0
2018-09-14,7545.0,7541.166666666667,7612.233333333334,0.006733001119619823,0.006424614189346771,,0,0.0
2018-09-16,7527.9,7553.0,7590.6,0.006754064873047581,0.006436758757949702,,0,0.0
2018-09-17,7395.4,7529.100000000001,7534.900000000002,0.007589475606846623,0.006440901814223635,,0,0.0
2018-09-18,7498.3,7445.466666666667,7496.933333333334,0.008209760973693575,0.006451760077844126,,0,0.0
2018-09-19,7507.9,7475.900000000001,7557.4000000000015,0.008018836768359044,0.006469411140597174,,0,0.0
2018-09-20,7582.9,7490.3,7536.6,0.008350170960753219,0.006482334020674765,,0,0.0
2018-09-21,7520.8,7553.133333333334,7619.366666666669,0.008119874994323116,0.006490084136721938,,0,0.0
2018-09-23,7497.7,7550.533333333333,7580.2666666666655,0.008109009806361579,0.006496257913584294,,0,0.0
2018-09-24,7558.3,7498.2,7512.4,0.008277863266401637,0.00649985182950873,,0,0.0
2018-09-25,7576.9,7523.966666666667,7601.133333333334,0.008307157115608565,0.006501152425908607,,0,0.0
2018-09-26,7576.9,7559.866666666666,7595.933333333332,0.008307157115608565,0.006507206819518255,,0,0.0
2018-09-27,7634.8,7589.366666666666,7628.333333333332,0.008430217614116293,0.006513452809948131,,0,0.0
2018-09-28,7640.7,7617.866666666666,7676.333333333332,0.007752528169805788,0.006515862448396343,,0,0.0
2018-09-30,7660.0,7626.8,7663.400000000001,0.0073310638672336665,0.0065381138587794945,,0,0.0
2018-10-01,7648.8,7659.033333333333,7669.566666666666,0.007311574119752944,0.006562416284046682,,0,0.0
2018-10-02,7624.8,7658.466666666667,7691.933333333334,0.007383475531090601,0.006568202320646532,,0,0.0
2018-10-03,7619.8,7637.933333333333,7672.466666666667,0.00738169858644562,0.006573991570608185,,0,0.0
2018-10-04,7494.0,7637.333333333333,7660.066666666666,0.008205004787573697,0.006577501148568673,,0,0.0
2018-10-05,7412.1,7515.533333333333,7600.2666666666655,0.008502899150966409,0.006580699964753274,,0,0.0
2018-10-07,7397.3,7415.733333333333,7510.2666666666655,0.008005906699100297,0.006584258199119401,,0,0.0
2018-10-08,7359.3,7403.599999999999,7420.199999999999,0.008041083327686669,0.006592444917757198,,0,0.0
2018-10-09,7379.0,7346.5,7432.4,0.008082910378481144,0.00660182572688244,,0,0.0
2018-10-10,6991.4,7373.833333333333,7436.566666666666,0.01369230876176641,0.006616729912600653,,0,0.0
2018-10-11,7047.8,7118.5,7260.9,0.013377399344937133,0.0066316324120399405,,0,0.0
2018-10-12,7161.2,7015.2,7146.2,0.01402153005992185,0.006636155746015216,,0,0.0
2018-10-14,7143.8,7116.0,7219.6,0.013722042980111095,0.0066555948566753165,,0,0.0
2018-10-15,7076.4,7136.366666666666,7159.733333333332,0.013750168530508772,0.006702650520860574,,0,0.0
2018-10-16,7322.8,7087.600000000001,7137.400000000002,0.01613584141285206,0.006743532996333702,,0,0.0
2018-10-17,7258.8,7241.599999999999,7413.299999999999,0.016072837631269262,0.006757395442873017,,0,0.0
2018-10-18,7119.5,7267.633333333334,7336.666666666668,0.01648779208084704,0.006772055666458215,,0,0.0
2018-10-19,7082.3,7157.666666666667,7243.733333333334,0.016479519321733742,0.006817889570853259,,0,0.0
2018-10-21,7059.3,7124.666666666667,7178.833333333334,0.016279788358191435,0.006875672134726835,,0,0.0
2018-10-22,7117.0,7055.666666666667,7071.633333333334,0.016471782746699193,0.00690121311544424,,0,0.0
2018-10-23,7113.6,7112.900000000001,7191.500000000001,0.016428415390567865,0.00692632480999016,,0,0.0
2018-10-24,6809.8,7058.533333333333,7195.866666666666,0.01859638918027733,0.006955051678316438,,0,0.0
2018-10-25,6862.4,6908.066666666667,7053.133333333333,0.018830017755472894,0.006961482561966318,,0,0.0
2018-10-26,6846.4,6908.333333333333,7006.666666666666,0.018813002400569608,0.006970319843935052,,0,0.0
2018-10-28,6898.0,6840.533333333333,6969.2666666666655,0.018818316429512857,0.0069817310711247,,0,0.0
2018-10-29,6705.0,6897.466666666667,6926.533333333335,0.019523435209335718,0.006985946865159563,,0,0.0
2018-10-30,6813.6,6743.733333333334,6929.866666666667,0.020077738227744377,0.006994684686851071,,0,0.0
2018-10-31,6952.4,6762.5,6887.0,0.020792935069223747,0.007017547469780224,,0,0.0
2018-11-01,6994.5,6921.166666666667,7048.433333333334,0.020851974180923293,0.007052545016056335,,0,0.0
2018-11-02,6954.0,6988.966666666667,7063.133333333334,0.017254554073307535,0.007073350167430447,,0,0.0
2018-11-04,6935.8,6988.366666666666,7086.933333333332,0.01715263910950524,0.007083840932150417,,0,0.0
2018-11-05,6929.8,6940.033333333333,6949.466666666665,0.016694066261894337,0.007124424618022943,,0,0.0
2018-11-06,6976.8,6916.5,6989.8,0.016794076514080967,0.0071630134648003815,,0,0.0
2018-11-07,7191.8,6958.099999999999,7031.299999999999,0.01809727509249145,0.007177873029812543,,0,0.0
2018-11-08,7136.6,7115.366666666666,7280.933333333332,0.016320709839001014,0.007186592162655461,,0,0.0
2018-11-09,7011.6,7153.3,7194.200000000001,0.016649874337750403,0.007194007684678091,,0,0.0
2018-11-11,7015.6,7043.033333333333,7114.866666666666,0.016129148949426537,0.007226794708394548,,0,0.0
2018-11-12,6820.2,7009.933333333334,7025.266666666668,0.01722615839034177,0.007269622369517064,,0,0.0
2018-11-13,6865.2,6905.633333333334,7000.066666666668,0.01732127451449353,0.007298659264001124,,0,0.0
2018-11-14,6761.2,6866.033333333334,6945.766666666667,0.017438184089628793,0.007321318993493305,,0,0.0
2018-11-15,6859.8,6803.666666666667,6873.933333333334,0.017846674157327515,0.007341456555561305,,0,0.0
2018-11-16,6888.6,6823.533333333333,6945.866666666666,0.015028495775784013,0.007366773915167282,,0,0.0
2018-11-18,6860.0,6863.233333333334,6931.166666666667,0.01497014761885405,0.0073825870587681105,,0,0.0
2018-11-19,6645.8,6857.266666666666,6868.733333333333,0.016528990206119348,0.007420990961394376,,0,0.0
2018-11-20,6510.8,6732.166666666667,6839.733333333334,0.016909191170026875,0.007511381379547773,,0,0.0
2018-11-21,6577.6,6535.900000000001,6630.200000000001,0.0160459582927451,0.00757486783485486,,0,0.0
2018-11-22,6536.4,6575.666666666667,6641.533333333334,0.015570037420102682,0.0075874774545794735,,0,0.0
2018-11-23,6523.4,6541.8,6584.400000000001,0.014658322448426195,0.007591682100490452,,0,0.0
2018-11-25,6545.8,6534.933333333334,6582.266666666668,0.014583888226499737,0.007595121616782044,,0,0.0
2018-11-26,6635.8,6539.099999999999,6555.0999999999985,0.015048878008769162,0.007605914895268838,,0,0.0
2018-11-27,6714.8,6622.599999999999,6702.5999999999985,0.015376072667855373,0.007625395748328815,,0,0.0
2018-11-28,6904.0,6681.666666666667,6756.733333333334,0.016749659191459824,0.0076358971581155875,,0,0.0
2018-11-29,6896.5,6840.933333333333,6979.466666666667,0.0166728910243454,0.007640977848929344,,0,0.0
2018-11-30,6959.3,6890.166666666667,6943.533333333334,0.01516928392773178,0.007647112995335652,,0,0.0
2018-12-02,7078.0,6928.533333333333,6991.866666666666,0.01564278332616245,0.007660811979952027,,0,0.0
2018-12-03,7038.9,7074.433333333333,7100.666666666667,0.015170714204502962,0.007676490208251666,,0,0.0
2018-12-04,6818.4,7060.466666666667,7111.133333333334,0.016736947020679224,0.007686444979698309,,0,0.0
2018-12-05,6741.1,6880.433333333334,6983.566666666668,0.0157349043443854,0.0076952878223444255,,0,0.0
2018-12-06,6843.3,6745.266666666667,6851.433333333334,0.016050522557344852,0.007700891426649339,,0,0.0
2018-12-07,6628.3,6772.933333333333,6920.366666666667,0.017225918700268943,0.007715656258022504,,0,0.0
2018-12-09,6568.6,6690.8,6789.6,0.016918425251917984,0.007734057106296953,,0,0.0
2018-12-10,6678.0,6576.766666666667,6598.633333333335,0.017382689239283225,0.00774666115713391,,0,0.0
2018-12-11,6703.8,6641.533333333333,6749.2666666666655,0.01740845106537113,0.007752697758111403,,0,0.0
2018-12-12,6790.4,6720.099999999999,6790.799999999999,0.016126690684303523,0.007757726360364,,0,0.0
2018-12-13,6750.8,6784.133333333334,6876.666666666668,0.015419449194650733,0.007775570706930598,,0,0.0
2018-12-14,6583.6,6769.8,6817.8,0.01638212526958911,0.007794183633852248,,0,0.0
2018-12-16,6612.6,6642.133333333334,6700.666666666668,0.016335105561914833,0.007826908826317328,,0,0.0
2018-12-17,6491.6,6600.866666666666,6624.333333333332,0.016874959324432868,0.007865755550450403,,0,0.0
2018-12-18,6471.4,6509.333333333333,6617.466666666666,0.016866117657270994,0.007884155769636388,,0,0.0
2018-12-19,6353.5,6487.8,6539.400000000001,0.016965571227995416,0.007900911958454375,,0,0.0
2018-12-20,6289.5,6408.066666666667,6535.033333333333,0.01672527179859173,0.007939822946230983,,0,0.0
2018-12-21,6060.9,6278.966666666667,6396.133333333334,0.016590496898742476,0.00797317380660376,,0,0.0
2018-12-23,6043.5,6129.7,6249.2,0.01656542663317312,0.007989852463134082,,0,0.0
2018-12-24,5871.0,6031.099999999999,6066.699999999999,0.016841714923320508,0.008003946425283251,,0,0.0
2018-12-25,5882.6,5947.7,6026.599999999999,0.01595977832811485,0.008012371733729672,,0,0.0
2018-12-26,6239.2,5860.133333333334,5917.866666666669,0.022321602376023698,0.008020851072379664,,0,0.0
2018-12-27,6268.2,6115.3,6412.8,0.021592022415104505,0.008029285581482361,,0,0.0
2018-12-28,6276.6,6205.099999999999,6375.999999999999,0.02155068384351024,0.008035870722882123,,0,0.0
2018-12-30,6322.5,6294.333333333333,6364.866666666666,0.021265559158560807,0.008038559493443238,,0,0.0
2018-12-31,6332.0,6322.400000000001,6336.4000000000015,0.020260584003963432,0.0080426830693961,,0,0.0
2019-01-01,6352.8,6317.2,6371.2,0.020226169910331826,0.008047613420114133,,0,0.0
2019-01-02,6199.2,6346.166666666667,6366.133333333334,0.02036003427580924,0.008052647318342501,,0,0.0
2019-01-03,6148.6,6241.0,6347.8,0.020308062779684753,0.008068630493021707,,0,0.0
2019-01-04,6414.9,6188.0,6245.8,0.022651948567325813,0.008095960092421361,,0,0.0
2019-01-06,6434.3,6326.099999999999,6533.799999999999,0.022672001187074083,0.008114442400342347,,0,0.0
2019-01-07,6479.0,6431.233333333334,6439.666666666667,0.022109485174398195,0.008141334438094894,,0,0.0
2019-01-08,6552.9,6461.233333333334,6536.366666666667,0.022247419799850808,0.008167969102891057,,0,0.0
2019-01-09,6575.8,6524.166666666667,6597.933333333334,0.021845506178919002,0.008176459388533133,,0,0.0
2019-01-10,6598.8,6582.333333333333,6621.266666666666,0.021832120404089612,0.008185302880094236,,0,0.0
2019-01-11,6597.6,6577.933333333333,6645.266666666666,0.021355142253392054,0.00819264534016318,,0,0.0
2019-01-13,6561.8,6589.366666666666,6623.533333333332,0.021240693042262906,0.00819628280053412,,0,0.0
2019-01-14,6534.8,6568.766666666666,6576.533333333333,0.019284205504367324,0.008199836476962362,,0,0.0
2019-01-15,6674.0,6535.666666666667,6566.533333333334,0.019589651979830036,0.008203285756859446,,0,0.0
2019-01-16,6642.9,6627.7,6721.0,0.018098683817547877,0.008207382880633636,,0,0.0
2019-01-17,6698.4,6668.133333333334,6693.766666666668,0.018073785519751695,0.008243812120047607,,0,0.0
2019-01-18,6789.4,6678.866666666666,6762.333333333332,0.013044195517074184,0.008279024058578752,,0,0.0
2019-01-20,6763.7,6765.366666666666,6834.433333333332,0.01316855673499901,0.008293670983182216,,0,0.0
2019-01-21,6753.3,6766.866666666666,6773.233333333332,0.013213560190048783,0.008307157115608565,,0,0.0
2019-01-22,6636.6,6748.599999999999,6772.799999999999,0.013986177314970578,0.008328664038180892,,0,0.0
2019-01-23,6644.0,6664.033333333333,6733.466666666665,0.013987928180152228,0.008352018204654466,,0,0.0
2019-01-24,6669.8,6642.066666666667,6708.733333333334,0.01399033526208897,0.008392041531336004,,0,0.0
2019-01-25,6778.8,6669.166666666667,6701.833333333334,0.012802624771100562,0.00844002376827566,,0,0.0
2019-01-27,6757.8,6745.766666666666,6826.233333333333,0.012586089285512086,0.008476364536700717,,0,0.0
2019-01-28,6663.9,6762.7,6769.099999999999,0.00949684914069953,0.008521296809634156,,0,0.0
2019-01-29,6662.5,6687.933333333334,6744.266666666668,0.009505103718954777,0.008584448463651577,,0,0.0
2019-01-30,6848.4,6655.400000000001,6711.000000000001,0.011121408956190291,0.008631196958086507,,0,0.0
2019-01-31,6874.9,6779.533333333333,6918.466666666665,0.010941930721252624,0.008636381404972849,,0,0.0
2019-02-01,6862.8,6875.033333333333,6926.666666666666,0.01097875026943646,0.008650822201642941,,0,0.0
2019-02-03,6861.6,6872.866666666666,6901.133333333331,0.010986527658693644,0.008677291981690424,,0,0.0
2019-02-04,6921.3,6856.233333333334,6870.166666666667,0.011072394086239109,0.008697274369589747,,0,0.0
2019-02-05,6997.8,6912.133333333334,6974.666666666668,0.011068140763929542,0.008697274369589747,,0,0.0
2019-02-06,6977.8,6975.966666666667,7039.433333333334,0.011027446047186836,0.008697274369589747,,0,0.0
2019-02-07,6871.8,6986.066666666667,7014.533333333333,0.010918037799990093,0.008697274369589747,,0,0.0
2019-02-08,6912.1,6898.366666666666,6953.333333333332,0.010858079739210323,0.008697274369589747,,0,0.0
2019-02-10,6901.5,6885.100000000001,6941.000000000003,0.010780450408545918,0.008697274369589747,,0,0.0
2019-02-11,6903.3,6910.166666666667,6919.233333333334,0.010402603250189258,0.008697274369589747,,0,0.0
2019-02-12,7014.8,6915.0,6945.7,0.010876144601692584,0.008697274369589747,,0,0.0
2019-02-13,7009.8,6977.599999999999,7054.399999999999,0.010864059289870399,0.008697274369589747,,0,0.0
2019-02-14,7010.3,7022.933333333333,7045.466666666667,0.009899983072400434,0.008697274369589747,,0,0.0
2019-02-15,7056.1,7005.966666666666,7050.733333333333,0.00992586312020308,0.008697274369589747,,0,0.0
2019-02-17,7057.4,7035.866666666666,7106.133333333331,0.009944160827334535,0.008697274369589747,,0,0.0
2019-02-18,7065.9,7058.733333333333,7067.966666666665,0.00942785660522032,0.008697274369589747,,0,0.0
2019-02-19,7060.8,7062.233333333333,7077.666666666665,0.009373481782873713,0.008697274369589747,,0,0.0
2019-02-20,7062.1,7057.900000000001,7088.9000000000015,0.008594500112231125,0.008677291981690424,,0,0.0
2019-02-21,7026.4,7061.833333333333,7098.266666666666,0.00875478051225727,0.008677291981690424,,0,0.0
2019-02-22,7095.7,7044.066666666666,7088.933333333332,0.006712515278856117,0.008650822201642941,,0,0.0
2019-02-24,7114.9,7068.566666666667,7123.733333333334,0.006698631230438676,0.008636381404972849,,0,0.0
2019-02-25,7108.7,7114.3,7123.400000000001,0.006677117568092022,0.008613845784701445,,0,0.0
2019-02-26,7108.5,7123.333333333333,7149.166666666666,0.0066749336486023655,0.008567097290266515,,0,0.0
2019-02-27,7114.6,7107.966666666667,7147.133333333334,0.006474974174194232,0.008521296809634156,,0,0.0
2019-02-28,7101.4,7095.133333333334,7146.666666666668,0.006094089413822559,0.008521296809634156,,0,0.0
2019-03-01,7154.7,7098.633333333334,7129.166666666668,0.006210407649902885,0.008521296809634156,,0,0.0
2019-03-03,7198.5,7138.5,7177.0,0.004934515807372828,0.008521296809634156,,0,0.0
2019-03-04,7137.9,7190.566666666667,7210.333333333333,0.005407894682480108,0.008521296809634156,,0,0.0
2019-03-05,7149.0,7138.7,7206.599999999999,0.005356888867034002,0.008521296809634156,,0,0.0
2019-03-06,7099.4,7149.133333333334,7177.866666666669,0.005695279322346561,0.008521296809634156,,0,0.0
2019-03-07,7030.5,7121.066666666666,7145.533333333331,0.005075435963752587,0.008521296809634156,,0,0.0
2019-03-08,7028.6,7050.099999999999,7099.799999999999,0.005072559691234434,0.008521296809634156,,0,0.0
2019-03-10,7015.8,6998.666666666667,7061.133333333334,0.005091643880047889,0.008521296809634156,,0,0.0
2019-03-11,7192.1,7019.666666666667,7026.733333333334,0.007476800725930881,0.008521296809634156,,0,0.0
2019-03-12,7205.0,7128.400000000001,7261.200000000001,0.007476431207521689,0.008521296809634156,,0,0.0
2019-03-13,7271.8,7196.7,7232.5,0.007698824537133728,0.008521296809634156,,0,0.0
2019-03-14,7249.5,7251.533333333333,7317.966666666665,0.007751555267850483,0.008521296809634156,,0,0.0
2019-03-15,7320.5,7260.566666666667,7281.333333333333,0.007970362695558977,0.008521296809634156,,0,0.0
2019-03-17,7312.5,7301.866666666666,7354.433333333332,0.00783840873688984,0.008521296809634156,,0,0.0
2019-03-18,7339.1,7312.0,7317.9,0.007631729549999749,0.008521296809634156,,0,0.0
2019-03-19,7348.5,7330.766666666667,7363.7333333333345,0.007628645630379218,0.008521296809634156,,0,0.0
2019-03-20,7395.0,7357.633333333334,7388.066666666668,0.007673427213283756,0.008521296809634156,,0,0.0
2019-03-21,7512.0,7385.400000000001,7444.000000000001,0.008249348794580773,0.008521296809634156,,0,0.0
2019-03-22,7337.0,7458.266666666666,7571.4333333333325,0.010106987398730118,0.008567097290266515,,0,0.0
2019-03-24,7340.6,7396.266666666666,7462.333333333333,0.010078486005472563,0.008613845784701445,,0,0.0
2019-03-25,7342.0,7348.433333333334,7359.566666666668,0.009989277681862809,0.008636381404972849,,0,0.0
2019-03-26,7355.6,7319.166666666667,7371.233333333334,0.00992714248178246,0.008650822201642941,,0,0.0
2019-03-27,7297.0,7365.8,7414.200000000001,0.00990477200094854,0.008650822201642941,,0,0.0
2019-03-28,7348.6,7310.8,7367.8,0.009993076252017377,0.008650822201642941,,0,0.0
2019-03-29,7390.0,7323.833333333333,7381.066666666666,0.009833443324137131,0.008650822201642941,,0,0.0
2019-03-31,7433.6,7371.599999999999,7410.799999999999,0.009463453639663538,0.008677291981690424,,0,0.0
2019-04-01,7482.8,7426.466666666667,7442.333333333334,0.009469885001743662,0.008677291981690424,,0,0.0
2019-04-02,7495.6,7463.466666666666,7503.733333333333,0.009404452232055138,0.008677291981690424,,0,0.0
2019-04-03,7556.6,7489.133333333334,7516.666666666668,0.007995951143469883,0.008647632253841854,,0,0.0
2019-04-04,7536.1,7547.633333333334,7604.166666666668,0.008080120799819918,0.008613845784701445,,0,0.0
2019-04-05,7592.4,7537.966666666667,7574.7333333333345,0.008007831291905961,0.008567097290266515,,0,0.0
2019-04-07,7594.4,7573.533333333333,7612.066666666666,0.007926988524124972,0.008521296809634156,,0,0.0
2019-04-08,7605.4,7593.8,7601.200000000001,0.007732153308164786,0.008476364536700717,,0,0.0
2019-04-09,7568.4,7586.066666666666,7629.733333333332,0.00785503929900462,0.00844002376827566,,0,0.0
2019-04-10,7633.1,7580.866666666666,7601.933333333332,0.007992683612298303,0.008390194287434757,,0,0.0
2019-04-11,7601.5,7609.7,7662.5,0.008109282157983153,0.008328664038180892,,0,0.0
2019-04-12,7634.6,7608.566666666667,7634.533333333333,0.008062202170024428,0.008328664038180892,,0,0.0
2019-04-14,7630.8,7624.2,7656.299999999999,0.007343761654111732,0.008328664038180892,,0,0.0
2019-04-15,7631.1,7631.933333333333,7636.466666666667,0.004684348205545331,0.008328664038180892,,0,0.0
2019-04-16,7658.4,7616.966666666667,7654.133333333334,0.004683635482523029,0.008328664038180892,,0,0.0
2019-04-17,7676.1,7654.966666666667,7679.333333333334,0.004661330424134513,0.008328664038180892,,0,0.0
2019-04-18,7696.5,7681.7,7709.0,0.004661303511618727,0.008328664038180892,,0,0.0
2019-04-21,7698.3,7680.433333333333,7719.766666666666,0.004030722973219312,0.008328664038180892,,0,0.0
2019-04-22,7720.8,7698.8,7707.3,0.0038978332363806298,0.008328664038180892,,0,0.0
2019-04-23,7816.5,7699.466666666667,7748.133333333334,0.0044410594819540485,0.008328664038180892,,0,0.0
2019-04-24,7840.9,7782.099999999999,7858.699999999999,0.004382678803561298,0.008328664038180892,,0,0.0
2019-04-25,7780.0,7822.166666666667,7860.933333333334,0.004857028201551509,0.008328664038180892,,0,0.0
2019-04-26,7818.1,7804.133333333334,7836.266666666668,0.0049004690633489825,0.008328664038180892,,0,0.0
2019-04-28,7817.0,7793.633333333334,7850.666666666668,0.004711360361327769,0.008328664038180892,,0,0.0
2019-04-29,7784.8,7819.466666666667,7822.833333333334,0.00479061182105586,0.008328664038180892,,0,0.0
2019-04-30,7827.3,7806.099999999999,7828.299999999999,0.0046815408880390924,0.008328664038180892,,0,0.0
2019-05-01,7731.4,7796.133333333332,7870.066666666665,0.005605698191312871,0.008328664038180892,,0,0.0
2019-05-02,7726.1,7764.899999999999,7815.699999999997,0.0056151963217861535,0.008328664038180892,,0,0.0
2019-05-03,7855.4,7726.5,7787.4,0.006478651723233277,0.008328664038180892,,0,0.0
2019-05-05,7689.9,7810.099999999999,7900.699999999999,0.008065307506833385,0.008328664038180892,,0,0.0
2019-05-06,7745.8,7712.233333333333,7742.666666666665,0.008130393854041726,0.008328664038180892,,0,0.0
2019-05-07,7635.8,7732.2,7814.0,0.008758579193993615,0.008390194287434757,,0,0.0
2019-05-08,7615.9,7662.400000000001,7760.200000000001,0.008778115084266269,0.00844002376827566,,0,0.0
2019-05-09,7581.9,7627.066666666666,7669.733333333332,0.008833000426977542,0.008476364536700717,,0,0.0
2019-05-10,7597.6,7557.666666666667,7649.133333333334,0.008804692949513542,0.008521296809634156,,0,0.0
2019-05-12,7505.2,7553.333333333333,7683.666666666666,0.00916101073322776,0.008567097290266515,,0,0.0
2019-05-13,7296.2,7516.200000000001,7527.300000000001,0.010882717846216208,0.008613845784701445,,0,0.0
2019-05-14,7422.9,7365.599999999999,7450.699999999999,0.011757413247646616,0.008647632253841854,,0,0.0
2019-05-15,7509.3,7389.033333333333,7483.466666666665,0.012096573882242551,0.008677291981690424,,0,0.0
2019-05-16,7600.8,7460.966666666667,7577.933333333334,0.012084117337795883,0.008699425320701965,,0,0.0
2019-05-17,7505.9,7566.266666666666,7667.9333333333325,0.012283897049544438,0.008706609662129335,,0,0.0
2019-05-19,7535.8,7539.5,7578.6,0.01228003925217466,0.008711489402652952,,0,0.0
2019-05-20,7411.0,7529.400000000001,7547.500000000001,0.01262236505330918,0.008724965137936733,,0,0.0
2019-05-21,7466.3,7439.966666666667,7524.333333333334,0.012813179348683458,0.008744305789274237,,0,0.0
2019-05-22,7412.7,7447.733333333334,7499.166666666667,0.012855319415213602,0.008756679853125442,,0,0.0
2019-05-23,7320.2,7423.066666666667,7459.333333333333,0.012906191138051134,0.008768347139129943,,0,0.0
2019-05-24,7308.6,7333.566666666667,7403.133333333333,0.012734479190202725,0.008784895374220869,,0,0.0
2019-05-26,7305.7,7326.866666666666,7357.133333333331,0.012737083000171902,0.008798184306844505,,0,0.0
2019-05-27,7319.3,7308.933333333333,7313.566666666667,0.011951566302399049,0.008817406794716764,,0,0.0
2019-05-28,7284.7,7314.033333333333,7339.2666666666655,0.011220650703001836,0.008831560533448767,,0,0.0
2019-05-29,7218.4,7309.566666666667,7342.333333333333,0.011055407368525548,0.008859056331764141,,0,0.0
2019-05-30,7183.1,7228.2,7277.2,0.010771748390420631,0.008900996847988042,,0,0.0
2019-05-31,7135.6,7209.766666666667,7240.333333333335,0.010801336112640036,0.008931019260047083,,0,0.0
2019-06-02,7080.3,7158.833333333333,7189.966666666666,0.010846529255982566,0.008946087500670306,,0,0.0
2019-06-03,6999.8,7087.566666666667,7099.333333333333,0.01090850423349067,0.008975382938678389,,0,0.0
2019-06-04,7203.2,7023.466666666667,7107.333333333334,0.0129875456338946,0.009081607134791725,,0,0.0
2019-06-05,7211.4,7130.833333333333,7281.566666666666,0.011477553374933322,0.009160238533063109,,0,0.0
2019-06-06,7275.0,7201.133333333334,7253.666666666668,0.010922225328175892,0.009196277359428759,,0,0.0
2019-06-07,7428.3,7259.0,7314.4,0.01167233029404842,0.009267452314923496,,0,0.0
2019-06-09,7456.9,7381.466666666666,7499.233333333333,0.011340509566559825,0.009303605376859113,,0,0.0
2019-06-10,7508.7,7465.466666666667,7475.2333333333345,0.011125572859388139,0.00930519732512157,,0,0.0
2019-06-11,7513.8,7506.166666666667,7580.733333333334,0.011088982269134975,0.009320768360200574,,0,0.0
2019-06-12,7490.1,7535.8,7578.6,0.010426197560741196,0.009354236981266357,,0,0.0
2019-06-13,7495.4,7493.966666666667,7526.7333333333345,0.010300256617171799,0.009376471158869295,,0,0.0
2019-06-14,7483.7,7484.333333333333,7546.866666666666,0.010162846296497427,0.009391956383460007,,0,0.0
2019-06-16,7498.3,7485.366666666668,7519.133333333335,0.009692387381379333,0.009416154418637728,,0,0.0
2019-06-17,7536.8,7494.133333333334,7507.466666666668,0.009705518139114945,0.009434039192689241,,0,0.0
2019-06-18,7659.5,7523.466666666667,7563.933333333334,0.010228782552501524,0.00945183770991085,,0,0.0
2019-06-19,7699.8,7623.0,7731.1,0.010247307248319548,0.0094666693207036,,0,0.0
2019-06-20,7735.7,7668.900000000001,7734.4000000000015,0.010108743882314494,0.009483367071221596,,0,0.0
2019-06-21,7718.4,7735.700000000001,7792.800000000001,0.009785595945802573,0.009500976429827154,,0,0.0
2019-06-23,7742.2,7730.566666666666,7763.033333333331,0.009590572870606929,0.009547838294780852,,0,0.0
2019-06-24,7732.3,7733.933333333333,7753.366666666667,0.009357150605087744,0.009547838294780852,,0,0.0
2019-06-25,7599.3,7740.366666666666,7758.133333333331,0.010187018795945715,0.009605151528652234,,0,0.0
2019-06-26,7626.6,7644.900000000001,7706.800000000001,0.00956056565478644,0.009605151528652234,,0,0.0
2019-06-27,7669.0,7637.933333333334,7680.466666666669,0.007607468774825394,0.009605151528652234,,0,0.0
2019-06-28,7697.1,7660.400000000001,7697.200000000001,0.007592999215614092,0.009605151528652234,,0,0.0
2019-06-30,7776.5,7678.266666666667,7718.7333333333345,0.007657424864551248,0.009605151528652234,,0,0.0
2019-07-01,7751.3,7780.366666666666,7794.333333333332,0.006548171939288232,0.009605151528652234,,0,0.0
2019-07-02,7808.7,7769.5,7805.6,0.006644275043148297,0.009605151528652234,,0,0.0
2019-07-03,7864.6,7787.633333333334,7837.866666666669,0.006652198190060286,0.009605151528652234,,0,0.0
2019-07-04,7881.1,7846.133333333334,7893.666666666668,0.006641120112179069,0.009605151528652234,,0,0.0
2019-07-05,7831.6,7874.233333333333,7892.066666666666,0.006813561087064042,0.009605151528652234,,0,0.0
2019-07-07,7819.9,7830.399999999999,7886.399999999998,0.0068574977456323585,0.009605151528652234,,0,0.0
2019-07-08,7770.5,7826.333333333333,7832.866666666666,0.0070718567261694185,0.009605151528652234,,0,0.0
2019-07-09,7824.0,7782.7,7810.599999999999,0.0071590360536158216,0.009605151528652234,,0,0.0
2019-07-10,7904.3,7793.166666666667,7866.233333333334,0.007360493249256636,0.009605151528652234,,0,0.0
2019-07-11,7898.6,7873.099999999999,7957.5999999999985,0.006618554286900756,0.009605151528652234,,0,0.0
2019-07-12,7934.5,7903.3,7935.200000000001,0.006599374290231237,0.009605151528652234,,0,0.0
2019-07-14,7928.5,7924.900000000001,7954.000000000001,0.006574894204085843,0.009605151528652234,,0,0.0
2019-07-15,7971.6,7933.099999999999,7938.999999999999,0.006584455624032157,0.009605151528652234,,0,0.0
2019-07-16,7918.6,7955.2,7992.0,0.006826986175312623,0.009605151528652234,,0,0.0
2019-07-17,7849.8,7932.600000000001,7964.000000000003,0.007158677277596211,0.009605151528652234,,0,0.0
2019-07-18,7922.6,7879.5,7913.5,0.0060155711794743615,0.009605151528652234,,0,0.0
2019-07-19,7796.6,7894.600000000001,7979.100000000002,0.0072204369319416265,0.009605151528652234,,0,0.0
2019-07-21,7827.9,7849.2,7904.799999999999,0.007178672356667555,0.009605151528652234,,0,0.0
2019-07-22,7905.6,7821.066666666666,7838.033333333331,0.00743079510543444,0.009605151528652234,,0,0.0
2019-07-23,7930.4,7876.399999999999,7942.399999999998,0.00714344547223612,0.009605151528652234,,0,0.0
2019-07-24,7994.4,7926.0,7966.8,0.007236792168757202,0.009605151528652234,,0,0.0
2019-07-25,7970.8,7975.366666666666,8048.233333333332,0.007167511031279181,0.009605151528652234,,0,0.0
2019-07-26,7993.6,7959.466666666667,8023.333333333334,0.007038049764413703,0.009605151528652234,,0,0.0
2019-07-28,7995.5,7993.600000000001,8018.600000000002,0.007032803417748904,0.009605151528652234,,0,0.0
2019-07-29,7987.8,7998.099999999999,8001.899999999999,0.006851407074850663,0.009605151528652234,,0,0.0
2019-07-30,7967.4,7975.666666666667,8021.533333333334,0.006875853091848975,0.009605151528652234,,0,0.0
2019-07-31,7815.6,7957.233333333333,8008.066666666666,0.008070864572830582,0.009605151528652234,,0,0.0
2019-08-01,7763.6,7851.766666666667,7943.133333333335,0.00805904331839631,0.009605151528652234,,0,0.0
2019-08-02,7685.4,7836.100000000001,7919.900000000002,0.007930501389269448,0.009605151528652234,,0,0.0
2019-08-04,7659.9,7698.766666666666,7769.333333333333,0.007940515136209329,0.009605151528652234,,0,0.0
2019-08-05,7222.2,7661.933333333333,7671.466666666667,0.014630180202097097,0.009656058784038437,,0,0.0
2019-08-06,7481.5,7369.866666666668,7535.933333333335,0.017205287225115603,0.009695042670846768,,0,0.0
2019-08-07,7517.7,7408.633333333334,7601.666666666668,0.017190829856732266,0.009701608049714573,,0,0.0
2019-08-08,7695.9,7480.833333333333,7594.266666666666,0.018145037326421885,0.009728296994776897,,0,0.0
2019-08-09,7651.8,7640.333333333333,7774.466666666666,0.01809333965077473,0.00976833589812071,,0,0.0
2019-08-11,7624.4,7645.333333333333,7710.866666666666,0.017932324110585283,0.00979161677967069,,0,0.0
2019-08-12,7568.8,7635.866666666666,7650.133333333331,0.017676438850702973,0.009808453906651731,,0,0.0
2019-08-13,7741.2,7593.966666666667,7667.133333333334,0.01845581363286039,0.009826356761950893,,0,0.0
2019-08-14,7491.9,7672.166666666667,7844.233333333334,0.019585802771781652,0.009850506330108002,,0,0.0
2019-08-15,7505.1,7566.600000000001,7678.600000000002,0.019567380115936606,0.009883776204239653,,0,0.0
2019-08-16,7603.4,7480.066666666666,7583.233333333332,0.019742748625706453,0.009902377536674487,,0,0.0
2019-08-18,7643.6,7573.433333333333,7654.166666666667,0.019814622789977886,0.009915317560575811,,0,0.0
2019-08-19,7703.2,7636.633333333334,7654.966666666668,0.01990764410774739,0.009926502800992769,,0,0.0
2019-08-20,7665.4,7691.400000000001,7754.200000000001,0.019915098755769658,0.009935651654558498,,0,0.0
2019-08-21,7763.1,7685.033333333333,7724.466666666665,0.020183690168850032,0.009957718487248053,,0,0.0
2019-08-22,7705.6,7734.2,7803.799999999999,0.02022956621739075,0.009974226176477176,,0,0.0
2019-08-23,7483.4,7706.733333333334,7765.866666666667,0.02078764570181274,0.009983226943827793,,0,0.0
2019-08-25,7404.4,7560.099999999999,7678.799999999999,0.020852237056410417,0.009991176966940093,,0,0.0
2019-08-26,7566.3,7387.766666666667,7427.2333333333345,0.021429069229083785,0.009994446172685075,,0,0.0
2019-08-27,7581.4,7527.533333333333,7657.7666666666655,0.021426012478106354,0.01003715104941267,,0,0.0
2019-08-28,7575.3,7584.666666666667,7638.533333333334,0.016752563334675966,0.01009240097230998,,0,0.0
2019-08-29,7692.9,7557.433333333333,7617.066666666667,0.015159392899896701,0.010106651668938758,,0,0.0
2019-08-30,7670.9,7652.933333333334,7763.566666666668,0.015167995060482328,0.010107865640522306,,0,0.0
2019-09-01,7624.8,7692.0,7742.8,0.014267878921878472,0.010135795089405961,,0,0.0
2019-09-02,7619.5,7613.533333333333,7638.666666666666,0.014212573687566192,0.01017493254622157,,0,0.0
2019-09-03,7606.5,7628.733333333334,7680.766666666667,0.014194683566796908,0.01020790067422362,,0,0.0
2019-09-04,7718.3,7620.233333333334,7657.866666666667,0.014451190616342079,0.010231923657452235,,0,0.0
2019-09-05,7869.3,7682.966666666667,7760.133333333334,0.014213108594001142,0.010241186005361246,,0,0.0
2019-09-06,7862.0,7822.733333333334,7928.966666666667,0.011911238414953198,0.010254143491536513,,0,0.0
2019-09-08,7862.0,7863.0,7889.6,0.01192334881570702,0.010280618175962639,,0,0.0
2019-09-09,7841.5,7864.866666666666,7869.433333333332,0.011696258732281795,0.010314627079810988,,0,0.0
2019-09-10,7808.6,7840.733333333334,7885.0666666666675,0.011731417337510697,0.01033732874921097,,0,0.0
2019-09-11,7950.6,7802.100000000001,7861.800000000003,0.012259997793895487,0.01034574995977209,,0,0.0
2019-09-12,7930.8,7897.866666666666,8010.933333333332,0.012203717057163197,0.010363456295953664,,0,0.0
2019-09-13,7889.4,7938.466666666666,7972.533333333333,0.012013348653072615,0.010363456295953664,,0,0.0
2019-09-15,7817.4,7909.033333333333,7936.2666666666655,0.012081695326045212,0.010363456295953664,,0,0.0
2019-09-16,7862.7,7826.266666666667,7839.933333333334,0.009896210748596548,0.01034574995977209,,0,0.0
2019-09-17,7887.5,7837.533333333333,7898.066666666666,0.009405289491598075,0.01033732874921097,,0,0.0
2019-09-18,7882.9,7871.033333333333,7913.666666666666,0.00834064107829346,0.010314627079810988,,0,0.0
2019-09-19,7903.8,7858.566666666666,7927.533333333331,0.008341562063130156,0.010280618175962639,,0,0.0
2019-09-20,7808.2,7893.966666666667,7959.433333333334,0.008912265902016105,0.010254143491536513,,0,0.0
2019-09-22,7853.3,7841.466666666667,7894.933333333334,0.00835723849394393,0.010241186005361246,,0,0.0
2019-09-23,7862.0,7853.466666666667,7873.333333333334,0.008306096799948785,0.010231923657452235,,0,0.0
2019-09-24,7729.7,7842.133333333334,7899.466666666668,0.009117308175999567,0.01020790067422362,,0,0.0
2019-09-25,7793.5,7759.700000000001,7840.600000000001,0.009262498046818128,0.01017493254622157,,0,0.0
2019-09-26,7755.3,7751.7,7862.599999999999,0.009341941825017727,0.010135795089405961,,0,0.0
2019-09-27,7693.8,7762.099999999999,7812.399999999999,0.008959411755973291,0.010107865640522306,,0,0.0
2019-09-29,7701.0,7703.466666666667,7789.133333333334,0.007682599131311632,0.010106651668938758,,0,0.0
2019-09-30,7758.5,7706.3,7729.6,0.007915531652525523,0.01009240097230998,,0,0.0
2019-10-01,7700.1,7737.066666666667,7789.333333333333,0.00806147296998008,0.01003715104941267,,0,0.0
2019-10-02,7538.7,7729.633333333334,7790.066666666668,0.009215078671419779,0.009994446172685075,,0,0.0
2019-10-03,7623.8,7583.8,7662.8,0.009654390371707332,0.009991176966940093,,0,0.0
2019-10-04,7749.4,7572.8,7691.0,0.009480086689327176,0.009983226943827793,,0,0.0
2019-10-06,7718.9,7702.533333333333,7801.066666666666,0.009495633571198819,0.009974226176477176,,0,0.0
2019-10-07,7724.0,7708.533333333333,7738.466666666665,0.009459169977453824,0.009957718487248053,,0,0.0
2019-10-08,7597.7,7735.599999999999,7768.999999999999,0.009912341150494169,0.009935651654558498,,0,0.0
2019-10-09,7618.5,7650.033333333334,7712.966666666667,0.009819051812926536,0.009926502800992769,,0,0.0
2019-10-10,7764.3,7631.966666666667,7699.133333333334,0.010819835745220212,0.009926502800992769,,0,0.0
2019-10-11,7839.8,7716.533333333333,7840.2666666666655,0.01106983617974142,0.009926502800992769,,0,0.0
2019-10-13,7873.9,7829.266666666666,7909.9333333333325,0.011099460637094027,0.009926502800992769,,0,0.0
2019-10-14,7858.8,7860.7,7887.099999999999,0.010749846919452737,0.009926502800992769,,0,0.0
2019-10-15,7933.0,7840.833333333333,7893.466666666666,0.010877220246606875,0.009926502800992769,,0,0.0
2019-10-16,7920.3,7909.566666666667,7976.233333333334,0.010886916533338589,0.009926502800992769,,0,0.0
2019-10-17,7929.0,7916.3,7943.8,0.010101252753439335,0.009926502800992769,,0,0.0
2019-10-18,7864.5,7936.033333333333,7968.2666666666655,0.010173819351244843,0.009935651654558498,,0,0.0
2019-10-20,7874.5,7873.366666666666,7929.733333333332,0.01009456610678161,0.009935651654558498,,0,0.0
2019-10-21,7926.9,7873.066666666667,7876.733333333334,0.009955683917614961,0.009935651654558498,,0,0.0
2019-10-22,7825.1,7909.033333333333,7950.466666666665,0.010463493587533162,0.009935651654558498,,0,0.0
2019-10-23,7905.6,7871.166666666667,7923.533333333334,0.010575760575475048,0.009935651654558498,,0,0.0
2019-10-24,7905.3,7870.2,7949.0,0.010389152508516193,0.009949922372474749,,0,0.0
2019-10-25,8019.4,7921.533333333333,7948.666666666666,0.009347961062769783,0.009935651654558498,,0,0.0
2019-10-27,8037.8,7981.333333333333,8060.466666666666,0.009149407471543185,0.009926502800992769,,0,0.0
2019-10-28,8094.3,8037.566666666667,8043.833333333333,0.00862926185407703,0.009919102135348624,,0,0.0
2019-10-29,8039.4,8077.633333333334,8124.266666666668,0.008758566606891432,0.009908556575721355,,0,0.0
2019-10-30,8105.0,8057.033333333333,8082.166666666666,0.008854930200005509,0.009902377536674487,,0,0.0
2019-10-31,8071.3,8076.966666666667,8150.933333333334,0.007855853653320073,0.009898096910498491,,0,0.0
2019-11-01,8145.8,8073.433333333333,8118.666666666667,0.007975192390976745,0.00988189004233771,,0,0.0
2019-11-03,8159.0,8122.266666666666,8173.133333333333,0.007063571527006291,0.009850506330108002,,0,0.0
2019-11-04,8221.8,8156.733333333334,8165.0666666666675,0.006968458127768466,0.009826247568531832,,0,0.0
2019-11-05,8195.5,8202.133333333333,8248.466666666667,0.007061370841070517,0.009802323879364555,,0,0.0
2019-11-06,8185.2,8200.266666666666,8225.133333333333,0.007043460582428647,0.00976833589812071,,0,0.0
2019-11-07,8221.2,8179.533333333333,8215.666666666666,0.006852990305707423,0.009728296994776897,,0,0.0
2019-11-08,8247.5,8219.633333333333,8267.166666666666,0.006811241403040153,0.009701608049714573,,0,0.0
2019-11-10,8238.4,8224.666666666666,8272.933333333332,0.006845108838249268,0.009695042670846768,,0,0.0
2019-11-11,8232.0,8240.633333333333,8243.166666666666,0.006462273343017701,0.009673388876543332,,0,0.0
2019-11-12,8252.8,8222.733333333334,8252.866666666667,0.0064577923775128694,0.009637060279202435,,0,0.0
2019-11-13,8254.0,8252.533333333335,8288.466666666669,0.006394141940966564,0.009605151528652234,,0,0.0
2019-11-14,8263.1,8244.566666666668,8281.033333333335,0.005362625776017655,0.009575569262696685,,0,0.0
2019-11-15,8315.9,8248.766666666665,8289.73333333333,0.005140139337908849,0.00953283468687061,,0,0.0
2019-11-17,8303.4,8296.133333333333,8335.666666666666,0.005189107525597918,0.009500976429827154,,0,0.0
2019-11-18,8321.3,8304.933333333334,8309.366666666669,0.004359547155532156,0.009496241355949175,,0,0.0
2019-11-19,8311.3,8317.933333333332,8363.066666666666,0.004410937136842049,0.009487860130262997,,0,0.0
2019-11-20,8264.0,8329.9,8353.8,0.004515418469476822,0.009474985845535418,,0,0.0
2019-11-21,8264.3,8277.0,8328.8,0.0041344329272974935,0.0094666693207036,,0,0.0
2019-11-22,8277.0,8266.6,8299.1,0.003816558682875861,0.009461311808558682,,0,0.0
2019-11-24,8301.3,8270.833333333334,8313.866666666669,0.003631504998832643,0.009449695878805994,,0,0.0
2019-11-25,8369.8,8298.266666666666,8305.033333333333,0.0035256806122033807,0.009434039192689241,,0,0.0
2019-11-26,8396.5,8346.433333333332,8396.966666666665,0.003549099701739611,0.009416573048409198,,0,0.0
2019-11-27,8420.5,8390.866666666667,8420.833333333334,0.003252795698580153,0.009404870861826606,,0,0.0
2019-11-28,8444.4,8422.133333333333,8451.866666666667,0.003099645930756519,0.009391956383460007,,0,0.0
2019-11-29,8416.9,8432.666666666666,8456.333333333332,0.0032231075415739808,0.009376471158869295,,0,0.0
2019-12-01,8425.0,8421.699999999999,8440.999999999998,0.0031456169250107164,0.00936531619398073,,0,0.0
2019-12-02,8299.0,8422.466666666667,8428.133333333335,0.004755107062832049,0.009352555833928763,,0,0.0
2019-12-03,8255.8,8340.066666666668,8409.533333333335,0.004905904791549717,0.009344951443893756,,0,0.0
2019-12-04,8283.6,8250.1,8337.300000000001,0.004953453267588225,0.009338467002338363,,0,0.0
2019-12-05,8307.8,8270.866666666667,8326.333333333334,0.00496346664302874,0.009319421144579995,,0,0.0
2019-12-06,8397.6,8302.133333333333,8338.066666666666,0.0054862470490788864,0.009303605376859113,,0,0.0
2019-12-08,8402.6,8369.800000000001,8431.800000000003,0.005486322345830457,0.009282929345517683,,0,0.0
2019-12-09,8356.8,8403.300000000001,8404.200000000003,0.005496100422910971,0.009238788359118955,,0,0.0
2019-12-10,8360.0,8376.033333333335,8406.366666666669,0.005480419117211094,0.00918804470232377,,0,0.0
2019-12-11,8413.1,8350.733333333332,8405.666666666664,0.005631257529165357,0.009160238533063109,,0,0.0
2019-12-12,8501.0,8390.4,8436.5,0.0060275852448621004,0.00915443690222082,,0,0.0
2019-12-13,8493.7,8462.4,8545.199999999999,0.005832788486453526,0.009133357823771376,,0,0.0
2019-12-15,8509.2,8483.633333333333,8532.166666666666,0.005824680218142671,0.00906052805634228,,0,0.0
2019-12-16,8570.0,8508.433333333332,8512.966666666665,0.005961099086750967,0.008981579846329142,,0,0.0
2019-12-17,8585.3,8555.566666666666,8602.233333333332,0.005954680050250782,0.008953214848322538,,0,0.0
2019-12-18,8603.5,8582.133333333333,8600.266666666666,0.005754085577719174,0.008946087500670306,,0,0.0
2019-12-19,8660.2,8601.133333333333,8624.966666666667,0.005859229816427642,0.008931019260047083,,0,0.0
2019-12-20,8690.6,8638.033333333335,8685.966666666669,0.005868618153707321,0.008914573680720725,,0,0.0
2019-12-22,8703.4,8680.266666666665,8714.73333333333,0.0058613464467905715,0.008898689069283424,,0,0.0
2019-12-23,8709.9,8698.733333333332,8708.666666666664,0.005756775030432846,0.008870021218278125,,0,0.0
2019-12-24,8710.4,8709.266666666668,8724.833333333336,0.005766658941846078,0.008843965313491527,,0,0.0
2019-12-25,8712.0,8705.233333333332,8722.066666666664,0.004266045776010457,0.008831560533448767,,0,0.0
2019-12-26,8789.6,8712.333333333334,8714.066666666668,0.004098787235630155,0.008831560533448767,,0,0.0
2019-12-27,8760.6,8763.933333333334,8816.866666666669,0.004343574047758038,0.008831560533448767,,0,0.0
2019-12-29,8780.8,8778.966666666667,8806.633333333335,0.004344940427861649,0.008831560533448767,,0,0.0
2019-12-30,8719.4,8777.066666666668,8786.233333333335,0.0044362876157066815,0.008831560533448767,,0,0.0
2019-12-31,8755.8,8728.833333333334,8783.166666666668,0.004453418167402223,0.008831560533448767,,0,0.0
2020-01-01,8760.0,8729.499999999998,8782.199999999997,0.004110526873865278,0.008831560533448767,,0,0.0
2020-01-02,8882.0,8760.166666666666,8767.033333333333,0.00482079495849463,0.008831560533448767,,0,0.0
2020-01-03,8792.2,8843.0,8929.8,0.005572995172913469,0.008831560533448767,,0,0.0
2020-01-05,8763.6,8800.4,8881.699999999999,0.0053459223870806006,0.008831560533448767,,0,0.0
2020-01-06,8834.0,8754.0,8774.1,0.005503717910298168,0.008831560533448767,,0,0.0
2020-01-07,8737.7,8800.433333333332,8891.866666666665,0.0062126321299196185,0.008831560533448767,,0,0.0
2020-01-08,8938.5,8776.833333333334,8840.266666666668,0.007797759892891373,0.008831560533448767,,0,0.0
2020-01-09,9001.9,8853.199999999999,9042.399999999998,0.007875131412537864,0.008831560533448767,,0,0.0
2020-01-10,8963.6,8976.5,9033.7,0.008014878656241517,0.008831560533448767,,0,0.0
2020-01-13,9093.2,8986.033333333333,9019.066666666666,0.008430129608052053,0.008831560533448767,,0,0.0
2020-01-14,9019.5,9060.300000000001,9128.500000000002,0.00874918276450579,0.008831560533448767,,0,0.0
2020-01-15,9062.7,9046.9,9075.5,0.008772159286016195,0.008831560533448767,,0,0.0
2020-01-16,9135.2,9052.800000000001,9093.900000000001,0.00886440543791927,0.008843965313491527,,0,0.0
2020-01-17,9161.0,9111.733333333334,9170.366666666667,0.008847105287797318,0.008851017743901414,,0,0.0
2020-01-19,9175.4,9153.066666666668,9186.533333333335,0.008832897830461943,0.008851017743901414,,0,0.0
2020-01-20,9161.5,9170.266666666668,9180.733333333337,0.0087502112294856,0.008851017743901414,,0,0.0
2020-01-21,9170.0,9163.366666666667,9175.733333333334,0.008663285151731055,0.008851017743901414,,0,0.0
2020-01-22,9174.6,9155.666666666666,9204.933333333332,0.008672847551654178,0.008851017743901414,,0,0.0
2020-01-23,9262.8,9196.666666666666,9223.733333333332,0.008537132438329743,0.008851017743901414,,0,0.0
2020-01-24,9130.8,9224.0,9303.8,0.009364759121544155,0.008859667818962389,,0,0.0
2020-01-26,9009.0,9171.333333333332,9239.866666666665,0.009983143358237866,0.008874758837235007,,0,0.0
2020-01-27,8974.2,9020.166666666666,9051.633333333331,0.009598009388089395,0.008898689069283424,,0,0.0
2020-01-28,9095.4,8981.000000000002,9041.400000000003,0.009668587496395072,0.008914573680720725,,0,0.0
2020-01-29,9116.9,9062.633333333333,9164.566666666666,0.009597211381223015,0.008931019260047083,,0,0.0
2020-01-30,9213.8,9113.266666666668,9158.133333333337,0.009699773002700947,0.008946087500670306,,0,0.0
2020-01-31,9009.2,9149.199999999999,9299.599999999999,0.010770687157320949,0.008953214848322538,,0,0.0
2020-02-02,9017.6,9071.766666666666,9181.533333333333,0.009521548852078445,0.008981579846329142,,0,0.0
2020-02-03,9087.5,9013.0,9038.9,0.009546714568828201,0.00906052805634228,,0,0.0
2020-02-04,9335.3,9083.0,9157.3,0.011179973453887625,0.009133357823771376,,0,0.0
2020-02-05,9377.0,9262.366666666667,9439.533333333333,0.010815635905220618,0.009155209102385473,,0,0.0
2020-02-06,9459.9,9384.033333333333,9452.666666666666,0.01067878389151664,0.00918804470232377,,0,0.0
2020-02-07,9394.0,9427.266666666668,9495.933333333336,0.010864605970093116,0.009238788359118955,,0,0.0
2020-02-09,9350.9,9411.966666666667,9445.333333333334,0.010854371485422707,0.009282929345517683,,0,0.0
2020-02-10,9520.1,9365.066666666666,9404.333333333332,0.011491282060699616,0.009303605376859113,,0,0.0
2020-02-11,9536.4,9465.666666666666,9580.533333333333,0.011491058176324356,0.009319421144579995,,0,0.0
2020-02-12,9571.2,9545.733333333332,9595.066666666664,0.0114660550285376,0.009319421144579995,,0,0.0
2020-02-13,9604.9,9571.366666666667,9623.233333333334,0.011464952532070966,0.009319421144579995,,0,0.0
2020-02-14,9629.5,9583.433333333334,9660.766666666668,0.011456422076763671,0.009319421144579995,,0,0.0
2020-02-16,9660.2,9622.733333333334,9661.266666666666,0.011335446806194149,0.009319421144579995,,0,0.0
2020-02-17,9599.2,9653.2,9672.2,0.010859537779210865,0.009319421144579995,,0,0.0
2020-02-18,9657.8,9619.966666666667,9663.233333333334,0.010212263795591108,0.009319421144579995,,0,0.0
2020-02-19,9738.2,9615.533333333333,9700.066666666666,0.010110870869444042,0.009319421144579995,,0,0.0
2020-02-20,9567.4,9707.133333333333,9772.666666666666,0.010946214371029349,0.009319421144579995,,0,0.0
2020-02-21,9449.6,9611.533333333333,9711.966666666665,0.011442836543114801,0.009319421144579995,,0,0.0
2020-02-23,9305.0,9487.300000000001,9568.600000000002,0.011858044939426826,0.009319421144579995,,0,0.0
2020-02-24,9137.6,9314.699999999999,9344.099999999999,0.011462984915706928,0.009338467002338363,,0,0.0
2020-02-25,8918.6,9164.866666666667,9292.133333333333,0.012726879017406737,0.009344951443893756,,0,0.0
2020-02-26,8828.6,8982.233333333332,9157.066666666664,0.012745236167959969,0.009352555833928763,,0,0.0
2020-02-27,8411.2,8856.933333333332,9006.466666666665,0.014683291776083606,0.00936095486331595,,0,0.0
2020-02-28,8543.6,8524.2,8736.2,0.015274189694715796,0.009369120452208935,,0,0.0
2020-03-01,8355.7,8414.233333333332,8701.066666666664,0.015409026328978165,0.009388967007464426,,0,0.0
2020-03-02,8859.8,8322.966666666667,8417.733333333334,0.021390308099170727,0.009404870861826606,,0,0.0
2020-03-03,8562.2,8686.199999999999,9055.999999999998,0.022479807724782832,0.009416573048409198,,0,0.0
2020-03-04,8882.6,8691.066666666668,8873.133333333335,0.02385965824018107,0.009416573048409198,,0,0.0
2020-03-05,8693.8,8796.533333333333,9035.866666666665,0.024162022144023642,0.009443513291337073,,0,0.0
2020-03-06,8504.4,8730.533333333333,8850.266666666666,0.024387720870258634,0.009461311808558682,,0,0.0
2020-03-08,8115.9,8514.0,8715.7,0.025855552283989888,0.0094666693207036,,0,0.0
2020-03-09,8112.4,8177.3,8250.8,0.02579938113680228,0.009474985845535418,,0,0.0
2020-03-10,8213.8,8057.233333333333,8296.666666666664,0.026098384537521065,0.009487860130262997,,0,0.0
2020-03-11,7994.3,8175.833333333333,8418.066666666666,0.02643588002765402,0.009496241355949175,,0,0.0
2020-03-12,7116.0,8046.766666666666,8198.733333333334,0.03449141735033924,0.009500976429827154,,0,0.0
2020-03-13,7829.8,7398.466666666667,7735.533333333335,0.042830345721514985,0.009513326285516611,,0,0.0
2020-03-15,7553.5,7583.666666666667,8222.333333333334,0.043177791467232156,0.009534131710453322,,0,0.0
2020-03-16,7160.8,7661.0,7768.5,0.04414847783134919,0.00955364011180732,,0,0.0
2020-03-17,7178.2,7217.400000000001,7506.600000000001,0.044274440097950396,0.009575569262696685,,0,0.0
2020-03-18,7366.2,7226.8,7502.8,0.0450530620422312,0.009593892125914973,,0,0.0
2020-03-19,7197.2,7202.400000000001,7589.800000000001,0.04503663084127853,0.009597610384656206,,0,0.0
2020-03-20,6928.2,7194.066666666667,7508.333333333333,0.04546036023199298,0.009626199879898364,,0,0.0
2020-03-22,6629.3,7150.433333333333,7409.366666666667,0.04529607465255797,0.009661488934051202,,0,0.0
2020-03-23,7084.1,6659.666666666667,6690.033333333334,0.04836806976893329,0.009680487438887202,,0,0.0
2020-03-24,7496.2,7014.766666666667,7385.7333333333345,0.05044325683231026,0.00969608019204014,,0,0.0
2020-03-25,7478.5,7388.733333333334,7740.266666666667,0.04811605506610564,0.009702645570907945,,0,0.0
2020-03-26,7874.1,7537.233333333334,7701.466666666667,0.049499378091717894,0.009745557042458759,,0,0.0
2020-03-27,7552.8,7692.5,8074.5,0.04922586349092871,0.009802323879364555,,0,0.0
2020-03-29,7462.5,7663.599999999999,7778.199999999999,0.04912722617755219,0.009826247568531832,,0,0.0
2020-03-30,7869.9,7452.666666666667,7512.833333333334,0.050813095424160376,0.00986482703636684,,0,0.0
2020-03-31,7707.0,7734.3,8016.200000000001,0.04999994514550278,0.009898096910498491,,0,0.0
2020-04-01,7501.0,7799.3,7897.700000000001,0.0503180643010105,0.009902377536674487,,0,0.0
2020-04-02,7588.1,7546.666666666667,7693.333333333334,0.05030433426811276,0.009908556575721355,,0,0.0
2020-04-03,7518.7,7537.133333333334,7702.066666666668,0.05001623561744363,0.009919102135348624,,0,0.0
2020-04-05,7650.4,7531.5,7643.0,0.043184689663330784,0.009926502800992769,,0,0.0
2020-04-06,8077.8,7631.766666666666,7671.833333333333,0.03892861243236898,0.009935651654558498,,0,0.0
2020-04-07,8039.6,7940.666666666667,8232.933333333334,0.037964540234233415,0.009949922372474749,,0,0.0
2020-04-08,8222.2,8094.533333333333,8244.666666666666,0.03579987943396256,0.009969413637926413,,0,0.0
2020-04-09,8233.6,8137.266666666667,8323.933333333334,0.035808470550325676,0.009986210520050338,,0,0.0
2020-04-12,8118.2,8219.199999999999,8337.799999999997,0.03583156063229755,0.009991176966940093,,0,0.0
2020-04-13,8364.7,8164.633333333334,8253.56666666667,0.03558839173734386,0.01003578112874497,,0,0.0
2020-04-14,8674.0,8274.333333333334,8463.366666666669,0.03444893757508449,0.010086526056127088,,0,0.0
2020-04-15,8534.0,8565.233333333334,8811.966666666667,0.03266283170485846,0.010097909430110474,,0,0.0
2020-04-16,8934.5,8567.266666666668,8647.933333333336,0.0310476476629654,0.010104120076084726,,0,0.0
2020-04-17,8811.6,8801.266666666666,9100.633333333333,0.029563085363966048,0.010107865640522306,,0,0.0
2020-04-19,8749.7,8818.666666666666,8946.333333333332,0.02967167153512552,0.010109807375879267,,0,0.0
2020-04-20,8733.0,8758.333333333334,8781.366666666669,0.027807589865701567,0.010136858582970735,,0,0.0
2020-04-21,8462.0,8756.666666666666,8823.933333333332,0.027024962490934546,0.010168332823871135,,0,0.0
2020-04-22,8620.9,8524.233333333332,8703.066666666664,0.026820786298252453,0.010180419073595279,,0,0.0
2020-04-23,8558.5,8576.233333333335,8747.26666666667,0.024586760947342044,0.010199641295768412,,0,0.0
2020-04-24,8771.2,8629.300000000001,8720.000000000002,0.024238295302969504,0.010220523174046316,,0,0.0
2020-04-26,8760.4,8686.666666666666,8869.533333333333,0.023024078519327834,0.010238044900410536,,0,0.0
2020-04-27,8831.4,8772.466666666667,8807.433333333334,0.02300878307833802,0.010273781932745673,,0,0.0
2020-04-28,8777.4,8827.0,8908.4,0.022900569539108684,0.010344704562843997,,0,0.0
2020-04-29,9100.5,8797.666666666666,8932.933333333332,0.023713841553895627,0.010395877879352726,,0,0.0
2020-04-30,8848.4,9000.166666666666,9226.333333333332,0.022340135288232067,0.010414400405465228,,0,0.0
2020-05-01,8716.0,8939.366666666667,9063.233333333334,0.022684470637266762,0.01044484557413718,,0,0.0
2020-05-03,8593.8,8762.733333333334,8842.466666666667,0.02260121995832602,0.010519627081504106,,0,0.0
2020-05-04,8835.6,8606.566666666668,8640.033333333335,0.023315034689567027,0.010627272233495844,,0,0.0
2020-05-05,8967.0,8747.766666666668,8926.833333333336,0.023047137991078916,0.01071431540548469,,0,0.0
2020-05-06,8975.0,8942.800000000001,9055.400000000001,0.022285462274415975,0.010760267038386843,,0,0.0
2020-05-07,9149.5,8976.866666666667,9065.133333333333,0.0212298926769907,0.01077121777387079,,0,0.0
2020-05-08,9228.4,9091.933333333332,9208.066666666666,0.020779286949631964,0.010776099399483274,,0,0.0
2020-05-10,9261.8,9199.233333333335,9274.36666666667,0.018177187738847512,0.010790893260592977,,0,0.0
2020-05-11,9284.6,9237.333333333332,9288.866666666665,0.01779711252947708,0.010808486008930328,,0,0.0
2020-05-12,9022.5,9252.733333333332,9378.666666666664,0.019002037148498203,0.010817735825220415,,0,0.0
2020-05-13,9020.4,9130.266666666666,9245.233333333334,0.018988941226841728,0.010833182500601389,,0,0.0
2020-05-14,9114.2,9039.466666666667,9191.933333333334,0.017414321019389174,0.010850450370702636,,0,0.0
2020-05-15,9124.5,9029.333333333334,9203.266666666668,0.017062348221057396,0.010856225612316514,,0,0.0
2020-05-17,9172.6,9071.1,9209.2,0.016896510732196782,0.010858808759210595,,0,0.0
2020-05-18,9351.6,9159.066666666666,9199.333333333332,0.016582485567134767,0.010861798534540633,,0,0.0
2020-05-19,9322.0,9294.633333333333,9425.766666666666,0.01661614460631716,0.010861798534540633,,0,0.0
2020-05-20,9489.3,9341.0,9404.8,0.01691085104163345,0.010861798534540633,,0,0.0
2020-05-21,9407.0,9436.733333333334,9558.966666666667,0.016998722416805404,0.010861798534540633,,0,0.0
2020-05-22,9425.2,9425.433333333332,9495.966666666665,0.015095601768404604,0.010861798534540633,,0,0.0
2020-05-24,9459.5,9365.9,9485.5,0.013396066495829402,0.010861798534540633,,0,0.0
2020-05-25,9514.0,9442.699999999999,9483.999999999998,0.01268088122247733,0.010861798534540633,,0,0.0
2020-05-26,9399.0,9491.866666666667,9562.733333333334,0.012539159817389386,0.010861798534540633,,0,0.0
2020-05-27,9445.8,9461.466666666667,9545.333333333334,0.011250777687986203,0.010861798534540633,,0,0.0
2020-05-28,9421.5,9378.533333333333,9579.266666666666,0.010988154432119828,0.010861798534540633,,0,0.0
2020-05-29,9591.6,9438.166666666666,9552.333333333332,0.011510990582738653,0.010861798534540633,,0,0.0
2020-05-31,9511.6,9520.4,9665.0,0.011142427111432587,0.010861798534540633,,0,0.0
2020-06-01,9569.1,9498.0,9541.5,0.011076505980740768,0.010861798534540633,,0,0.0
2020-06-02,9678.2,9554.5,9623.8,0.01127597504794598,0.010861798534540633,,0,0.0
2020-06-03,9698.5,9622.4,9735.8,0.011275929447537626,0.010861798534540633,,0,0.0
2020-06-04,9620.6,9691.233333333332,9738.066666666664,0.009097033029892383,0.010858808759210595,,0,0.0
2020-06-05,9808.2,9646.4,9718.4,0.00974593712197486,0.010856225612316514,,0,0.0
2020-06-07,9873.2,9753.466666666665,9902.533333333331,0.009656581985882083,0.010850450370702636,,0,0.0
2020-06-08,9882.4,9853.566666666668,9896.733333333335,0.0096598406147709,0.010833182500601389,,0,0.0
2020-06-09,9991.7,9844.933333333334,9940.266666666668,0.009784541171091307,0.010817735825220415,,0,0.0
2020-06-10,10043.8,9937.7,10061.2,0.00911627615231816,0.010808486008930328,,0,0.0
2020-06-11,9678.8,10054.199999999999,10147.399999999998,0.012720811486719668,0.010808486008930328,,0,0.0
2020-06-12,9648.0,9787.266666666666,9987.933333333332,0.012189278458699755,0.010808486008930328,,0,0.0
2020-06-14,9552.4,9664.733333333334,9833.266666666666,0.012243379454252188,0.010808486008930328,,0,0.0
2020-06-15,9877.8,9548.4,9590.4,0.01432560036423801,0.010808486008930328,,0,0.0
2020-06-16,9999.2,9713.8,10043.999999999998,0.014493162331422966,0.010808486008930328,,0,0.0
2020-06-17,9964.5,9937.833333333334,10075.666666666668,0.014543421552389763,0.010808486008930328,,0,0.0
2020-06-18,10033.4,9985.833333333334,10041.066666666668,0.014161704317767827,0.010808486008930328,,0,0.0
2020-06-19,9940.4,9986.133333333333,10090.466666666667,0.014432114833438271,0.010808486008930328,,0,0.0
2020-06-21,9919.0,9999.866666666667,10066.033333333333,0.014424417165430487,0.010808486008930328,,0,0.0
2020-06-22,10164.4,9899.433333333332,9940.866666666665,0.014870190419456307,0.010808486008930328,,0,0.0
2020-06-23,10195.2,10081.733333333332,10254.466666666664,0.014628808241247395,0.010808486008930328,,0,0.0
2020-06-24,9988.8,10164.133333333333,10341.066666666666,0.015547757477422949,0.010808486008930328,,0,0.0
2020-06-25,10119.7,10062.066666666668,10182.333333333336,0.015605008168944313,0.010808486008930328,,0,0.0
2020-06-26,9858.6,10051.633333333333,10202.666666666666,0.016827679567974197,0.010808486008930328,,0,0.0
2020-06-28,9841.4,9943.533333333333,10048.866666666665,0.016709283280198824,0.010808486008930328,,0,0.0
2020-06-29,10007.4,9829.933333333334,9865.266666666668,0.01656788716330515,0.010808486008930328,,0,0.0
2020-06-30,10143.6,9924.233333333332,10104.666666666664,0.01676211866514459,0.010808486008930328,,0,0.0
2020-07-01,10281.2,10094.066666666666,10234.333333333332,0.016976813328734755,0.010808486008930328,,0,0.0
2020-07-02,10361.8,10230.933333333332,10372.066666666666,0.016902638384967146,0.010808486008930328,,0,0.0
2020-07-03,10339.8,10352.999999999998,10441.199999999997,0.016907831335933297,0.010808486008930328,,0,0.0
2020-07-05,10405.6,10354.066666666668,10386.933333333334,0.014371982908442028,0.010808486008930328,,0,0.0
2020-07-06,10652.2,10393.866666666667,10423.733333333334,0.014937860245119406,0.010808486008930328,,0,0.0
2020-07-07,10563.2,10572.466666666667,10740.733333333334,0.014859704644830381,0.010808486008930328,,0,0.0
2020-07-08,10694.0,10596.133333333333,10673.866666666667,0.013353480259738522,0.010808486008930328,,0,0.0
2020-07-09,10766.3,10637.933333333332,10757.066666666666,0.013230842176091918,0.010808486008930328,,0,0.0
2020-07-10,10854.8,10708.3,10843.8,0.013151398825168824,0.010808486008930328,,0,0.0
2020-07-12,10889.8,10784.333333333332,10930.266666666665,0.013139706940873788,0.010808486008930328,,0,0.0
2020-07-13,10658.6,10891.2,10920.2,0.014026680966715598,0.010808486008930328,,0,0.0
2020-07-14,10730.4,10768.466666666667,10961.333333333334,0.01397594940507549,0.010808486008930328,,0,0.0
2020-07-15,10659.8,10618.233333333332,10864.466666666664,0.013270363225988013,0.010808486008930328,,0,0.0
2020-07-16,10580.4,10668.066666666668,10771.133333333335,0.013452534090691902,0.010808486008930328,,0,0.0
2020-07-17,10637.2,10576.533333333333,10663.866666666665,0.01240778864003456,0.010808486008930328,,0,0.0
2020-07-19,10660.2,10623.6,10695.6,0.012188435036218286,0.010808486008930328,,0,0.0
2020-07-20,10963.0,10657.500000000002,10672.800000000003,0.011531932044641693,0.010808486008930328,,0,0.0
2020-07-21,10887.0,10832.333333333334,11104.666666666668,0.01175691534988234,0.010808486008930328,,0,0.0
2020-07-22,10836.1,10919.0,11039.2,0.011610579498397071,0.010808486008930328,,0,0.0
2020-07-23,10596.3,10846.9,10918.4,0.012755590958726528,0.010808486008930328,,0,0.0
2020-07-24,10478.6,10692.033333333335,10855.866666666669,0.012797974680676007,0.010808486008930328,,0,0.0
2020-07-26,10453.7,10468.933333333334,10621.266666666668,0.012715445476131822,0.010808486008930328,,0,0.0
2020-07-27,10712.2,10476.166666666668,10507.133333333335,0.013793708833994283,0.010808486008930328,,0,0.0
2020-07-28,10577.2,10627.266666666666,10805.733333333334,0.014116028188042046,0.010808486008930328,,0,0.0
2020-07-29,10692.3,10625.766666666666,10723.533333333333,0.013294125967784341,0.010808486008930328,,0,0.0
2020-07-30,10918.6,10644.633333333333,10762.266666666666,0.013910382427939431,0.010808486008930328,,0,0.0
2020-07-31,10932.4,10791.633333333333,11066.966666666667,0.013683306927168156,0.010808486008930328,,0,0.0
2020-08-02,10925.5,10863.0,11021.4,0.013624667957862949,0.010808486008930328,,0,0.0
2020-08-03,11049.6,10920.566666666666,10951.333333333332,0.013732018579423409,0.010808486008930328,,0,0.0
2020-08-04,11087.4,11014.4,11121.4,0.013733780400301905,0.010808486008930328,,0,0.0
2020-08-05,11100.8,11063.833333333334,11131.066666666668,0.01270075652335952,0.010808486008930328,,0,0.0
2020-08-06,11261.2,11109.066666666666,11148.733333333332,0.012962996757029006,0.010808486008930328,,0,0.0
2020-08-07,11140.5,11202.666666666666,11341.733333333332,0.01314723413694654,0.010808486008930328,,0,0.0
2020-08-09,11116.4,11158.9,11273.4,0.012993412464419894,0.010808486008930328,,0,0.0
2020-08-10,11082.8,11115.466666666667,11148.733333333334,0.013033154548179667,0.010808486008930328,,0,0.0
2020-08-11,10931.5,11058.666666666666,11179.533333333333,0.013502615714201915,0.010808486008930328,,0,0.0
2020-08-12,11140.4,10984.1,11113.800000000001,0.012655575570980824,0.010808486008930328,,0,0.0
2020-08-13,11212.8,11074.066666666666,11260.133333333331,0.012575371242174137,0.010808486008930328,,0,0.0
2020-08-14,11153.6,11196.733333333332,11290.266666666663,0.012591834405751505,0.010808486008930328,,0,0.0
2020-08-16,11168.6,11167.466666666667,11231.133333333335,0.011299031453032524,0.010808486008930328,,0,0.0
2020-08-17,11311.8,11165.699999999999,11174.499999999998,0.011024267187349612,0.010808486008930328,,0,0.0
2020-08-18,11420.2,11263.0,11364.6,0.010990760313744208,0.010808486008930328,,0,0.0
2020-08-19,11293.8,11373.133333333333,11470.266666666666,0.010421187350646772,0.010790893260592977,,0,0.0
2020-08-20,11503.2,11341.133333333331,11394.266666666663,0.010341022843590519,0.010776099399483274,,0,0.0
2020-08-21,11568.0,11411.6,11597.400000000001,0.010230016001159416,0.01077121777387079,,0,0.0
2020-08-23,11587.4,11518.533333333333,11626.266666666666,0.009403037045999254,0.010760267038386843,,0,0.0
2020-08-24,11650.2,11586.6,11597.0,0.009408131585192367,0.01071431540548469,,0,0.0
2020-08-25,11750.6,11636.133333333333,11740.066666666666,0.009435799938613664,0.010627272233495844,,0,0.0
2020-08-26,11970.2,11695.466666666667,11812.133333333335,0.0098811947721448,0.010519627081504106,,0,0.0
2020-08-27,11972.2,11901.866666666669,12073.133333333337,0.009918908649721656,0.01044484557413718,,0,0.0
2020-08-28,12002.8,11952.733333333332,12068.066666666664,0.009904282769904888,0.010423692455693984,,0,0.0
2020-08-30,12050.8,11982.066666666666,12041.333333333332,0.00959253938437862,0.010411895300418014,,0,0.0
2020-08-31,12127.4,12034.199999999999,12067.999999999998,0.009008391268016155,0.010395877879352726,,0,0.0
2020-09-01,12361.8,12095.333333333334,12199.066666666668,0.009467996403301331,0.010365087676053356,,0,0.0
2020-09-02,12422.2,12284.333333333334,12441.266666666668,0.009262122193166421,0.010320639730381158,,0,0.0
2020-09-03,11600.8,12354.266666666668,12534.533333333336,0.018184529390003184,0.010320639730381158,,0,0.0
2020-09-04,11540.3,11868.4,12154.199999999999,0.017870801420004297,0.010320639730381158,,0,0.0
2020-09-06,11417.2,11508.5,11874.6,0.018050706855290217,0.010365087676053356,,0,0.0
2020-09-07,11559.0,11424.333333333334,11540.266666666668,0.018156928065647768,0.010395877879352726,,0,0.0
2020-09-08,11041.0,11505.133333333333,11638.466666666667,0.02095557000264569,0.010395877879352726,,0,0.0
2020-09-09,11443.9,11184.6,11433.0,0.022360458815680603,0.010395877879352726,,0,0.0
2020-09-10,11202.5,11320.033333333333,11602.466666666665,0.022776300095552975,0.010395877879352726,,0,0.0
2020-09-11,11071.2,11285.699999999999,11482.999999999998,0.022792379429633382,0.010395877879352726,,0,0.0
2020-09-13,11184.8,11121.366666666669,11305.233333333337,0.022496950565740397,0.010395877879352726,,0,0.0
2020-09-14,11298.0,11160.933333333334,11218.866666666669,0.022590422311582842,0.010395877879352726,,0,0.0
2020-09-15,11436.8,11273.433333333334,11384.966666666669,0.022778668464143732,0.010395877879352726,,0,0.0
2020-09-16,11285.6,11392.933333333334,11538.866666666669,0.022908905304288033,0.010395877879352726,,0,0.0
2020-09-17,11087.2,11358.866666666667,11476.933333333334,0.023058417477702046,0.010395877879352726,,0,0.0
2020-09-18,10953.6,11099.566666666666,11277.733333333332,0.022581191727677634,0.010395877879352726,,0,0.0
2020-09-20,10948.3,10964.666666666666,11169.133333333331,0.022575063617036543,0.010405169929581484,,0,0.0
2020-09-21,11029.2,10933.233333333332,10997.466666666664,0.0226769823413837,0.010405169929581484,,0,0.0
2020-09-22,11137.2,10912.0,11150.6,0.022820693330077555,0.010405169929581484,,0,0.0
2020-09-23,10765.9,11086.4,11258.199999999999,0.02361407998630803,0.010423692455693984,,0,0.0
2020-09-24,10968.0,10915.466666666667,11088.833333333334,0.02358341873048905,0.01044484557413718,,0,0.0
2020-09-25,11148.8,10891.4,11104.8,0.02399627225960684,0.010519627081504106,,0,0.0
2020-09-27,11175.7,11054.199999999999,11277.399999999998,0.01924947006567138,0.010627272233495844,,0,0.0
2020-09-28,11434.4,11179.700000000003,11193.200000000004,0.020005876800894544,0.01071431540548469,,0,0.0
2020-09-29,11356.0,11343.466666666667,11529.333333333334,0.019919605030818664,0.010760267038386843,,0,0.0
2020-09-30,11457.6,11375.333333333334,11445.066666666668,0.019819797730265494,0.01077121777387079,,0,0.0
2020-10-01,11585.9,11394.266666666668,11604.933333333336,0.016939892755912945,0.010786542251530334,,0,0.0
2020-10-02,11269.8,11543.166666666666,11661.933333333332,0.01620042443164612,0.010808486008930328,,0,0.0
2020-10-04,11347.4,11365.0,11509.2,0.015535671144068295,0.010817735825220415,,0,0.0
2020-10-05,11449.6,11331.933333333334,11367.666666666668,0.015349641795017918,0.010833182500601389,,0,0.0
2020-10-06,11270.4,11415.199999999999,11546.999999999998,0.01568727526852146,0.010850450370702636,,0,0.0
2020-10-07,11515.2,11340.533333333333,11468.666666666666,0.01626551390934648,0.010856954632316786,,0,0.0
2020-10-08,11593.6,11431.266666666668,11604.533333333336,0.01611229425515264,0.01086207187465199,,0,0.0
2020-10-09,11741.2,11559.933333333334,11631.666666666668,0.015967658289788612,0.010870913108349995,,0,0.0
2020-10-11,11758.4,11687.066666666666,11807.133333333331,0.015285397160618459,0.010879969046411541,,0,0.0
2020-10-12,12123.4,11745.266666666668,11783.333333333336,0.01606153059352196,0.010884817189777398,,0,0.0
2020-10-13,12129.0,12022.266666666668,12312.133333333337,0.016045269979595638,0.01089771038341463,,0,0.0
2020-10-14,11975.6,12141.800000000001,12250.000000000002,0.016523507769161085,0.01091536478083328,,0,0.0
2020-10-15,11930.1,12027.866666666667,12139.133333333333,0.016563234434045563,0.01093421984960262,,0,0.0
2020-10-16,11810.2,11888.233333333332,12024.466666666664,0.014524686472705325,0.010967184401574587,,0,0.0
2020-10-18,11888.2,11884.333333333334,11961.866666666669,0.014156136942890024,0.010989457372932018,,0,0.0
2020-10-19,11730.8,11875.4,11915.599999999999,0.01434998925199704,0.01100751375054691,,0,0.0
2020-10-20,11719.6,11767.933333333334,11927.266666666668,0.014372598214968325,0.01103983727793758,,0,0.0
2020-10-21,11641.2,11713.800000000001,11813.200000000003,0.013644066835048273,0.011062621774133485,,0,0.0
2020-10-22,11679.8,11678.866666666669,11756.733333333337,0.013525459007433424,0.011073171080241095,,0,0.0
2020-10-23,11684.8,11648.6,11770.400000000001,0.013412047826157306,0.011082744124937871,,0,0.0
2020-10-25,11642.6,11652.799999999997,11738.799999999996,0.01323091202583304,0.011094221453114502,,0,0.0
2020-10-26,11505.0,11628.433333333334,11668.366666666669,0.011919288499641838,0.011112516748241083,,0,0.0
2020-10-27,11553.4,11524.933333333334,11690.666666666668,0.01186578673342671,0.011133999985410363,,0,0.0
2020-10-28,11203.6,11563.466666666667,11628.133333333335,0.013590777493852454,0.011161200282660107,,0,0.0
2020-10-29,11227.9,11308.266666666665,11477.13333333333,0.013156753585893454,0.01120031207844473,,0,0.0
2020-10-30,11100.8,11286.366666666667,11413.133333333333,0.012319476713077693,0.01123571419549402,,0,0.0
2020-11-01,11013.1,11118.4,11277.4,0.012219752402017484,0.011263353567761914,,0,0.0
2020-11-02,11103.0,11031.099999999999,11064.799999999997,0.011960120556702042,0.011275952247741802,,0,0.0
2020-11-03,11332.8,11095.333333333334,11233.266666666668,0.01303901192481616,0.011287503250489252,,0,0.0
2020-11-04,11808.9,11258.733333333332,11435.866666666663,0.01462557799957182,0.011317239129613337,,0,0.0
2020-11-05,12078.2,11637.633333333333,12029.466666666667,0.015582235715350655,0.011337978186376987,,0,0.0
2020-11-06,12104.4,11998.166666666666,12211.533333333333,0.015303794418703115,0.011391673054837313,,0,0.0
2020-11-08,12243.5,12034.366666666667,12188.833333333334,0.015451301554655711,0.011449629309939237,,0,0.0
2020-11-09,11864.6,12214.466666666667,12296.333333333334,0.016905179175505502,0.0114597034962353,,0,0.0
2020-11-10,11607.6,12035.266666666665,12247.73333333333,0.017526209515759523,0.011463968723888947,,0,0.0
2020-11-11,11906.8,11674.666666666666,11836.133333333331,0.018254034892237463,0.011465503780304283,,0,0.0
2020-11-12,11860.6,11806.4,12027.4,0.018281401430596027,0.01147180420173546,,0,0.0
2020-11-13,11953.8,11876.866666666667,11967.933333333334,0.01825894280674157,0.01148430577562884,,0,0.0
2020-11-15,12054.6,11908.199999999999,12006.399999999998,0.01832170137677995,0.011491170118511987,,0,0.0
2020-11-16,12058.8,12033.466666666667,12093.733333333334,0.018322010205543294,0.011501136321719134,,0,0.0
2020-11-17,11986.4,12004.799999999997,12148.599999999995,0.018366512989795886,0.011521461313690173,,0,0.0
2020-11-18,11890.2,12006.066666666668,12046.933333333334,0.018239634981732537,0.011571255771519382,,0,0.0
2020-11-19,11947.6,11932.933333333334,11993.666666666668,0.018244462669514773,0.011641454896222744,,0,0.0
2020-11-20,11917.6,11923.366666666667,12032.833333333334,0.016659798230455512,0.011684294513165107,,0,0.0
2020-11-22,11941.2,11943.333333333334,12003.866666666669,0.01666048110051289,0.011713838034896246,,0,0.0
2020-11-23,11963.0,11931.866666666669,11953.933333333338,0.016312524894890996,0.01174416634369652,,0,0.0
2020-11-24,12136.2,11931.0,12043.4,0.01622975646855559,0.011757164298764479,,0,0.0
2020-11-25,12189.8,12052.133333333333,12221.266666666666,0.016212838951184288,0.011807729093536721,,0,0.0
2020-11-26,12164.6,12157.799999999997,12227.799999999996,0.01583300557137697,0.011861915836426769,,0,0.0
2020-11-27,12283.2,12177.866666666667,12219.333333333334,0.013134236156482256,0.011888512574189953,,0,0.0
2020-11-29,12326.4,12248.733333333332,12351.266666666663,0.012205612796941016,0.011915263457297518,,0,0.0
2020-11-30,12354.2,12326.866666666667,12345.333333333334,0.012206029248662629,0.011921318657674429,,0,0.0
2020-12-01,12455.8,12268.066666666666,12440.733333333332,0.01208073585449597,0.011937457559053035,,0,0.0
2020-12-02,12469.0,12437.066666666666,12534.93333333333,0.009474655902089613,0.011937457559053035,,0,0.0
2020-12-03,12488.2,12424.9,12532.099999999999,0.007589718334071443,0.011937457559053035,,0,0.0
2020-12-04,12511.4,12492.266666666668,12538.333333333336,0.005531845040189716,0.011937457559053035,,0,0.0
2020-12-06,12547.2,12499.933333333334,12549.06666666667,0.005324504532070266,0.011937457559053035,,0,0.0
2020-12-07,12594.4,12551.4,12571.599999999999,0.005198254867976753,0.011937457559053035,,0,0.0
2020-12-08,12649.8,12561.733333333335,12646.86666666667,0.005036876125491155,0.011937457559053035,,0,0.0
2020-12-09,12364.8,12610.133333333331,12715.866666666663,0.0075194000761320615,0.011937457559053035,,0,0.0
2020-12-10,12405.4,12446.733333333332,12585.066666666664,0.007330247404853309,0.011937457559053035,,0,0.0
2020-12-11,12371.0,12358.533333333333,12497.066666666666,0.0070505001984328495,0.011937457559053035,,0,0.0
2020-12-13,12417.6,12340.800000000001,12445.600000000002,0.00703213971699613,0.011937457559053035,,0,0.0
2020-12-14,12473.1,12420.6,12438.2,0.006971799910786921,0.011937457559053035,,0,0.0
2020-12-15,12589.4,12467.966666666667,12548.533333333335,0.007145102993386885,0.011937457559053035,,0,0.0
2020-12-16,12678.6,12536.066666666668,12655.933333333334,0.007208862919828236,0.011937457559053035,,0,0.0
2020-12-17,12746.4,12647.866666666667,12729.733333333334,0.006711259273091379,0.011937457559053035,,0,0.0
2020-12-18,12748.7,12726.066666666666,12784.133333333331,0.006713684523611889,0.011937457559053035,,0,0.0
2020-12-20,12748.4,12714.366666666669,12819.533333333336,0.006659598715997322,0.011937457559053035,,0,0.0
2020-12-21,12703.6,12750.866666666667,12777.933333333334,0.006545246834653435,0.011921318657674429,,0,0.0
2020-12-22,12725.8,12646.466666666667,12831.133333333335,0.00653140346253724,0.011915263457297518,,0,0.0
2020-12-23,12663.4,12694.199999999999,12792.999999999998,0.006688792982926174,0.011888512574189953,,0,0.0
2020-12-24,12711.2,12679.333333333334,12727.266666666668,0.006516701193293114,0.011861915836426769,,0,0.0
2020-12-27,12745.2,12694.799999999997,12750.799999999996,0.0065270129398173156,0.011807480144654582,,0,0.0
2020-12-28,12866.4,12730.4,12776.4,0.006792112880527452,0.01174416634369652,,0,0.0
2020-12-29,12861.4,12823.733333333332,12911.466666666664,0.006804707909654598,0.011713838034896246,,0,0.0
2020-12-30,12865.8,12872.933333333334,12921.06666666667,0.00679959916457177,0.011684294513165107,,0,0.0
2020-12-31,12901.0,12876.0,12915.4,0.0067837167535735945,0.011641454896222744,,0,0.0
2021-01-03,12878.6,12875.0,12937.4,0.006771366628531096,0.011571255771519382,,0,0.0
2021-01-04,12689.2,12888.4,12909.0,0.005440708171003888,0.011521461313690173,,0,0.0
2021-01-05,12809.6,12733.266666666668,12929.733333333337,0.00572847615403942,0.011521461313690173,,0,0.0
2021-01-06,12686.8,12753.166666666666,12879.533333333333,0.006187685117201928,0.011521461313690173,,0,0.0
2021-01-07,12952.8,12683.6,12861.2,0.007588328766342279,0.011521461313690173,,0,0.0
2021-01-08,13137.8,12865.466666666665,13060.133333333331,0.00805012738201324,0.011521461313690173,,0,0.0
2021-01-10,13096.6,13072.6,13203.800000000001,0.00798670115848968,0.011521461313690173,,0,0.0
2021-01-11,12937.1,13100.199999999999,13115.399999999998,0.008487922486472602,0.011521461313690173,,0,0.0
2021-01-12,12911.3,12977.633333333333,13069.066666666666,0.008450674347903716,0.011501136321719134,,0,0.0
2021-01-13,12984.8,12888.5,12995.6,0.008523214100215688,0.011501136321719134,,0,0.0
2021-01-14,12932.8,12945.4,13056.199999999999,0.008593405163712193,0.011501136321719134,,0,0.0
2021-01-15,12774.7,12957.4,13018.8,0.009030677510060777,0.011491170118511987,,0,0.0
2021-01-17,12761.4,12826.233333333332,12893.866666666663,0.009028968013640826,0.011491170118511987,,0,0.0
2021-01-18,12847.2,12773.800000000001,12798.200000000003,0.009058807417521514,0.011491170118511987,,0,0.0
2021-01-19,13065.6,12813.200000000003,12884.000000000005,0.009747023812677766,0.011491170118511987,,0,0.0
2021-01-20,13329.8,12993.733333333332,13140.866666666663,0.010616679536278822,0.011491170118511987,,0,0.0
2021-01-21,13399.2,13234.933333333334,13436.666666666668,0.010505871610981956,0.011491170118511987,,0,0.0
2021-01-22,13368.5,13378.6,13459.0,0.010537994753861003,0.011491170118511987,,0,0.0
2021-01-24,13413.0,13365.033333333333,13414.466666666665,0.010534605230598333,0.011491170118511987,,0,0.0
2021-01-25,13478.6,13408.066666666666,13427.733333333332,0.010552055046467888,0.011491170118511987,,0,0.0
2021-01-26,13576.2,13417.866666666667,13630.133333333333,0.010564717279406945,0.011491170118511987,,0,0.0
2021-01-27,12995.1,13529.566666666666,13662.233333333332,0.01423183745923174,0.011501136321719134,,0,0.0
2021-01-28,13151.1,13161.6,13422.1,0.014318987030903622,0.011521461313690173,,0,0.0
2021-01-29,12887.0,13161.166666666666,13399.733333333332,0.014922977081657275,0.011571255771519382,,0,0.0
2021-01-31,12808.9,12971.066666666666,13096.93333333333,0.014216238758141488,0.011653419115339434,,0,0.0
2021-02-01,13276.4,12809.166666666666,12875.933333333332,0.016163408092295946,0.011713838034896246,,0,0.0
2021-02-02,13502.9,13121.766666666668,13445.033333333336,0.016540937414016823,0.01174416634369652,,0,0.0
2021-02-03,13456.4,13424.400000000001,13602.200000000003,0.01626941466227083,0.011807480144654582,,0,0.0
2021-02-04,13563.8,13485.699999999999,13569.399999999998,0.016290314332242813,0.011861915836426769,,0,0.0
2021-02-05,13614.8,13501.0,13643.6,0.01627669762302552,0.011888512574189953,,0,0.0
2021-02-07,13649.0,13597.733333333332,13665.666666666664,0.01620473551115719,0.011915263457297518,,0,0.0
2021-02-08,13692.0,13640.133333333333,13664.666666666666,0.0158132118328743,0.011921318657674429,,0,0.0
2021-02-09,13698.8,13669.033333333333,13730.466666666665,0.015793220304540157,0.01194173468620453,,0,0.0
2021-02-10,13664.0,13696.4,13748.0,0.015834738242066708,0.011986734604887328,,0,0.0
2021-02-11,13740.6,13657.133333333333,13786.466666666667,0.015514087920723762,0.012047042253784293,,0,0.0
2021-02-12,13829.0,13705.666666666666,13787.933333333332,0.01498904391696594,0.01208121559027059,,0,0.0
2021-02-14,13835.0,13771.199999999999,13886.799999999997,0.014972411322968029,0.012135065181131749,,0,0.0
2021-02-15,13867.2,13835.733333333332,13851.866666666663,0.014943058273135875,0.01218885674745902,,0,0.0
2021-02-16,13737.5,13862.4,13892.4,0.015148668726550277,0.012196497757931475,,0,0.0
2021-02-17,13709.0,13791.166666666666,13856.133333333331,0.015141975120643391,0.012204664927052106,,0,0.0
2021-02-18,13622.6,13683.266666666668,13816.933333333336,0.015149010657373195,0.012205821022801822,,0,0.0
2021-02-19,13577.4,13608.466666666667,13742.533333333335,0.01133044496181459,0.012205821022801822,,0,0.0
2021-02-21,13598.4,13618.066666666666,13694.733333333332,0.011095684176152715,0.012205821022801822,,0,0.0
2021-02-22,13234.8,13592.800000000001,13630.600000000002,0.011858076657323153,0.012205821022801822,,0,0.0
2021-02-23,13175.8,13363.866666666667,13505.933333333334,0.011810342495579468,0.012205821022801822,,0,0.0
2021-02-24,13334.0,13094.133333333331,13423.866666666663,0.00889915531920791,0.012205821022801822,,0,0.0
2021-02-25,12784.8,13214.466666666667,13463.933333333334,0.01207450597886773,0.012205821022801822,,0,0.0
2021-02-26,12913.6,12969.200000000003,13175.200000000004,0.012402130245834154,0.012212890825340057,,0,0.0
2021-02-28,13009.8,12892.466666666667,13116.133333333335,0.012380194126497983,0.012231565928134836,,0,0.0
2021-03-01,13323.8,12991.933333333334,13031.06666666667,0.013652855178185607,0.012251688624073838,,0,0.0
2021-03-02,13099.4,13220.4,13437.199999999999,0.014071066936492207,0.012289737253486591,,0,0.0
2021-03-03,12596.8,13161.6,13269.2,0.016182095682893118,0.012349835419787838,,0,0.0
2021-03-04,12409.6,12794.933333333334,12997.866666666669,0.01631960167963105,0.01239116218616607,,0,0.0
2021-03-05,12658.4,12506.6,12703.2,0.017240067852469308,0.012404959442934356,,0,0.0
2021-03-07,12673.7,12523.133333333333,12835.666666666666,0.017143284854239913,0.012473474228711973,,0,0.0
2021-03-08,12373.8,12699.033333333335,12738.06666666667,0.017506317244722788,0.012557265529781762,,0,0.0
2021-03-09,12812.6,12459.433333333334,12632.966666666669,0.019731146708566204,0.012583602823962821,,0,0.0
2021-03-10,12772.4,12670.466666666667,13012.133333333335,0.019681858691057298,0.012623704988366164,,0,0.0
2021-03-11,13070.7,12824.833333333334,12943.066666666668,0.020546432349768894,0.012668228396729077,,0,0.0
2021-03-12,12935.8,12972.633333333333,13219.066666666666,0.020624617090218927,0.012690818872918425,,0,0.0
2021-03-14,12961.0,12933.333333333334,13097.466666666667,0.020631185789421923,0.012708100999745672,,0,0.0
2021-03-15,13063.8,12953.633333333333,12984.166666666666,0.02075446239003856,0.012708100999745672,,0,0.0
2021-03-16,13160.2,13011.933333333334,13151.06666666667,0.02084357119863849,0.012708100999745672,,0,0.0
2021-03-17,13240.0,13171.333333333334,13285.866666666669,0.020021566120521275,0.012708100999745672,,0,0.0
2021-03-18,12801.4,13158.0,13368.6,0.021355307865833614,0.012708100999745672,,0,0.0
2021-03-19,12846.0,12955.933333333334,13130.06666666667,0.021161587294748783,0.012708100999745672,,0,0.0
2021-03-21,12881.4,12820.666666666666,12941.333333333332,0.01901233039670989,0.012708100999745672,,0,0.0
2021-03-22,13103.8,12859.966666666667,12911.233333333334,0.019268216602223335,0.012708100999745672,,0,0.0
2021-03-23,13046.8,13039.4,13239.199999999999,0.019238012158785556,0.012708100999745672,,0,0.0
2021-03-24,12823.0,13077.933333333334,13158.666666666668,0.01875702381138235,0.012708100999745672,,0,0.0
2021-03-25,12819.0,12928.466666666667,13057.333333333334,0.01841795206688129,0.012708100999745672,,0,0.0
2021-03-26,12977.6,12774.800000000001,12921.600000000002,0.01636868109118967,0.012708100999745672,,0,0.0
2021-03-28,12938.2,12892.733333333332,13091.266666666663,0.015950361363865986,0.012708100999745672,,0,0.0
2021-03-29,12995.6,12952.733333333332,12971.866666666663,0.015403975450243827,0.012708100999745672,,0,0.0
2021-03-30,12913.5,12947.199999999999,13068.999999999998,0.015501241209375785,0.012708100999745672,,0,0.0
2021-03-31,13140.0,12901.233333333332,13008.066666666664,0.014764147821828794,0.012708100999745672,,0,0.0
2021-04-01,13363.8,13064.933333333334,13250.866666666669,0.013122653897745395,0.012708100999745672,,0,0.0
2021-04-02,13366.6,13284.6,13446.6,0.013072376360985528,0.012708100999745672,,0,0.0
2021-04-04,13368.4,13378.866666666667,13398.133333333333,0.01210470027503706,0.012690818872918425,,0,0.0
2021-04-05,13631.8,13354.0,13386.8,0.01245774457954962,0.012668228396729077,,0,0.0
2021-04-06,13609.6,13532.466666666665,13736.73333333333,0.012494692304047414,0.012623704988366164,,0,0.0
2021-04-07,13653.8,13606.066666666666,13672.533333333331,0.012431644216373688,0.012583602823962821,,0,0.0
2021-04-08,13817.0,13616.933333333334,13705.466666666669,0.012571560550141952,0.012573465896158044,,0,0.0
2021-04-09,13825.2,13759.666666666666,13874.533333333333,0.012549745367444996,0.012560652958793474,,0,0.0
2021-04-11,13794.0,13781.766666666668,13899.533333333336,0.009498406519633431,0.012544452592417191,,0,0.0
2021-04-12,13832.2,13810.4,13830.599999999999,0.00950093705094074,0.0125169260607184,,0,0.0
2021-04-13,13981.6,13809.200000000003,13871.200000000004,0.009626204542321194,0.012476218441798517,,0,0.0
2021-04-14,13826.2,13926.133333333333,14064.266666666666,0.009682729139436214,0.012444694397961654,,0,0.0
2021-04-15,14025.4,13885.733333333332,13983.866666666663,0.009867416145883087,0.012419716428204124,,0,0.0
2021-04-16,14043.2,13959.333333333334,14114.466666666667,0.008599751933053611,0.012419716428204124,,0,0.0
2021-04-18,14006.4,14028.133333333331,14088.866666666663,0.00868409095021153,0.012419716428204124,,0,0.0
2021-04-19,13933.6,14006.466666666667,14021.133333333335,0.008731683619116018,0.012419716428204124,,0,0.0
2021-04-20,13761.0,13946.133333333333,14055.266666666666,0.009335046855264713,0.012419716428204124,,0,0.0
2021-04-21,13899.6,13815.066666666666,13894.93333333333,0.009460804618460628,0.012419716428204124,,0,0.0
2021-04-22,13774.8,13852.733333333332,13989.066666666664,0.009622157843700727,0.012419716428204124,,0,0.0
2021-04-23,13921.2,13817.199999999999,13916.999999999998,0.009197714201298732,0.012419716428204124,,0,0.0
2021-04-25,13925.4,13890.4,14027.199999999999,0.008588452340353204,0.012419716428204124,,0,0.0
2021-04-26,14043.2,13930.266666666668,13937.933333333336,0.008690621349210116,0.012419716428204124,,0,0.0
2021-04-27,13978.6,13992.666666666666,14103.733333333332,0.008822162122080458,0.012419716428204124,,0,0.0
2021-04-28,13987.2,13990.6,14053.0,0.007811681937278586,0.012419716428204124,,0,0.0
2021-04-29,13931.0,13963.1,14032.400000000001,0.007877093739277405,0.012419716428204124,,0,0.0
2021-04-30,13880.1,13947.800000000001,14062.000000000002,0.007933501658263516,0.012419716428204124,,0,0.0
2021-05-02,13894.8,13895.566666666666,13956.333333333332,0.007492993729171661,0.012419716428204124,,0,0.0
2021-05-03,13784.6,13895.066666666666,13903.333333333332,0.007715026128348697,0.012419716428204124,,0,0.0
2021-05-04,13540.2,13841.666666666666,13905.533333333333,0.008658798107575505,0.012419716428204124,,0,0.0
2021-05-05,13513.6,13576.200000000003,13756.400000000005,0.008618038271643771,0.012419716428204124,,0,0.0
2021-05-06,13622.6,13557.333333333334,13636.666666666668,0.008438605410359403,0.012419716428204124,,0,0.0
2021-05-07,13727.4,13552.033333333333,13701.466666666665,0.008330575850378226,0.012419716428204124,,0,0.0
2021-05-09,13750.4,13718.266666666668,13837.133333333337,0.007599897960915403,0.012419716428204124,,0,0.0
2021-05-10,13345.4,13744.066666666666,13763.333333333332,0.009886213945178511,0.012419716428204124,,0,0.0
2021-05-11,13348.2,13475.133333333333,13633.066666666666,0.009904612027799268,0.012419716428204124,,0,0.0
2021-05-12,13025.8,13270.533333333335,13464.466666666669,0.011033368810883154,0.012419716428204124,,0,0.0
2021-05-13,13120.4,13119.533333333335,13268.466666666669,0.011056858002277353,0.012419716428204124,,0,0.0
2021-05-14,13407.4,13093.133333333333,13260.866666666667,0.012025666592186443,0.012419716428204124,,0,0.0
2021-05-16,13402.4,13318.6,13523.6,0.011906090038487891,0.012419716428204124,,0,0.0
2021-05-17,13338.4,13414.866666666667,13444.133333333333,0.011587719221614421,0.012419716428204124,,0,0.0
2021-05-18,13176.0,13312.4,13433.0,0.011787358877608444,0.012419716428204124,,0,0.0
2021-05-19,13191.0,13263.333333333334,13353.466666666667,0.011533660248859311,0.012419716428204124,,0,0.0
2021-05-20,13524.8,13133.066666666666,13305.93333333333,0.013149093324142179,0.012444694397961654,,0,0.0
2021-05-21,13418.8,13403.0,13649.6,0.013210976929571681,0.012476218441798517,,0,0.0
2021-05-23,13372.0,13464.799999999997,13528.599999999995,0.013207222054446913,0.0125169260607184,,0,0.0
2021-05-24,13663.2,13378.133333333333,13394.466666666667,0.014221085705688856,0.012544452592417191,,0,0.0
2021-05-25,13700.8,13573.733333333332,13781.466666666664,0.014237079059859737,0.012560652958793474,,0,0.0
2021-05-26,13712.8,13686.200000000003,13759.200000000004,0.01413443416528217,0.012573465896158044,,0,0.0
2021-05-27,13707.6,13703.200000000003,13744.200000000004,0.013518729009696645,0.012583602823962821,,0,0.0
2021-05-28,13692.0,13686.266666666668,13746.933333333336,0.013511411887789775,0.012623704988366164,,0,0.0
2021-05-30,13717.4,13709.333333333334,13750.866666666669,0.013405197678509593,0.012668228396729077,,0,0.0
2021-05-31,13691.2,13714.466666666667,13727.133333333335,0.013303033201698442,0.012690818872918425,,0,0.0
2021-06-01,13638.2,13690.266666666668,13723.733333333337,0.013323015621199658,0.012708100999745672,,0,0.0
2021-06-02,13689.0,13671.066666666666,13744.533333333331,0.011437345972697894,0.012708100999745672,,0,0.0
2021-06-03,13505.6,13670.733333333332,13734.466666666664,0.011902976701991804,0.012708100999745672,,0,0.0
2021-06-04,13766.8,13559.933333333334,13655.266666666668,0.011076740241688589,0.012708100999745672,,0,0.0
2021-06-06,13769.4,13674.333333333334,13878.466666666667,0.011040566337680335,0.012708100999745672,,0,0.0
2021-06-07,13824.8,13774.300000000001,13780.000000000002,0.010068437268278357,0.012708100999745672,,0,0.0
2021-06-08,13820.0,13784.933333333334,13876.266666666668,0.010068176035166979,0.012708100999745672,,0,0.0
2021-06-09,13816.8,13827.800000000001,13911.200000000003,0.009967915013803981,0.012708100999745672,,0,0.0
2021-06-10,13969.2,13843.933333333334,13878.866666666669,0.009597995844324001,0.012708100999745672,,0,0.0
2021-06-11,13993.2,13892.466666666667,14056.333333333334,0.00959304639157593,0.012708100999745672,,0,0.0
2021-06-13,14019.2,13975.466666666667,14016.933333333334,0.008028824885404379,0.012708100999745672,,0,0.0
2021-06-14,14114.8,14014.866666666669,14028.933333333338,0.00776481058556578,0.012708100999745672,,0,0.0
2021-06-15,14040.6,14071.4,14177.0,0.007846979614173492,0.012708100999745672,,0,0.0
2021-06-16,13898.0,14071.133333333333,14132.466666666667,0.006904257917456633,0.012708100999745672,,0,0.0
2021-06-17,14189.6,13948.666666666666,14055.933333333332,0.00823931939528785,0.012708100999745672,,0,0.0
2021-06-18,14032.8,14085.066666666666,14317.133333333331,0.008725888688206805,0.012708100999745672,,0,0.0
2021-06-20,14053.8,14091.733333333332,14159.266666666663,0.008718211347092567,0.012708100999745672,,0,0.0
2021-06-21,14151.8,14050.333333333334,14066.066666666668,0.008788002468398204,0.012708100999745672,,0,0.0
2021-06-22,14290.6,14097.200000000003,14220.200000000004,0.008973855866099228,0.012708100999745672,,0,0.0
2021-06-23,14304.0,14223.533333333333,14363.266666666666,0.008929581504293299,0.012708100999745672,,0,0.0
2021-06-24,14364.6,14295.866666666667,14341.733333333334,0.008821435359129211,0.012708100999745672,,0,0.0
2021-06-25,14348.2,14369.133333333333,14435.266666666666,0.008856833055800376,0.012708100999745672,,0,0.0
2021-06-27,14372.6,14363.733333333332,14396.266666666663,0.008046609002165703,0.012708100999745672,,0,0.0
2021-06-28,14509.4,14370.733333333332,14385.666666666664,0.007268346997708614,0.012708100999745672,,0,0.0
2021-06-29,14604.0,14466.066666666668,14580.533333333335,0.007293098618314601,0.012708100999745672,,0,0.0
2021-06-30,14577.0,14565.4,14644.599999999999,0.00736637142823396,0.012708100999745672,,0,0.0
2021-07-01,14548.4,14575.199999999999,14615.999999999998,0.007409997486488889,0.012708100999745672,,0,0.0
2021-07-02,14716.6,14552.466666666667,14617.933333333334,0.007638710097617563,0.012708100999745672,,0,0.0
2021-07-04,14729.6,14663.199999999999,14797.399999999998,0.007424342091085385,0.012708100999745672,,0,0.0
2021-07-05,14728.4,14728.666666666666,14737.733333333332,0.007447479299757146,0.012708100999745672,,0,0.0
2021-07-06,14778.8,14717.466666666667,14744.533333333335,0.007447601771390989,0.012708100999745672,,0,0.0
2021-07-07,14825.6,14740.733333333332,14841.866666666663,0.007384969960438637,0.012708100999745672,,0,0.0
2021-07-08,14707.0,14821.266666666668,14901.933333333336,0.007559711012580123,0.012708100999745672,,0,0.0
2021-07-09,14828.4,14699.933333333334,14843.866666666669,0.007061419022952546,0.012708100999745672,,0,0.0
2021-07-11,14844.4,14776.933333333334,14897.866666666669,0.005706235472058524,0.012708100999745672,,0,0.0
2021-07-12,14895.4,14846.400000000001,14855.600000000002,0.004768260017023155,0.012708100999745672,,0,0.0
2021-07-13,14860.0,14866.333333333334,14932.266666666668,0.004909019864710531,0.012708100999745672,,0,0.0
2021-07-14,14919.6,14893.0,14976.4,0.0048205054135654676,0.012708100999745672,,0,0.0
2021-07-15,14771.8,14929.199999999999,15001.599999999999,0.005275303164497131,0.012708100999745672,,0,0.0
2021-07-16,14684.0,14824.333333333334,14925.066666666668,0.005543225166227835,0.012708100999745672,,0,0.0
2021-07-18,14658.8,14747.199999999999,14821.399999999998,0.005538553444031612,0.012708100999745672,,0,0.0
2021-07-19,14605.6,14661.466666666665,14695.133333333331,0.005617231360423081,0.012708100999745672,,0,0.0
2021-07-20,14759.0,14583.0,14705.4,0.006013731532642975,0.012708100999745672,,0,0.0
2021-07-21,14851.8,14696.4,14860.4,0.005823002699148182,0.012708100999745672,,0,0.0
2021-07-22,14986.6,14799.0,14913.8,0.005972460282627349,0.012708100999745672,,0,0.0
2021-07-23,15107.0,14943.800000000001,15042.600000000002,0.006104648895758656,0.012708100999745672,,0,0.0
2021-07-25,15136.6,15063.066666666666,15176.533333333331,0.006039925094910425,0.012708100999745672,,0,0.0
2021-07-26,15127.6,15128.566666666666,15149.033333333331,0.005624573284641682,0.012708100999745672,,0,0.0
2021-07-27,14935.8,15110.133333333333,15166.066666666666,0.006446728637369215,0.012708100999745672,,0,0.0
2021-07-28,15003.8,14957.333333333334,15124.866666666669,0.00649965837118427,0.012708100999745672,,0,0.0
2021-07-29,14885.2,15000.6,15092.6,0.006760852282912663,0.012708100999745672,,0,0.0
2021-07-30,14979.6,14953.466666666665,15030.133333333331,0.006866181009967191,0.012708100999745672,,0,0.0
2021-08-01,15017.0,14933.333333333334,15040.466666666667,0.006574089005073554,0.012708100999745672,,0,0.0
2021-08-02,14976.4,15009.466666666667,15034.133333333335,0.006397540954095836,0.012708100999745672,,0,0.0
2021-08-03,15047.2,14998.333333333334,15049.066666666668,0.006466084089635381,0.012708100999745672,,0,0.0
2021-08-04,15099.0,14993.333333333334,15120.666666666668,0.0064662371441381785,0.012708100999745672,,0,0.0
2021-08-05,15173.4,15079.199999999999,15144.399999999998,0.006489614562577916,0.012708100999745672,,0,0.0
2021-08-06,15105.6,15148.666666666666,15212.133333333331,0.00656352581198633,0.012708100999745672,,0,0.0
2021-08-08,15034.2,15116.199999999999,15171.599999999999,0.006218600564785592,0.012708100999745672,,0,0.0
2021-08-09,15131.0,15051.733333333332,15087.466666666664,0.006117031207179328,0.012708100999745672,,0,0.0
2021-08-10,15047.2,15104.6,15184.2,0.006280909192746669,0.012708100999745672,,0,0.0
2021-08-11,15006.0,15074.6,15142.0,0.006246966054002249,0.012708100999745672,,0,0.0
2021-08-12,15078.2,15037.133333333333,15099.466666666667,0.005930749451840866,0.012708100999745672,,0,0.0
2021-08-13,15132.2,15043.733333333332,15135.266666666663,0.005835964317916014,0.012708100999745672,,0,0.0
2021-08-15,15123.0,15116.733333333332,15167.266666666663,0.005519569050760011,0.012708100999745672,,0,0.0
2021-08-16,15138.8,15123.4,15131.4,0.005228918494977891,0.012708100999745672,,0,0.0
2021-08-17,14963.0,15071.133333333331,15215.666666666662,0.005824177926137331,0.012708100999745672,,0,0.0
2021-08-18,14851.4,15003.333333333334,15100.666666666668,0.006025057788508371,0.012708100999745672,,0,0.0
2021-08-19,14922.4,14902.466666666667,14992.133333333335,0.005468280315132877,0.012708100999745672,,0,0.0
2021-08-20,15100.4,14881.066666666666,15045.733333333332,0.0060150242315910865,0.012708100999745672,,0,0.0
2021-08-22,15112.6,15021.066666666668,15184.533333333335,0.005693539137868533,0.012708100999745672,,0,0.0
2021-08-23,15335.0,15110.933333333334,15127.266666666668,0.0063899286831511385,0.012708100999745672,,0,0.0
2021-08-24,15362.8,15262.199999999999,15415.799999999997,0.006384409400980007,0.012708100999745672,,0,0.0
2021-08-25,15366.4,15355.666666666666,15396.133333333331,0.006324392760269684,0.012708100999745672,,0,0.0
2021-08-26,15283.4,15368.733333333332,15399.466666666664,0.006440405272171734,0.012708100999745672,,0,0.0
2021-08-27,15432.8,15304.466666666667,15348.533333333335,0.0067265449827814275,0.012708100999745672,,0,0.0
2021-08-29,15457.2,15384.0,15497.4,0.006668095906387726,0.012708100999745672,,0,0.0
2021-08-30,15603.0,15449.266666666668,15467.933333333336,0.006797031749497757,0.012708100999745672,,0,0.0
2021-08-31,15601.8,15550.266666666668,15675.333333333336,0.006645520472542956,0.012708100999745672,,0,0.0
2021-09-01,15621.2,15601.866666666669,15681.133333333337,0.006558740507719358,0.012708100999745672,,0,0.0
2021-09-02,15600.0,15635.200000000003,15687.600000000006,0.006382984302215483,0.012708100999745672,,0,0.0
2021-09-03,15657.2,15612.933333333334,15671.466666666669,0.006302163324640766,0.012708100999745672,,0,0.0
2021-09-05,15653.0,15630.6,15706.0,0.006291402392847159,0.012708100999745672,,0,0.0
2021-09-06,15691.0,15657.133333333333,15661.866666666667,0.006280369145990196,0.012708100999745672,,0,0.0
2021-09-07,15664.6,15682.333333333334,15719.466666666667,0.006306893818952506,0.012708100999745672,,0,0.0
2021-09-08,15601.0,15659.466666666667,15709.133333333335,0.0064400959308976565,0.012708100999745672,,0,0.0
2021-09-09,15565.0,15606.466666666667,15687.733333333334,0.005739042416698159,0.012708100999745672,,0,0.0
2021-09-10,15448.8,15596.333333333334,15645.666666666668,0.0057396551966515975,0.012708100999745672,,0,0.0
2021-09-12,15493.2,15517.266666666668,15600.133333333337,0.005706591641354551,0.012708100999745672,,0,0.0
2021-09-13,15451.4,15479.433333333334,15509.766666666668,0.005273772964406355,0.012708100999745672,,0,0.0
2021-09-14,15414.8,15456.199999999999,15560.999999999998,0.005332530013023005,0.012708100999745672,,0,0.0
2021-09-15,15511.4,15432.533333333335,15512.466666666669,0.004450795350853089,0.012708100999745672,,0,0.0
2021-09-16,15494.8,15450.266666666668,15584.933333333336,0.004455498248361282,0.012708100999745672,,0,0.0
2021-09-17,15299.2,15469.0,15569.4,0.005328456596278324,0.012708100999745672,,0,0.0
2021-09-19,15342.4,15377.533333333335,15463.06666666667,0.005222696014746072,0.012708100999745672,,0,0.0
2021-09-20,15046.2,15331.333333333334,15355.666666666668,0.006345709653216438,0.012708100999745672,,0,0.0
2021-09-21,14992.4,15075.666666666666,15325.133333333331,0.006329434256853937,0.012708100999745672,,0,0.0
2021-09-22,15211.2,15052.0,15120.4,0.006880196295415643,0.012708100999745672,,0,0.0
2021-09-23,15324.4,15136.200000000003,15321.600000000006,0.007147777642520949,0.012708100999745672,,0,0.0
2021-09-24,15338.8,15295.466666666667,15395.333333333334,0.007143366737396847,0.012708100999745672,,0,0.0
2021-09-26,15338.0,15296.533333333333,15396.066666666666,0.007144810461023116,0.012708100999745672,,0,0.0
2021-09-27,15188.0,15336.266666666668,15351.333333333336,0.007330411982650117,0.012708100999745672,,0,0.0
2021-09-28,14820.6,15236.933333333334,15369.866666666669,0.00890280759992555,0.012708100999745672,,0,0.0
2021-09-29,14807.6,14931.0,15101.2,0.00883320797412694,0.012708100999745672,,0,0.0
2021-09-30,14733.4,14827.666666666666,14924.533333333333,0.008841289188400589,0.012708100999745672,,0,0.0
2021-10-01,14796.8,14775.199999999999,14860.199999999997,0.008986208071835191,0.012708100999745672,,0,0.0
2021-10-03,14831.6,14729.733333333332,14903.466666666664,0.009054440161569368,0.012708100999745672,,0,0.0
2021-10-04,14501.6,14824.800000000001,14858.600000000002,0.010041899041584054,0.012690818872918425,,0,0.0
2021-10-05,14654.0,14574.0,14763.0,0.010419413261147543,0.012668228396729077,,0,0.0
2021-10-06,14826.0,14617.266666666668,14807.933333333336,0.010910073460009552,0.012623704988366164,,0,0.0
2021-10-07,14941.0,14703.933333333334,14968.06666666667,0.011125202298016008,0.012583602823962821,,0,0.0
2021-10-08,14822.0,14924.4,15033.8,0.01105717278589096,0.012573465896158044,,0,0.0
2021-10-10,14733.4,14880.466666666667,14953.533333333335,0.011084913981845985,0.012560652958793474,,0,0.0
2021-10-11,14701.2,14766.433333333334,14812.06666666667,0.010823725674142038,0.012544452592417191,,0,0.0
2021-10-12,14621.4,14765.0,14849.2,0.010789981699860956,0.0125169260607184,,0,0.0
2021-10-13,14820.6,14674.266666666668,14746.333333333336,0.010576465262990794,0.012476218441798517,,0,0.0
2021-10-14,15087.2,14751.599999999999,14894.799999999997,0.011339689107381321,0.012444694397961654,,0,0.0
2021-10-15,15159.8,14999.799999999997,15180.799999999996,0.01089648264613746,0.012419716428204124,,0,0.0
2021-10-17,15098.0,15119.133333333331,15200.666666666662,0.010779959347507353,0.012404959442934356,,0,0.0
2021-10-18,15308.4,15123.6,15154.2,0.01126408397672532,0.01239116218616607,,0,0.0
2021-10-19,15425.2,15225.666666666666,15396.133333333331,0.011393828610885023,0.012349835419787838,,0,0.0
2021-10-20,15351.8,15387.133333333331,15482.466666666664,0.011212867832769969,0.01228142808366494,,0,0.0
2021-10-21,15408.4,15383.466666666665,15431.133333333331,0.009583863092359205,0.012231565928134836,,0,0.0
2021-10-22,15338.8,15408.733333333332,15499.666666666664,0.009675304063411763,0.012212890825340057,,0,0.0
2021-10-24,15322.0,15369.733333333332,15448.866666666663,0.009569085586858333,0.012205821022801822,,0,0.0
2021-10-25,15555.6,15329.433333333334,15345.966666666669,0.010010144800237283,0.012197445627820385,,0,0.0
2021-10-26,15576.4,15479.666666666666,15637.733333333332,0.010013779418367102,0.01218885674745902,,0,0.0
2021-10-27,15642.2,15604.333333333334,15689.066666666668,0.008145358005363791,0.012146567655627674,,0,0.0
2021-10-28,15687.6,15633.200000000003,15742.600000000006,0.007992950763183184,0.012092718064766514,,0,0.0
2021-10-29,15878.6,15696.066666666666,15784.133333333331,0.008017422099345379,0.01207762091668185,,0,0.0
2021-10-31,15895.4,15789.933333333334,15968.666666666668,0.007968503918865295,0.012050086285527086,,0,0.0
2021-11-01,15890.8,15891.933333333334,15912.866666666669,0.007581440358344285,0.011992893574444243,,0,0.0
2021-11-02,15958.2,15868.200000000003,15952.200000000004,0.007244931435360564,0.011939704528171939,,0,0.0
2021-11-03,16199.4,15939.533333333335,16013.866666666669,0.007492854223024049,0.011912689269064865,,0,0.0
2021-11-04,16351.4,16116.933333333334,16283.06666666667,0.007143099283654002,0.011904533370239848,,0,0.0
2021-11-05,16356.0,16302.466666666667,16438.733333333334,0.006978494457568179,0.011884381717709256,,0,0.0
2021-11-07,16323.4,16372.866666666669,16442.533333333336,0.0064240061551870745,0.01186193169537493,,0,0.0
2021-11-08,16321.0,16319.166666666666,16349.633333333331,0.00648500274827449,0.01183420957645131,,0,0.0
2021-11-09,16195.0,16336.333333333334,16389.066666666666,0.0067607755820949696,0.011798850686593955,,0,0.0
2021-11-10,16001.0,16256.0,16341.2,0.007135436871234617,0.011772137113745392,,0,0.0
2021-11-11,16073.4,16053.266666666668,16199.133333333337,0.007045180072389649,0.011683747424139706,,0,0.0
2021-11-12,16210.6,16062.0,16134.4,0.00699260029223107,0.011599149360005747,,0,0.0
2021-11-14,16233.2,16147.466666666667,16284.533333333335,0.006995199928628272,0.011560689735236867,,0,0.0
2021-11-15,16197.0,16233.133333333331,16247.866666666663,0.006890054472003635,0.011532796146750502,,0,0.0
2021-11-16,16308.4,16190.066666666666,16290.133333333331,0.006886626988047173,0.011521461313690173,,0,0.0
2021-11-17,16333.0,16262.800000000001,16376.200000000003,0.006274195691382524,0.011474168277718274,,0,0.0
2021-11-18,16499.6,16335.4,16397.4,0.006499666638760884,0.011415587291791459,,0,0.0
2021-11-19,16591.0,16439.333333333332,16571.266666666663,0.006520357406562974,0.011366758859133172,,0,0.0
2021-11-22,16401.4,16573.533333333333,16650.066666666666,0.007272084980863862,0.011335067034597955,,0,0.0
2021-11-23,16290.8,16514.06666666667,16658.933333333338,0.007142702290049401,0.011314738207423557,,0,0.0
2021-11-24,16362.0,16278.799999999997,16434.799999999996,0.007174971563215155,0.011287503250489252,,0,0.0
2021-11-25,16374.8,16280.266666666668,16454.13333333334,0.007165119092149684,0.011275952247741802,,0,0.0
2021-11-26,16048.4,16391.8,16422.8,0.008581869606141341,0.011270006712131473,,0,0.0
2021-11-28,16173.4,16139.4,16286.4,0.008057364922677524,0.011257430832355761,,0,0.0
2021-11-29,16434.4,16141.0,16213.6,0.008597022953099047,0.011231822760378086,,0,0.0
2021-11-30,16227.4,16349.933333333334,16529.06666666667,0.009066920902384116,0.011177647472101277,,0,0.0
2021-12-01,15949.4,16253.333333333334,16434.066666666666,0.009812097575506946,0.011133814704724299,,0,0.0
2021-12-02,15938.2,16070.0,16309.8,0.009810007899715131,0.011110443237084362,,0,0.0
2021-12-03,15687.2,15923.066666666666,16082.133333333331,0.010247899663230177,0.01109029907899935,,0,0.0
2021-12-05,15739.4,15782.266666666668,16027.333333333336,0.009995847329571837,0.011080827111767288,,0,0.0
2021-12-06,15843.2,15724.833333333334,15767.466666666667,0.010064114678285005,0.011076623111214679,,0,0.0
2021-12-07,16344.2,15767.333333333334,15974.266666666668,0.012260266345128628,0.011076623111214679,,0,0.0
2021-12-08,16378.6,16181.733333333332,16537.86666666666,0.012264078873055959,0.011076623111214679,,0,0.0
2021-12-09,16176.4,16355.933333333334,16458.86666666667,0.012587643978946083,0.011076623111214679,,0,0.0
2021-12-10,16323.2,16239.466666666667,16357.533333333335,0.012660102606949749,0.011076623111214679,,0,0.0
2021-12-12,16361.2,16264.800000000001,16395.0,0.012666153760888798,0.011076623111214679,,0,0.0
2021-12-13,16091.4,16353.4,16374.199999999999,0.012955636038038938,0.011076623111214679,,0,0.0
2021-12-14,15924.4,16189.666666666666,16313.333333333332,0.013010427080508412,0.011076623111214679,,0,0.0
2021-12-15,16335.0,15932.266666666668,16125.933333333336,0.014193460581229523,0.011076623111214679,,0,0.0
2021-12-16,15852.6,16145.666666666666,16538.333333333332,0.015599276855225375,0.011076623111214679,,0,0.0
2021-12-17,15844.8,16042.6,16278.400000000001,0.015544912973143525,0.011076623111214679,,0,0.0
2021-12-19,15723.4,15827.799999999997,15989.799999999996,0.015594538174023636,0.011076623111214679,,0,0.0
2021-12-20,15736.0,15767.699999999999,15823.599999999999,0.015011792094440195,0.011076623111214679,,0,0.0
2021-12-21,15976.8,15665.199999999999,15819.599999999999,0.0153306676233625,0.011076623111214679,,0,0.0
2021-12-22,16203.6,15867.333333333334,16112.866666666669,0.015225532344603263,0.011076623111214679,,0,0.0
2021-12-23,16319.8,16105.066666666666,16311.533333333331,0.015046184751088638,0.011076623111214679,,0,0.0
2021-12-26,16360.8,16285.866666666667,16407.733333333334,0.014472334986272904,0.011076623111214679,,0,0.0
2021-12-27,16573.6,16355.199999999999,16372.599999999999,0.014691829516395763,0.011076623111214679,,0,0.0
2021-12-28,16557.6,16498.266666666666,16673.933333333334,0.014109101643822567,0.011076623111214679,,0,0.0
2021-12-29,16481.0,16568.999999999996,16666.199999999993,0.014205161929915357,0.011076623111214679,,0,0.0
2021-12-30,16455.6,16489.733333333334,16573.266666666666,0.014195214243887273,0.011076623111214679,,0,0.0
2021-12-31,16350.2,16490.0,16550.6,0.01245823654179083,0.011076623111214679,,0,0.0
2022-01-02,16402.2,16387.933333333334,16443.666666666668,0.012469698590334736,0.011076623111214679,,0,0.0
2022-01-03,16499.4,16404.2,16420.4,0.012172134575621388,0.011076623111214679,,0,0.0
2022-01-04,16248.0,16445.333333333332,16580.066666666666,0.012538010074932035,0.011076623111214679,,0,0.0
2022-01-05,15800.2,16327.666666666666,16499.533333333333,0.013930261886851973,0.011076623111214679,,0,0.0
2022-01-06,15832.2,15934.133333333331,16140.466666666664,0.013500763998739394,0.011080827111767288,,0,0.0
2022-01-07,15586.6,15785.666666666666,15957.133333333331,0.01374067815353327,0.011080827111767288,,0,0.0
2022-01-09,15574.4,15659.866666666667,15794.533333333333,0.012216606437581648,0.011080827111767288,,0,0.0
2022-01-10,15642.2,15576.833333333334,15622.866666666669,0.010467031627331739,0.011080827111767288,,0,0.0
2022-01-11,15835.2,15497.800000000001,15828.000000000002,0.010860778550048657,0.011066956513789774,,0,0.0
2022-01-12,15907.8,15727.133333333333,15964.066666666666,0.010749182020433661,0.011057015394084158,,0,0.0
2022-01-13,15513.2,15903.133333333331,16028.866666666663,0.01216104322970946,0.011066956513789774,,0,0.0
2022-01-14,15633.0,15660.200000000003,15847.000000000005,0.011749117038845937,0.011080827111767288,,0,0.0
2022-01-16,15597.8,15531.766666666668,15735.933333333336,0.011190311635898263,0.01109029907899935,,0,0.0
2022-01-17,15603.0,15613.866666666667,15644.933333333334,0.011003291178077818,0.01109029907899935,,0,0.0
2022-01-18,15209.0,15592.133333333333,15661.666666666666,0.012078303150902414,0.011110443237084362,,0,0.0
2022-01-19,15020.0,15337.466666666667,15489.133333333335,0.011568928442095358,0.011157756966957135,,0,0.0
2022-01-20,14759.0,15138.533333333333,15267.866666666665,0.011857680617097683,0.011157756966957135,,0,0.0
2022-01-21,14426.6,14925.266666666668,15188.733333333337,0.012436205346354689,0.011157756966957135,,0,0.0
2022-01-23,14565.4,14574.366666666667,14725.233333333334,0.012914587989253245,0.011157756966957135,,0,0.0
2022-01-24,14495.4,14512.366666666667,14631.233333333334,0.012916913485615852,0.011157756966957135,,0,0.0
2022-01-25,14207.0,14270.533333333333,14819.866666666665,0.013090497109974293,0.011157756966957135,,0,0.0
2022-01-26,14282.3,14205.566666666666,14505.633333333331,0.013058489629998202,0.011157756966957135,,0,0.0
2022-01-27,14109.8,14309.699999999999,14627.399999999998,0.012973814021796082,0.011157756966957135,,0,0.0
2022-01-28,14444.2,14131.5,14402.3,0.013729103406543628,0.011157756966957135,,0,0.0
2022-01-30,14411.1,14248.066666666666,14651.333333333332,0.013656737161084596,0.011157756966957135,,0,0.0
2022-01-31,14883.2,14417.5,14468.0,0.0157346171375546,0.011157756966957135,,0,0.0
2022-02-01,15134.2,14730.666666666666,15080.733333333332,0.0163021950393416,0.011157756966957135,,0,0.0
2022-02-02,14778.6,15008.933333333334,15275.266666666668,0.016969098230756256,0.011157756966957135,,0,0.0
2022-02-03,14771.0,14940.566666666666,15111.233333333332,0.016609205036302217,0.011157756966957135,,0,0.0
2022-02-04,14651.8,14707.733333333332,14945.866666666663,0.016532222403120675,0.011157756966957135,,0,0.0
2022-02-06,14719.2,14619.533333333333,14866.666666666666,0.015876695924596958,0.011157756966957135,,0,0.0
2022-02-07,14619.8,14696.0,14749.2,0.01571509181008314,0.011157756966957135,,0,0.0
2022-02-08,14785.8,14651.533333333335,14782.866666666669,0.016050495859971824,0.011157756966957135,,0,0.0
2022-02-09,15049.2,14686.0,14895.2,0.01667929017796928,0.011157756966957135,,0,0.0
2022-02-10,14667.0,14959.733333333332,15165.266666666663,0.01669011714723224,0.011157756966957135,,0,0.0
2022-02-11,14263.6,14784.800000000001,14941.000000000002,0.017520866888178745,0.011157756966957135,,0,0.0
2022-02-13,14251.6,14408.0,14628.4,0.017165186114550136,0.011157756966957135,,0,0.0
2022-02-14,14302.0,14236.233333333332,14282.966666666664,0.016469012044657342,0.011157756966957135,,0,0.0
2022-02-15,14565.2,14245.366666666667,14455.233333333334,0.01686001440788023,0.011157756966957135,,0,0.0
2022-02-16,14573.8,14470.933333333334,14713.466666666669,0.016819925786919245,0.011157756966957135,,0,0.0
2022-02-17,14174.6,14542.4,14701.599999999999,0.017370556330500886,0.011157756966957135,,0,0.0
2022-02-18,13994.9,14303.933333333332,14472.466666666665,0.017547697358349355,0.011157756966957135,,0,0.0
2022-02-20,13853.2,14067.233333333332,14227.066666666664,0.01748737905392363,0.011157756966957135,,0,0.0
2022-02-21,13680.3,13883.066666666666,13925.533333333331,0.01667513037281884,0.011157756966957135,,0,0.0
2022-02-22,13973.6,13806.966666666665,14031.533333333331,0.01751973994345763,0.011157756966957135,,0,0.0
2022-02-23,13498.8,13899.266666666665,14183.73333333333,0.01702075171858315,0.011157756966957135,,0,0.0
2022-02-24,13858.0,13674.799999999997,13893.399999999994,0.01779346881340963,0.011157756966957135,,0,0.0
2022-02-25,14184.3,13621.466666666667,14218.533333333335,0.018218734230700747,0.011157756966957135,,0,0.0
2022-02-27,13854.2,14046.033333333335,14332.866666666669,0.01882865349457576,0.011157756966957135,,0,0.0
2022-02-28,14255.7,13806.266666666668,13939.133333333337,0.02008725793586819,0.011157756966957135,,0,0.0
2022-03-01,14049.5,14099.833333333334,14446.066666666668,0.020250348603787154,0.011157756966957135,,0,0.0
2022-03-02,14200.6,14091.133333333333,14283.466666666667,0.020417734936923667,0.011157756966957135,,0,0.0
2022-03-03,14075.6,14132.4,14355.599999999999,0.020259421151498872,0.011157756966957135,,0,0.0
2022-03-04,13796.5,14138.0,14324.4,0.02004342673571855,0.011157756966957135,,0,0.0
2022-03-06,13580.0,13869.633333333333,14009.066666666666,0.019614765552219204,0.011157756966957135,,0,0.0
2022-03-07,13265.6,13627.0,13694.8,0.019358783297561896,0.011157756966957135,,0,0.0
2022-03-08,13246.4,13463.699999999999,13676.999999999998,0.019354971583358114,0.011157756966957135,,0,0.0
2022-03-09,13741.8,13336.1,13572.0,0.0213759569976854,0.011157756966957135,,0,0.0
2022-03-10,13590.7,13592.5,13966.6,0.020921015435227824,0.011157756966957135,,0,0.0
2022-03-11,13300.5,13580.233333333332,13769.266666666663,0.021281326548891616,0.011157756966957135,,0,0.0
2022-03-13,13364.6,13477.5,13678.0,0.02065514626133372,0.011157756966957135,,0,0.0
2022-03-14,13100.7,13363.366666666667,13397.233333333334,0.020893311267453876,0.011157756966957135,,0,0.0
2022-03-15,13450.2,13182.833333333334,13356.066666666668,0.021840275552071284,0.011157756966957135,,0,0.0
2022-03-16,13973.4,13289.533333333335,13642.06666666667,0.023414686912059935,0.011157756966957135,,0,0.0
2022-03-17,14018.4,13802.266666666668,14191.733333333337,0.022940321686109648,0.011157756966957135,,0,0.0
2022-03-18,14430.8,13986.466666666667,14158.933333333334,0.02231007042464509,0.011157756966957135,,0,0.0
2022-03-20,14397.6,14276.6,14590.800000000001,0.021666592483955145,0.011157756966957135,,0,0.0
2022-03-21,14334.8,14406.833333333334,14418.366666666669,0.021106386248954247,0.011157756966957135,,0,0.0
2022-03-22,14659.6,14324.066666666666,14470.733333333332,0.020853708478633753,0.011157756966957135,,0,0.0
2022-03-23,14467.4,14543.333333333334,14800.066666666668,0.020211433131991873,0.011157756966957135,,0,0.0
2022-03-24,14743.2,14525.733333333335,14616.86666666667,0.020257808237519027,0.011157756966957135,,0,0.0
2022-03-25,14743.2,14646.266666666668,14865.533333333336,0.020172677812352713,0.011157756966957135,,0,0.0
2022-03-27,14714.3,14714.266666666668,14862.533333333336,0.020036174256306216,0.011157756966957135,,0,0.0
2022-03-28,14966.6,14732.699999999999,14751.399999999998,0.01957675998774315,0.011201589734334116,,0,0.0
2022-03-29,15214.8,14869.4,15086.8,0.01917163913978121,0.011238475904747644,,0,0.0
2022-03-30,15105.6,15142.133333333331,15334.466666666664,0.0182072882433474,0.011297264469269954,,0,0.0
2022-03-31,14916.9,15123.866666666667,15236.333333333334,0.018629111184933142,0.011335067034597955,,0,0.0
2022-04-01,14857.2,14986.966666666667,15113.533333333335,0.017217149383714023,0.011366758859133172,,0,0.0
2022-04-03,14823.4,14850.200000000003,14970.600000000006,0.016924004845317458,0.011415587291791459,,0,0.0
2022-04-04,15155.2,14834.4,14854.4,0.016220684404047836,0.011485503110778603,,0,0.0
2022-04-05,14838.0,15047.066666666666,15288.133333333331,0.017357548634334276,0.011551294345477334,,0,0.0
2022-04-06,14452.8,14941.0,15098.0,0.017878871479074156,0.011578323831854889,,0,0.0
2022-04-07,14568.8,14566.466666666665,14733.33333333333,0.017164862565700597,0.011668418130230179,,0,0.0
2022-04-08,14333.0,14509.633333333331,14696.766666666663,0.01564640246118254,0.01176823795822719,,0,0.0
2022-04-10,14318.0,14430.733333333332,14547.666666666664,0.01564918135142335,0.011798850686593955,,0,0.0
2022-04-11,13986.8,14336.4,14356.0,0.015057731084762008,0.011834011556338574,,0,0.0
2022-04-12,13999.6,14094.266666666668,14210.533333333336,0.015065377941576233,0.011857878637210419,,0,0.0
2022-04-13,14219.2,14057.133333333333,14229.666666666666,0.015510807948281153,0.01186193169537493,,0,0.0
2022-04-14,13895.0,14137.800000000001,14351.000000000002,0.015300232941609896,0.01186193169537493,,0,0.0
2022-04-17,13739.2,14024.766666666668,14169.433333333336,0.01523711868664134,0.01186193169537493,,0,0.0
2022-04-18,14019.8,13782.033333333335,13831.26666666667,0.015340931346115935,0.01186193169537493,,0,0.0
2022-04-19,14082.4,13925.733333333332,14115.666666666664,0.01541003821615235,0.01186193169537493,,0,0.0
2022-04-20,14089.2,14052.699999999999,14273.999999999998,0.015421527557651766,0.01186193169537493,,0,0.0
2022-04-21,13687.0,14117.800000000001,14272.000000000002,0.01580699017397456,0.01186193169537493,,0,0.0
2022-04-22,13319.4,13882.4,14092.0,0.01576517185085302,0.01186193169537493,,0,0.0
2022-04-24,13332.9,13468.866666666667,13634.933333333334,0.01585311766377809,0.01186193169537493,,0,0.0
2022-04-25,13529.4,13330.833333333334,13367.066666666668,0.01643410435442611,0.01186193169537493,,0,0.0
2022-04-26,13002.0,13424.466666666667,13659.533333333335,0.018125645204754782,0.01186193169537493,,0,0.0
2022-04-27,13178.8,13132.5,13458.2,0.01865954276074772,0.01186193169537493,,0,0.0
2022-04-28,13253.2,13124.933333333334,13314.06666666667,0.01768369768526662,0.01186193169537493,,0,0.0
2022-04-29,12896.2,13279.466666666667,13520.733333333334,0.017989453718302996,0.01186193169537493,,0,0.0
2022-05-01,12887.1,13057.266666666668,13276.933333333336,0.01745460569556912,0.01186193169537493,,0,0.0
2022-05-02,13061.8,12876.300000000001,12940.600000000002,0.01772306805512969,0.01186193169537493,,0,0.0
2022-05-03,13124.2,12955.6,13196.0,0.017664829665127137,0.01186193169537493,,0,0.0
2022-05-04,12948.2,13095.4,13217.199999999999,0.017763038111617026,0.01186193169537493,,0,0.0
2022-05-05,12883.8,13024.200000000003,13160.000000000005,0.01723644560056779,0.01186193169537493,,0,0.0
2022-05-06,12666.2,13047.933333333334,13387.06666666667,0.01743030250414411,0.01186193169537493,,0,0.0
2022-05-08,12944.2,12704.6,12890.0,0.01786925719261549,0.01186193169537493,,0,0.0
2022-05-09,12234.8,12944.200000000003,12944.200000000004,0.020786118802138927,0.01186193169537493,,0,0.0
2022-05-10,12338.2,12330.799999999997,12526.999999999995,0.020997217255047437,0.01186193169537493,,0,0.0
2022-05-11,12006.3,12328.866666666669,12555.533333333336,0.02062681650516258,0.01186193169537493,,0,0.0
2022-05-12,12020.2,12165.433333333334,12393.06666666667,0.0205387714505965,0.01186193169537493,,0,0.0
2022-05-13,12359.6,11945.533333333335,12204.26666666667,0.022004651235012843,0.01186193169537493,,0,0.0
2022-05-15,12464.4,12264.133333333333,12524.066666666666,0.021587556142901813,0.01186193169537493,,0,0.0
2022-05-16,12262.8,12447.800000000001,12510.800000000003,0.021131075823468428,0.01186193169537493,,0,0.0
2022-05-17,12555.0,12305.333333333334,12424.466666666667,0.02200838214784885,0.01186193169537493,,0,0.0
2022-05-18,11821.2,12463.266666666668,12678.133333333337,0.02484570499011273,0.01186193169537493,,0,0.0
2022-05-19,11928.5,12067.866666666669,12319.333333333338,0.02383493389824509,0.01186193169537493,,0,0.0
2022-05-20,11836.0,11899.433333333334,12100.06666666667,0.023479611060128056,0.01186193169537493,,0,0.0
2022-05-22,11972.2,11805.800000000001,12121.000000000002,0.02365661766900467,0.01186193169537493,,0,0.0
2022-05-23,11888.2,11940.300000000001,12018.500000000002,0.023088001035222062,0.01186193169537493,,0,0.0
2022-05-24,11854.8,11915.333333333334,12048.066666666668,0.023077937331150804,0.01186193169537493,,0,0.0
2022-05-25,11891.6,11776.4,11976.0,0.022778039426552998,0.01186193169537493,,0,0.0
2022-05-26,12288.4,11865.666666666666,12059.733333333332,0.02423680334557833,0.01186193169537493,,0,0.0
2022-05-27,12716.0,12159.466666666667,12471.133333333335,0.025510763227441766,0.01186193169537493,,0,0.0
2022-05-29,12736.0,12551.933333333334,12882.666666666668,0.025493559609458614,0.01186193169537493,,0,0.0
2022-05-30,12813.8,12721.066666666666,12770.533333333331,0.025221382004684864,0.01186193169537493,,0,0.0
2022-05-31,12701.6,12804.566666666666,12890.133333333331,0.02480289885853989,0.01186193169537493,,0,0.0
2022-06-01,12507.6,12667.0,12855.2,0.021632581791175092,0.01186193169537493,,0,0.0
2022-06-02,12920.0,12594.333333333334,12733.866666666669,0.022724839491493332,0.01186193169537493,,0,0.0
2022-06-03,12547.0,12768.0,13095.2,0.022863058887799114,0.01186193169537493,,0,0.0
2022-06-05,12548.1,12657.733333333332,12813.866666666663,0.022867506927191226,0.01186193169537493,,0,0.0
2022-06-06,12601.4,12553.433333333332,12581.466666666665,0.022055881796317536,0.01186193169537493,,0,0.0
2022-06-07,12669.0,12646.400000000001,12763.200000000003,0.022012750133347195,0.01186193169537493,,0,0.0
2022-06-08,12622.8,12605.866666666667,12801.133333333333,0.02167254969878294,0.011880526679657478,,0,0.0
2022-06-09,12287.0,12661.066666666666,12743.733333333332,0.021891831510064592,0.011880526679657478,,0,0.0
2022-06-10,11862.2,12421.800000000001,12589.400000000001,0.019052665128478804,0.011880526679657478,,0,0.0
2022-06-12,11665.6,12007.0,12192.4,0.019295738094128954,0.011880526679657478,,0,0.0
2022-06-13,11338.8,11678.933333333332,11710.066666666666,0.020183805451508368,0.011880526679657478,,0,0.0
2022-06-14,11398.2,11420.133333333331,11585.866666666663,0.020011765348720095,0.011880526679657478,,0,0.0
2022-06-15,11692.2,11368.0,11533.2,0.020925612469985696,0.011880526679657478,,0,0.0
2022-06-16,11162.2,11592.800000000001,11860.000000000002,0.023196194666570392,0.011880526679657478,,0,0.0
2022-06-17,11277.6,11313.266666666668,11588.333333333336,0.023348180891831695,0.011880526679657478,,0,0.0
2022-06-19,11398.6,11243.6,11398.6,0.022035346403442842,0.011880526679657478,,0,0.0
2022-06-20,11392.8,11368.6,11437.0,0.020136583264260096,0.011880526679657478,,0,0.0
2022-06-21,11543.8,11349.4,11454.4,0.020511862612515926,0.011880526679657478,,0,0.0
2022-06-22,11453.6,11523.0,11667.0,0.020361406574771458,0.011880526679657478,,0,0.0
2022-06-23,11664.6,11485.333333333334,11681.866666666669,0.021021637149334926,0.011880526679657478,,0,0.0
2022-06-24,12099.4,11616.733333333332,11782.866666666663,0.022755835981515884,0.011880526679657478,,0,0.0
2022-06-26,12062.0,11956.400000000001,12259.200000000003,0.021268188470944305,0.011880526679657478,,0,0.0
2022-06-27,12035.2,12084.666666666666,12109.333333333332,0.020392993259256396,0.011880526679657478,,0,0.0
2022-06-28,11658.0,12076.0,12189.2,0.021418446339339866,0.011880526679657478,,0,0.0
2022-06-29,11648.2,11811.199999999999,11988.599999999999,0.021352283835146816,0.011880526679657478,,0,0.0
2022-06-30,11514.3,11634.133333333333,11733.066666666666,0.021308056332434842,0.011880526679657478,,0,0.0
2022-07-01,11589.4,11498.033333333333,11674.266666666666,0.02145158946184815,0.011880526679657478,,0,0.0
2022-07-03,11544.4,11514.133333333333,11675.866666666667,0.020785189354114674,0.011880526679657478,,0,0.0
2022-07-04,11665.6,11554.733333333332,11575.466666666664,0.01957942854244988,0.011880526679657478,,0,0.0
2022-07-05,11757.6,11619.366666666667,11764.633333333333,0.019294420816760288,0.011880526679657478,,0,0.0
2022-07-06,11871.6,11642.466666666667,11925.733333333334,0.01816341081725246,0.011880526679657478,,0,0.0
2022-07-07,12077.8,11840.533333333333,11978.666666666666,0.0184612986492677,0.011880526679657478,,0,0.0
2022-07-08,12134.5,12010.133333333331,12209.266666666663,0.017680344585429594,0.011880526679657478,,0,0.0
2022-07-10,12090.5,12081.699999999999,12236.999999999998,0.013847384276692637,0.011880526679657478,,0,0.0
2022-07-11,11877.8,12091.166666666666,12115.533333333333,0.014573775845000136,0.011880526679657478,,0,0.0
2022-07-12,11748.2,11934.0,12041.2,0.014748306729926355,0.011880526679657478,,0,0.0
2022-07-13,11650.8,11811.6,11935.2,0.014909050900285678,0.011880526679657478,,0,0.0
2022-07-14,11838.8,11683.200000000003,11911.200000000004,0.015044750569398194,0.011904533370239848,,0,0.0
2022-07-15,11994.4,11722.333333333334,11957.866666666669,0.015101181189492252,0.011965878315337167,,0,0.0
2022-07-17,12034.8,11902.333333333334,12088.266666666668,0.014629264930805718,0.012050086285527086,,0,0.0
2022-07-18,11915.4,12030.700000000003,12045.800000000005,0.012185102092681425,0.012076404564885072,,0,0.0
2022-07-19,12288.4,11970.199999999999,12106.599999999999,0.014105061355026842,0.012091501712969736,,0,0.0
2022-07-20,12411.0,12154.066666666668,12443.533333333335,0.014220559429688211,0.01213287175237326,,0,0.0
2022-07-21,12522.8,12371.633333333333,12531.966666666667,0.01198200853618798,0.01213287175237326,,0,0.0
2022-07-22,12401.4,12500.6,12652.2,0.012315643287995389,0.012166588902665424,,0,0.0
2022-07-24,12378.2,12464.6,12610.2,0.011891552847553737,0.012166588902665424,,0,0.0
2022-07-25,12273.2,12388.666666666666,12401.333333333332,0.012173498476094268,0.012172816525857829,,0,0.0
2022-07-26,12255.0,12329.533333333335,12417.06666666667,0.012114383955654564,0.012172816525857829,,0,0.0
2022-07-27,12551.2,12203.666666666666,12359.733333333332,0.012915387874626417,0.012179300284387847,,0,0.0
2022-07-28,12871.6,12482.866666666669,12733.133333333337,0.013786215222193388,0.012200854265131535,,0,0.0
2022-07-29,12954.8,12741.133333333333,13058.066666666666,0.013742533485295581,0.012238436391355138,,0,0.0
2022-07-31,12898.6,12888.4,13053.599999999999,0.013525184800598914,0.012262172609092292,,0,0.0
2022-08-01,12929.8,12917.166666666666,12943.133333333331,0.013523108026248933,0.012289861080525674,,0,0.0
2022-08-02,12882.0,12948.933333333334,13067.266666666668,0.01352501774167533,0.012347918707246686,,0,0.0
2022-08-03,13212.8,12917.6,13040.0,0.013474387620910593,0.01239116218616607,,0,0.0
2022-08-04,13309.2,13116.200000000003,13386.200000000004,0.012916059471979118,0.012416887231103922,,0,0.0
2022-08-05,13192.4,13268.6,13374.2,0.01294540335891899,0.012433924781364188,,0,0.0
2022-08-07,13153.6,13204.6,13347.800000000001,0.012886083612403213,0.012446974962952155,,0,0.0
2022-08-08,13196.2,13174.300000000001,13205.000000000002,0.012760837568789552,0.012457990560670224,,0,0.0
2022-08-09,13034.2,13229.266666666668,13361.933333333336,0.013324300842792555,0.012463967566062783,,0,0.0
2022-08-10,13379.4,13060.333333333334,13175.066666666668,0.013789466101790519,0.012482195447191074,,0,0.0
2022-08-11,13314.8,13244.4,13524.4,0.012601842202340084,0.012516351189489724,,0,0.0
2022-08-12,13559.2,13378.6,13491.2,0.012942378479790372,0.012543877721188515,,0,0.0
2022-08-14,13519.2,13470.866666666669,13649.933333333338,0.012999862104868108,0.012560652958793474,,0,0.0
2022-08-15,13663.4,13529.800000000001,13541.400000000001,0.012671099783303677,0.012579602264544017,,0,0.0
2022-08-16,13630.0,13608.800000000001,13742.600000000002,0.012687951577884951,0.012594743090643084,,0,0.0
2022-08-17,13432.0,13619.266666666668,13733.333333333336,0.01308922037968174,0.012630972404644916,,0,0.0
2022-08-18,13507.2,13488.866666666667,13592.933333333334,0.013011506196583212,0.012663128183919273,,0,0.0
2022-08-19,13231.6,13483.6,13578.800000000001,0.013360008555253438,0.012668626772096236,,0,0.0
2022-08-21,13167.2,13317.800000000001,13426.400000000001,0.012318036856069603,0.012668626772096236,,0,0.0
2022-08-22,12935.2,13172.466666666667,13187.733333333334,0.012938680592200633,0.012679525680594314,,0,0.0
2022-08-23,12875.0,12997.6,13139.6,0.01294444936408733,0.012724394573337253,,0,0.0
2022-08-24,12918.2,12892.333333333334,12980.866666666669,0.012955395721124672,0.012823460590596383,,0,0.0
2022-08-25,13131.8,12905.6,13005.400000000001,0.01342988681325418,0.012900335800828229,,0,0.0
2022-08-26,12547.4,13063.0,13216.6,0.015641530543222842,0.01291498793193983,,0,0.0
2022-08-28,12405.2,12765.866666666667,12987.133333333333,0.01558436949569923,0.012915723673302768,,0,0.0
2022-08-29,12518.2,12450.200000000003,12502.000000000005,0.015771334893011586,0.012916486478797486,,0,0.0
2022-08-30,12351.0,12500.733333333332,12612.866666666663,0.015957519613908847,0.012927797038908242,,0,0.0
2022-08-31,12165.8,12409.4,12585.199999999999,0.01610127495602065,0.012940529535995502,,0,0.0
2022-09-01,12287.4,12267.933333333334,12394.866666666669,0.01626319790221726,0.01294341392193885,,0,0.0
2022-09-02,12119.2,12200.199999999999,12393.399999999998,0.01487512154803846,0.01294492636150316,,0,0.0
2022-09-04,12111.8,12199.333333333334,12369.666666666668,0.014904980648716114,0.01295039954002183,,0,0.0
2022-09-05,12136.8,12090.733333333332,12138.066666666664,0.014001212307300292,0.012955515879581804,,0,0.0
2022-09-06,11998.2,12116.933333333334,12190.466666666669,0.014050213172408458,0.012955515879581804,,0,0.0
2022-09-07,12249.6,12049.733333333332,12180.866666666663,0.01485224016102194,0.012955515879581804,,0,0.0
2022-09-08,12345.0,12154.0,12393.2,0.015130883706617151,0.012955515879581804,,0,0.0
2022-09-09,12584.0,12274.933333333334,12440.666666666668,0.0158671702545361,0.012955515879581804,,0,0.0
2022-09-11,12625.8,12510.533333333333,12681.066666666666,0.015809275588942476,0.012955515879581804,,0,0.0
2022-09-12,12756.4,12640.0,12658.4,0.01554602942031265,0.012955515879581804,,0,0.0
2022-09-13,12050.6,12697.400000000001,12827.200000000003,0.019640870374442676,0.012955515879581804,,0,0.0
2022-09-14,12163.4,12308.4,12619.4,0.01959962894415558,0.012955515879581804,,0,0.0
2022-09-15,11830.2,12113.4,12232.0,0.020352739752969987,0.012955515879581804,,0,0.0
2022-09-16,11877.3,11937.333333333334,12067.666666666668,0.020365160051514897,0.012955515879581804,,0,0.0
2022-09-18,11852.2,11816.699999999999,11939.999999999998,0.019794855756194534,0.012955515879581804,,0,0.0
2022-09-19,11999.4,11840.533333333335,11877.466666666669,0.017795815019049886,0.012955515879581804,,0,0.0
2022-09-20,11847.6,11904.533333333333,12094.866666666665,0.017834281201799,0.012955515879581804,,0,0.0
2022-09-21,11539.6,11870.733333333332,11991.066666666664,0.018387557165462642,0.012955515879581804,,0,0.0
2022-09-22,11514.0,11713.066666666666,11891.93333333333,0.01825420472935332,0.012955515879581804,,0,0.0
2022-09-23,11314.6,11558.0,11678.8,0.018339460293271784,0.012955515879581804,,0,0.0
2022-09-25,11272.4,11332.666666666666,11508.933333333332,0.018064296716481472,0.012955515879581804,,0,0.0
2022-09-26,11275.8,11276.933333333334,11316.866666666669,0.017945716341796692,0.012955515879581804,,0,0.0
2022-09-27,11282.2,11308.066666666666,11432.333333333332,0.017957437922056563,0.012955515879581804,,0,0.0
2022-09-28,11471.2,11312.4,11464.0,0.018484637822251668,0.012955515879581804,,0,0.0
2022-09-29,11204.4,11366.533333333335,11656.06666666667,0.01896355792100859,0.01296472502991751,,0,0.0
2022-09-30,10998.8,11245.866666666667,11460.933333333334,0.018350749335339273,0.012986838063332095,,0,0.0
2022-10-02,10883.8,11086.733333333332,11207.666666666664,0.018122750644789687,0.01300514459268826,,0,0.0
2022-10-03,11287.2,10915.2,10959.2,0.019788661761829224,0.013010966638545812,,0,0.0
2022-10-04,11561.0,11140.800000000001,11450.400000000001,0.0207933600920561,0.013034997913290707,,0,0.0
2022-10-05,11638.8,11485.4,11692.8,0.02067578527008186,0.013065432995491864,,0,0.0
2022-10-06,11440.8,11532.6,11756.400000000001,0.01718594623347942,0.013080798370333633,,0,0.0
2022-10-07,11038.6,11509.799999999997,11599.999999999995,0.018414153843106087,0.013089858744828016,,0,0.0
2022-10-09,10977.8,11176.566666666666,11367.93333333333,0.017626710750010256,0.013089858744828016,,0,0.0
2022-10-10,10955.6,10972.200000000003,11015.800000000005,0.01754199921756312,0.013089858744828016,,0,0.0
2022-10-11,10806.4,10950.266666666668,11081.333333333336,0.017669038314433495,0.013089858744828016,,0,0.0
2022-10-12,10811.2,10832.6,10955.0,0.01726520761058965,0.013089858744828016,,0,0.0
2022-10-13,11007.4,10825.6,10903.400000000001,0.01791375125059826,0.013089858744828016,,0,0.0
2022-10-14,10688.6,10839.666666666666,11252.333333333332,0.01812067539919779,0.013089858744828016,,0,0.0
2022-10-16,10733.6,10850.866666666667,11032.933333333334,0.018204546720979854,0.013089858744828016,,0,0.0
2022-10-17,11158.6,10717.333333333334,10759.866666666669,0.020239950255311515,0.013089858744828016,,0,0.0
2022-10-18,11290.8,11009.266666666668,11314.333333333336,0.02040814199468616,0.013089858744828016,,0,0.0
2022-10-19,11043.8,11232.6,11436.400000000001,0.021000755770549853,0.013089858744828016,,0,0.0
2022-10-20,10975.0,11124.566666666666,11243.633333333331,0.02103192464216945,0.013089858744828016,,0,0.0
2022-10-21,11333.2,11069.733333333332,11188.666666666664,0.02202109663467397,0.013089858744828016,,0,0.0
2022-10-23,11406.6,11189.0,11485.2,0.021389593679514537,0.013089858744828016,,0,0.0
2022-10-24,11430.0,11416.800000000001,11475.400000000001,0.02089336794666907,0.013089858744828016,,0,0.0
2022-10-25,11423.6,11354.666666666666,11545.933333333332,0.020695844526457292,0.013089858744828016,,0,0.0
2022-10-26,11453.2,11498.733333333332,11611.666666666664,0.01904651110111579,0.013089858744828016,,0,0.0
2022-10-27,11087.8,11493.733333333332,11617.266666666663,0.01955515690799995,0.013089858744828016,,0,0.0
2022-10-28,11578.2,11153.5,11426.1,0.02206354816482503,0.013089858744828016,,0,0.0
2022-10-30,11509.8,11390.666666666666,11765.933333333332,0.0217512408427786,0.013089858744828016,,0,0.0
2022-10-31,11427.0,11516.733333333332,11534.666666666664,0.02017904701614945,0.013089858744828016,,0,0.0
2022-11-01,11294.3,11426.866666666667,11532.933333333334,0.020342869352968234,0.013089858744828016,,0,0.0
2022-11-02,10881.8,11374.1,11497.0,0.022058194468919802,0.013089858744828016,,0,0.0
2022-11-03,10672.8,11055.533333333335,11247.466666666669,0.022272672616557215,0.013089858744828016,,0,0.0
2022-11-04,10841.4,10762.199999999999,10868.599999999999,0.022565489987322426,0.013089858744828016,,0,0.0
2022-11-06,10766.2,10792.4,10984.8,0.022220447343125126,0.013089858744828016,,0,0.0
2022-11-07,10993.6,10767.6,10785.6,0.021704514405583984,0.013089858744828016,,0,0.0
2022-11-08,11093.2,10918.933333333334,11082.666666666668,0.021761867351929615,0.013089858744828016,,0,0.0
2022-11-09,10812.4,11064.133333333333,11229.666666666666,0.020651781529338525,0.013089858744828016,,0,0.0
2022-11-10,11642.8,10911.4,11032.8,0.026978323754944317,0.013119795217058236,,0,0.0
2022-11-11,11803.4,11355.1,11939.7,0.026500329918198864,0.013178157689294546,,0,0.0
2022-11-13,11777.2,11728.266666666668,11919.133333333337,0.026436670129315533,0.013209099492009296,,0,0.0
2022-11-14,11733.4,11765.533333333335,11796.66666666667,0.02559006702790076,0.013257005065635062,,0,0.0
2022-11-15,11866.0,11755.533333333333,11842.666666666666,0.025656729134919037,0.01331302441144905,,0,0.0
2022-11-16,11747.0,11893.0,12057.8,0.02580422501313617,0.013323658231996107,,0,0.0
2022-11-17,11687.2,11783.333333333334,11892.666666666668,0.02584476668290699,0.013342154699022998,,0,0.0
2022-11-18,11678.4,11659.333333333334,11822.666666666668,0.025847826257331178,0.013382603116881515,,0,0.0
2022-11-20,11675.8,11687.6,11801.0,0.024649865609726006,0.013417542245881885,,0,0.0
2022-11-21,11560.4,11689.0,11709.2,0.02276917875899237,0.013452137217082386,,0,0.0
2022-11-22,11710.8,11587.333333333334,11654.066666666668,0.022896291993957568,0.013487575809824993,,0,0.0
2022-11-23,11854.2,11643.533333333333,11793.266666666666,0.022937835411066722,0.013506087943264584,,0,0.0
2022-11-24,11883.8,11799.799999999997,11913.199999999995,0.022710347376902668,0.01351507044874321,,0,0.0
2022-11-25,11754.0,11874.466666666665,11908.133333333331,0.021038031936645805,0.01352091851797279,,0,0.0
2022-11-27,11697.8,11790.6,11848.800000000001,0.0204368460188699,0.013524062883962133,,0,0.0
2022-11-28,11591.6,11701.666666666666,11713.533333333333,0.020488456981298572,0.013525101271137123,,0,0.0
2022-11-29,11475.2,11633.0,11717.8,0.02058360734321976,0.013590960980841754,,0,0.0
2022-11-30,12043.0,11530.066666666666,11621.93333333333,0.022733937072998107,0.013692920283814112,,0,0.0
2022-12-01,12009.2,11856.266666666668,12242.733333333337,0.02277191105594613,0.01373489078003845,,0,0.0
2022-12-02,11962.3,12011.200000000003,12108.000000000005,0.02179309780591282,0.013741605819414426,,0,0.0
2022-12-04,11985.4,11903.233333333332,12096.266666666663,0.01384145976603347,0.013764374353744484,,0,0.0
2022-12-05,11807.0,11981.699999999999,11998.999999999998,0.013989921680999757,0.013787840661991953,,0,0.0
2022-12-06,11568.2,11843.866666666667,11955.333333333334,0.014708383729473369,0.013815462933911993,,0,0.0
2022-12-07,11502.0,11631.066666666666,11769.733333333332,0.014736151388220365,0.013844422021363052,,0,0.0
2022-12-08,11629.4,11500.4,11587.4,0.014726445132204983,0.013888823081772306,,0,0.0
2022-12-09,11546.0,11577.199999999999,11728.799999999997,0.014646927403579958,0.013960091783925866,,0,0.0
2022-12-11,11529.4,11596.233333333332,11683.566666666664,0.014612851169002551,0.013995566994150024,,0,0.0
2022-12-12,11703.4,11538.666666666666,11556.133333333331,0.015026630137850334,0.014025712739854375,,0,0.0
2022-12-13,11832.4,11642.933333333334,11769.666666666668,0.01521864882336168,0.014077637263717649,,0,0.0
2022-12-14,11762.0,11911.666666666666,12149.933333333332,0.01509859182341983,0.014107081499424703,,0,0.0
2022-12-15,11345.8,11773.233333333332,11937.666666666664,0.016844713157499278,0.014121767904552367,,0,0.0
2022-12-16,11211.4,11469.866666666667,11652.333333333334,0.016674463369324287,0.014163947373255846,,0,0.0
2022-12-18,11242.4,11252.266666666668,11336.933333333336,0.0166789275616469,0.014194337412558398,,0,0.0
2022-12-19,11104.2,11238.1,11259.900000000001,0.016717513738522777,0.014200188086901315,,0,0.0
2022-12-20,11113.0,11142.266666666668,11262.733333333337,0.016727588678230383,0.014212860679801785,,0,0.0
2022-12-21,11255.6,11061.133333333333,11188.666666666666,0.01698470042241832,0.014220822567688533,,0,0.0
2022-12-22,10954.6,11205.533333333333,11339.666666666666,0.01782507682468684,0.014229082382774295,,0,0.0
2022-12-23,10974.2,11006.133333333333,11235.666666666666,0.01312130632605517,0.014229082382774295,,0,0.0
2022-12-26,11062.6,10948.533333333335,11074.26666666667,0.013418828511526024,0.014229082382774295,,0,0.0
2022-12-27,10819.0,11052.0,11079.4,0.014009710409801089,0.014229082382774295,,0,0.0
2022-12-28,10710.6,10903.533333333333,11004.866666666665,0.013957052359187256,0.014229082382774295,,0,0.0
2022-12-29,10939.8,10762.4,10850.0,0.014994474244359898,0.014354707023066321,,0,0.0
2022-12-30,10960.4,10874.6,11054.2,0.014519445518472977,0.01449589025237294,,0,0.0
2023-01-02,10971.6,10901.533333333333,11030.066666666666,0.0145212799011175,0.014520362709795238,,0,0.0
2023-01-03,10870.6,10991.800000000001,11026.800000000003,0.014246753381792578,0.014520362709795238,,0,0.0
2023-01-04,10917.2,10913.266666666665,11057.73333333333,0.014311881100668366,0.014520362709795238,,0,0.0
2023-01-05,10763.8,10896.933333333332,11008.866666666665,0.01452968282136782,0.01452548136124266,,0,0.0
2023-01-06,11032.2,10820.4,10910.4,0.015331118143644622,0.014551729333183978,,0,0.0
2023-01-08,11067.8,10932.799999999997,11189.199999999995,0.015056870061316709,0.014593313507001344,,0,0.0
2023-01-09,11097.2,11068.866666666667,11083.733333333334,0.015097858825921878,0.014621058049904136,,0,0.0
2023-01-10,11213.6,11151.133333333333,11256.266666666666,0.013258911506821937,0.014621058049904136,,0,0.0
2023-01-11,11404.2,11150.133333333333,11281.066666666666,0.013526064100707162,0.014621058049904136,,0,0.0
2023-01-12,11453.4,11327.200000000003,11485.200000000004,0.013541492695548713,0.014621058049904136,,0,0.0
2023-01-13,11530.8,11394.6,11566.6,0.013222220396666477,0.014621058049904136,,0,0.0
2023-01-15,11516.0,11465.866666666669,11613.133333333337,0.01324008695329937,0.014621058049904136,,0,0.0
2023-01-16,11514.6,11525.466666666667,11539.133333333335,0.012989900612671284,0.014621058049904136,,0,0.0
2023-01-17,11523.2,11507.0,11574.6,0.011207733552529965,0.014621058049904136,,0,0.0
2023-01-18,11408.4,11532.200000000003,11604.800000000005,0.011554766187376369,0.014621058049904136,,0,0.0
2023-01-19,11313.2,11497.866666666667,11598.333333333334,0.011684027407569094,0.014621058049904136,,0,0.0
2023-01-20,11606.4,11322.200000000003,11406.600000000006,0.011589608349054911,0.014621058049904136,,0,0.0
2023-01-22,11587.2,11505.533333333333,11716.466666666665,0.01121789008748,0.014621058049904136,,0,0.0
2023-01-23,11847.2,11593.733333333332,11607.666666666664,0.011304791036320962,0.014621058049904136,,0,0.0
2023-01-24,11768.8,11779.666666666666,11979.133333333331,0.01154783385907099,0.014621058049904136,,0,0.0
2023-01-25,11848.0,11819.333333333334,11888.066666666668,0.011550583901858898,0.014621058049904136,,0,0.0
2023-01-26,11987.6,11746.666666666666,11959.533333333333,0.011245403697051685,0.014621058049904136,,0,0.0
2023-01-27,12169.2,11956.333333333334,12091.866666666669,0.011471106563157866,0.014621058049904136,,0,0.0
2023-01-29,12152.2,12129.466666666665,12294.533333333331,0.010655658311317363,0.014621058049904136,,0,0.0
2023-01-30,11949.8,12162.933333333334,12187.666666666668,0.010850712646619685,0.014621058049904136,,0,0.0
2023-01-31,12049.6,12009.333333333334,12110.866666666669,0.010890479360312798,0.014621058049904136,,0,0.0
2023-02-01,12491.6,11990.199999999999,12162.399999999998,0.013059456906098285,0.014621058049904136,,0,0.0
2023-02-02,12609.8,12333.466666666667,12663.933333333334,0.013042954291064062,0.014621058049904136,,0,0.0
2023-02-03,12565.6,12650.633333333331,12853.466666666664,0.012935456944653218,0.014621058049904136,,0,0.0
2023-02-05,12539.0,12630.333333333334,12762.866666666669,0.013031395420078857,0.014621058049904136,,0,0.0
2023-02-06,12484.0,12530.566666666666,12561.733333333332,0.013172569640958616,0.014621058049904136,,0,0.0
2023-02-07,12698.0,12482.266666666668,12558.333333333336,0.013421111820649617,0.014621058049904136,,0,0.0
2023-02-08,12518.8,12624.266666666668,12840.533333333336,0.014050964548802853,0.014621058049904136,,0,0.0
2023-02-09,12392.6,12581.133333333331,12693.866666666663,0.014398654558061753,0.014621058049904136,,0,0.0
2023-02-10,12299.2,12468.533333333333,12610.266666666666,0.01428692993402619,0.014621058049904136,,0,0.0
2023-02-12,12264.4,12301.333333333334,12401.466666666667,0.01409079158583018,0.014621058049904136,,0,0.0
2023-02-13,12495.2,12276.733333333332,12301.666666666664,0.013594027663260717,0.014621058049904136,,0,0.0
2023-02-14,12559.4,12414.133333333333,12605.066666666666,0.013535755661990011,0.014621058049904136,,0,0.0
2023-02-15,12698.4,12516.033333333333,12684.866666666665,0.012952164520484187,0.014621058049904136,,0,0.0
2023-02-16,12387.8,12627.666666666666,12778.933333333332,0.01424007446445208,0.014621058049904136,,0,0.0
2023-02-17,12349.6,12504.533333333335,12627.466666666669,0.01426159617459798,0.014621058049904136,,0,0.0
2023-02-19,12325.6,12329.266666666665,12429.73333333333,0.014104139010113896,0.014621058049904136,,0,0.0
2023-02-20,12344.6,12329.266666666668,12345.933333333336,0.013733656866095914,0.014621058049904136,,0,0.0
2023-02-21,12080.2,12346.866666666667,12380.933333333334,0.014604663837159658,0.014621058049904136,,0,0.0
2023-02-22,12139.4,12161.133333333333,12264.266666666666,0.014113205422056447,0.014621058049904136,,0,0.0
2023-02-23,12145.6,12100.933333333334,12201.666666666668,0.014003252288539316,0.014621058049904136,,0,0.0
2023-02-24,11972.4,12126.466666666667,12251.333333333334,0.011479170414438793,0.014621058049904136,,0,0.0
2023-02-26,11989.4,12018.0,12140.8,0.011191644804720745,0.014621058049904136,,0,0.0
2023-02-27,12065.4,11982.933333333334,12003.666666666668,0.011358473305612318,0.014621058049904136,,0,0.0
2023-02-28,11993.4,12067.466666666667,12158.933333333334,0.011393718000456353,0.014621058049904136,,0,0.0
2023-03-01,11940.0,12040.933333333334,12096.666666666668,0.01139440769302465,0.014621058049904136,,0,0.0
2023-03-02,12005.8,11983.0,12069.6,0.010628297401179897,0.014621058049904136,,0,0.0
2023-03-03,12296.2,11957.4,12113.4,0.011852343939440766,0.014621058049904136,,0,0.0
2023-03-05,12261.0,12191.6,12401.800000000001,0.011664227539485863,0.014621058049904136,,0,0.0
2023-03-06,12299.6,12259.800000000001,12274.200000000003,0.011567767380608532,0.014621058049904136,,0,0.0
2023-03-07,12153.6,12335.800000000001,12418.400000000001,0.0118598028180671,0.014621058049904136,,0,0.0
2023-03-08,12213.0,12207.533333333333,12295.466666666665,0.011054190177375255,0.014621058049904136,,0,0.0
2023-03-09,11973.8,12178.666666666666,12270.733333333332,0.01168619828957325,0.014621058049904136,,0,0.0
2023-03-10,11882.4,12086.333333333334,12228.866666666669,0.011300486394508516,0.014621058049904136,,0,0.0
2023-03-12,11982.1,11922.133333333333,12056.266666666666,0.010408266235544257,0.014621058049904136,,0,0.0
2023-03-13,11945.0,11952.5,12063.4,0.010408360428683034,0.014621058049904136,,0,0.0
2023-03-14,12198.8,11902.533333333333,12128.666666666666,0.011593843117213466,0.014621058049904136,,0,0.0
2023-03-15,12277.2,12112.333333333334,12315.666666666668,0.011689151530136686,0.014621058049904136,,0,0.0
2023-03-16,12596.0,12183.200000000003,12396.000000000005,0.011962987346325234,0.014621058049904136,,0,0.0
2023-03-17,12520.8,12462.933333333334,12738.866666666669,0.012078334240579875,0.014621058049904136,,0,0.0
2023-03-19,12582.6,12549.6,12653.800000000001,0.012097519576495961,0.014621058049904136,,0,0.0
2023-03-20,12569.8,12578.066666666666,12617.133333333331,0.011518576658139589,0.014621058049904136,,0,0.0
2023-03-21,12745.6,12524.799999999997,12647.999999999995,0.011795922350758395,0.014621058049904136,,0,0.0
2023-03-22,12596.4,12691.333333333334,12828.666666666668,0.01221993425675358,0.014621058049904136,,0,0.0
2023-03-23,12742.8,12703.6,12851.800000000001,0.012232153772578587,0.014621058049904136,,0,0.0
2023-03-24,12802.0,12744.466666666665,12906.33333333333,0.012104786525707706,0.014621058049904136,,0,0.0
2023-03-26,12828.9,12738.4,12870.199999999999,0.012099884727891285,0.014621058049904136,,0,0.0
2023-03-27,12705.0,12818.6,12852.1,0.011383628588340876,0.014621058049904136,,0,0.0
2023-03-28,12641.8,12736.766666666668,12825.333333333336,0.011437820917908192,0.014621058049904136,,0,0.0
2023-03-29,12831.2,12624.6,12732.400000000001,0.011822174665900695,0.014621058049904136,,0,0.0
2023-03-30,12985.2,12784.200000000003,12927.600000000006,0.011530019573854246,0.014621058049904136,,0,0.0
2023-03-31,13196.0,12934.866666666669,13050.133333333337,0.01188198831482435,0.014621058049904136,,0,0.0
2023-04-02,13128.2,13114.433333333334,13280.966666666669,0.010762559887121884,0.014621058049904136,,0,0.0
2023-04-03,13137.0,13138.066666666666,13152.733333333332,0.010417704871571282,0.014621058049904136,,0,0.0
2023-04-04,13131.8,13116.733333333332,13190.866666666663,0.010456054814265541,0.014621058049904136,,0,0.0
2023-04-05,12947.4,13143.133333333331,13226.466666666664,0.011146179083319725,0.014621058049904136,,0,0.0
2023-04-06,13054.6,12993.933333333334,13091.06666666667,0.010451471733336127,0.014621058049904136,,0,0.0
2023-04-07,13078.6,12995.199999999999,13145.199999999997,0.010432974533331245,0.014621058049904136,,0,0.0
2023-04-09,13051.6,13061.533333333333,13101.666666666666,0.009000603121542897,0.014621058049904136,,0,0.0
2023-04-10,13067.2,13065.333333333334,13083.866666666669,0.008815035923339713,0.014621058049904136,,0,0.0
2023-04-11,12992.2,12999.6,13136.400000000001,0.008961052751733447,0.014621058049904136,,0,0.0
2023-04-12,12834.4,13015.466666666665,13080.133333333331,0.009466078252323002,0.014621058049904136,,0,0.0
2023-04-13,13097.2,12935.9,13042.5,0.010026309386758376,0.014621058049904136,,0,0.0
2023-04-14,13106.0,13021.533333333335,13209.466666666669,0.00954459436268252,0.014621058049904136,,0,0.0
2023-04-16,13092.8,13076.866666666667,13189.733333333334,0.009290835059422475,0.014621058049904136,,0,0.0
2023-04-17,13084.8,13098.933333333334,13114.266666666668,0.009268407667400039,0.014621058049904136,,0,0.0
2023-04-18,13088.8,13064.0,13144.6,0.009267238901186295,0.014621058049904136,,0,0.0
2023-04-19,13042.8,13115.066666666666,13177.93333333333,0.00899156126963051,0.014621058049904136,,0,0.0
2023-04-20,12997.8,13054.266666666668,13128.933333333336,0.00894144443590727,0.014621058049904136,,0,0.0
2023-04-21,12996.8,13016.4,13095.8,0.008354744485026027,0.014621058049904136,,0,0.0
2023-04-23,12988.2,12978.733333333332,13059.666666666664,0.00791961395530108,0.014621058049904136,,0,0.0
2023-04-24,12974.6,12987.733333333332,12994.666666666664,0.006942379389059024,0.014621058049904136,,0,0.0
2023-04-25,12885.0,12973.333333333334,13055.066666666668,0.007011127285437718,0.014621058049904136,,0,0.0
2023-04-26,12881.6,12865.533333333333,13003.866666666665,0.007003143494661726,0.014621058049904136,,0,0.0
2023-04-27,13134.4,12869.266666666668,12949.533333333336,0.00838272690957504,0.014621058049904136,,0,0.0
2023-04-28,13257.2,13083.866666666667,13306.333333333334,0.007933890667018766,0.014621058049904136,,0,0.0
2023-04-30,13238.6,13206.133333333333,13317.666666666666,0.00777376750141896,0.014621058049904136,,0,0.0
2023-05-01,13216.6,13242.533333333333,13250.066666666666,0.007786855003123636,0.014621058049904136,,0,0.0
2023-05-02,13112.6,13234.800000000001,13280.000000000002,0.007994952259932823,0.014621058049904136,,0,0.0
2023-05-03,13027.8,13139.866666666667,13237.333333333334,0.008130384199959172,0.014621058049904136,,0,0.0
2023-05-04,13033.4,13081.066666666666,13185.133333333331,0.008022262400671344,0.014621058049904136,,0,0.0
2023-05-05,13251.0,13022.066666666668,13112.533333333335,0.008276555940863713,0.014621058049904136,,0,0.0
2023-05-07,13243.8,13188.666666666666,13360.733333333332,0.006992511831190057,0.014621058049904136,,0,0.0
2023-05-08,13282.6,13252.933333333334,13263.266666666668,0.007012274856751498,0.014621058049904136,,0,0.0
2023-05-09,13220.0,13263.666666666666,13332.733333333332,0.007107861461263609,0.014621058049904136,,0,0.0
2023-05-10,13366.0,13236.666666666666,13275.133333333331,0.007479402864237697,0.014621058049904136,,0,0.0
2023-05-11,13400.0,13301.466666666667,13455.133333333335,0.007483790579153779,0.014621058049904136,,0,0.0
2023-05-12,13317.6,13374.333333333334,13443.266666666668,0.007593571322678435,0.014621058049904136,,0,0.0
2023-05-14,13313.4,13338.066666666666,13418.533333333331,0.007527418073098597,0.014621058049904136,,0,0.0
2023-05-15,13411.0,13314.066666666666,13324.333333333332,0.007641275220815169,0.014621058049904136,,0,0.0
2023-05-16,13447.6,13378.066666666666,13458.93333333333,0.007626115167638062,0.014621058049904136,,0,0.0
2023-05-17,13590.4,13444.666666666666,13509.933333333332,0.007842630668544437,0.014621058049904136,,0,0.0
2023-05-18,13880.2,13543.0,13663.6,0.008593476880551067,0.014621058049904136,,0,0.0
2023-05-19,13791.4,13788.933333333334,14002.06666666667,0.008850317895604566,0.014621058049904136,,0,0.0
2023-05-21,13805.6,13817.0,13867.2,0.007997906570496014,0.014621058049904136,,0,0.0
2023-05-22,13900.8,13790.199999999999,13822.999999999998,0.007906006175550134,0.014621058049904136,,0,0.0
2023-05-23,13708.4,13862.4,13947.599999999999,0.008673091884208083,0.014621058049904136,,0,0.0
2023-05-24,13806.8,13771.533333333333,13871.866666666665,0.008713576098428598,0.014621058049904136,,0,0.0
2023-05-25,13924.6,13725.466666666665,13924.133333333331,0.008482552026261393,0.014621058049904136,,0,0.0
2023-05-26,14328.9,13899.6,14015.6,0.009971695253380155,0.014621058049904136,,0,0.0
2023-05-28,14381.0,14181.900000000001,14479.600000000002,0.009923093117757586,0.014621058049904136,,0,0.0
2023-05-29,14350.6,14382.166666666666,14399.233333333332,0.009641459060733024,0.014621058049904136,,0,0.0
2023-05-30,14393.2,14363.933333333334,14396.266666666668,0.009585453830598742,0.014621058049904136,,0,0.0
2023-05-31,14281.2,14411.933333333334,14514.666666666668,0.009953118292805055,0.014621058049904136,,0,0.0
2023-06-01,14454.0,14300.200000000003,14376.600000000006,0.009917084063523138,0.014621058049904136,,0,0.0
2023-06-02,14561.2,14391.066666666666,14562.133333333331,0.009824197462682272,0.014621058049904136,,0,0.0
2023-06-04,14511.2,14533.466666666665,14626.133333333331,0.009971445689313033,0.014621058049904136,,0,0.0
2023-06-05,14539.8,14520.666666666666,14543.733333333332,0.009696334486273805,0.014621058049904136,,0,0.0
2023-06-06,14575.6,14565.6,14643.6,0.009644329308307666,0.014621058049904136,,0,0.0
2023-06-07,14313.2,14552.599999999999,14625.399999999998,0.010852408178314342,0.014621058049904136,,0,0.0
2023-06-08,14483.6,14419.6,14549.400000000001,0.011018962207802352,0.014621058049904136,,0,0.0
2023-06-09,14549.6,14411.4,14582.0,0.010903567547836666,0.014621058049904136,,0,0.0
2023-06-11,14575.0,14554.6,14665.2,0.010062942040477233,0.014621058049904136,,0,0.0
2023-06-12,14805.0,14568.199999999999,14598.399999999998,0.010251852710112043,0.014621058049904136,,0,0.0
2023-06-13,14924.0,14731.0,14900.2,0.010279035756568446,0.014621058049904136,,0,0.0
2023-06-14,15036.4,14882.333333333334,14994.466666666667,0.010289594415776412,0.014621058049904136,,0,0.0
2023-06-15,15181.0,14966.666666666666,15134.933333333332,0.009453810352902891,0.014621058049904136,,0,0.0
2023-06-16,15128.2,15110.6,15333.0,0.009632508009192844,0.014621058049904136,,0,0.0
2023-06-18,15131.0,15170.733333333332,15254.666666666664,0.009635108989729742,0.014621058049904136,,0,0.0
2023-06-19,15076.6,15136.633333333333,15144.266666666666,0.007797023560971336,0.014621058049904136,,0,0.0
2023-06-20,15095.8,15089.666666666666,15120.533333333333,0.007798005771936722,0.014621058049904136,,0,0.0
2023-06-21,14874.6,15062.799999999997,15170.799999999996,0.008643148617752746,0.014621058049904136,,0,0.0
2023-06-22,15064.0,14939.4,15042.0,0.008980049040425472,0.014621058049904136,,0,0.0
2023-06-23,14898.2,14980.666666666666,15162.933333333332,0.009197276143364658,0.014621058049904136,,0,0.0
2023-06-25,14944.6,14930.133333333333,15032.666666666666,0.00890072028752364,0.014621058049904136,,0,0.0
2023-06-26,14737.2,14930.199999999999,14961.799999999997,0.009439265583998033,0.014621058049904136,,0,0.0
2023-06-27,14914.0,14810.200000000003,14922.600000000006,0.00971507198102936,0.014621058049904136,,0,0.0
2023-06-28,15025.6,14871.4,15035.4,0.009809401669860747,0.014621058049904136,,0,0.0
2023-06-29,14971.4,14991.333333333334,15106.866666666669,0.009877913111342245,0.014621058049904136,,0,0.0
2023-06-30,15171.4,14969.733333333332,15057.466666666664,0.009096206643598325,0.014621058049904136,,0,0.0
2023-07-02,15204.4,15119.400000000001,15283.600000000002,0.008849174539375981,0.014621058049904136,,0,0.0
2023-07-03,15191.4,15201.800000000001,15218.200000000003,0.008864685986254046,0.014621058049904136,,0,0.0
2023-07-04,15192.8,15199.6,15237.2,0.008876828754032546,0.014621058049904136,,0,0.0
2023-07-05,15209.6,15201.133333333331,15213.866666666663,0.00827386086344613,0.014621058049904136,,0,0.0
2023-07-06,15077.6,15200.133333333333,15292.866666666667,0.008409298222859803,0.014621058049904136,,0,0.0
2023-07-07,15059.4,15084.333333333334,15204.466666666667,0.008252791507012856,0.014621058049904136,,0,0.0
2023-07-09,15048.6,15103.6,15178.6,0.007943901711214845,0.014621058049904136,,0,0.0
2023-07-10,15064.6,15043.866666666667,15067.533333333333,0.00791638297932405,0.014621058049904136,,0,0.0
2023-07-11,15140.2,15030.0,15124.2,0.00800145804145718,0.014621058049904136,,0,0.0
2023-07-12,15347.2,15092.733333333332,15203.866666666663,0.008502128996292971,0.014621058049904136,,0,0.0
2023-07-13,15588.6,15287.133333333333,15443.666666666666,0.009125028932113755,0.014621058049904136,,0,0.0
2023-07-14,15570.6,15517.333333333334,15688.266666666668,0.008319614386564927,0.014621058049904136,,0,0.0
2023-07-16,15543.4,15615.066666666666,15688.533333333331,0.007989407351556161,0.014621058049904136,,0,0.0
2023-07-17,15694.6,15549.133333333333,15560.066666666666,0.0076037079512812685,0.014621058049904136,,0,0.0
2023-07-18,15837.6,15663.800000000001,15789.200000000003,0.007740636857356818,0.014621058049904136,,0,0.0
2023-07-19,15733.8,15784.333333333334,15958.866666666669,0.007045435072129514,0.014621058049904136,,0,0.0
2023-07-20,15456.2,15796.733333333332,15874.866666666663,0.0081506621335954,0.014621058049904136,,0,0.0
2023-07-21,15446.8,15553.333333333334,15682.866666666669,0.008054958133012395,0.014621058049904136,,0,0.0
2023-07-23,15442.4,15485.666666666666,15555.933333333332,0.007979863259014744,0.014621058049904136,,0,0.0
2023-07-24,15470.6,15446.466666666667,15459.533333333335,0.007485286604857896,0.014621058049904136,,0,0.0
2023-07-25,15539.8,15453.266666666668,15528.333333333336,0.00752176211391686,0.014621058049904136,,0,0.0
2023-07-26,15556.4,15544.799999999997,15636.799999999996,0.007507484719795384,0.014621058049904136,,0,0.0
2023-07-27,15488.4,15528.866666666667,15639.733333333334,0.007608269184315697,0.014608757503081105,,0,0.0
2023-07-28,15747.4,15570.133333333333,15724.666666666666,0.008382560662461373,0.014589219841079897,,0,0.0
2023-07-30,15788.8,15664.333333333334,15879.666666666668,0.008013792717892425,0.014551729333183978,,0,0.0
2023-07-31,15774.8,15782.799999999997,15823.599999999995,0.008006651039542205,0.01452548136124266,,0,0.0
2023-08-01,15668.2,15758.0,15822.8,0.008239136113098098,0.014520362709795238,,0,0.0
2023-08-02,15406.4,15690.4,15781.599999999999,0.00924797672626455,0.01449589025237294,,0,0.0
2023-08-03,15399.6,15479.866666666667,15630.733333333334,0.00920868116815867,0.014435494772167328,,0,0.0
2023-08-04,15281.6,15374.733333333332,15494.866666666663,0.008879903110487352,0.01435526782936506,,0,0.0
2023-08-06,15319.2,15355.0,15455.0,0.008089478383999765,0.014299405517347277,,0,0.0
2023-08-07,15416.8,15308.466666666667,15331.333333333334,0.008247565419390711,0.014299405517347277,,0,0.0
2023-08-08,15288.0,15365.4,15478.0,0.008431950612760116,0.014299405517347277,,0,0.0
2023-08-09,15153.8,15286.199999999999,15422.199999999997,0.008229500828124896,0.014299405517347277,,0,0.0
2023-08-10,15174.8,15202.033333333335,15318.966666666669,0.00786771809672101,0.014299405517347277,,0,0.0
2023-08-11,15041.6,15208.333333333334,15343.066666666668,0.00794917834016531,0.014299405517347277,,0,0.0
2023-08-13,15075.2,15071.533333333333,15171.066666666666,0.007118079607350562,0.014299405517347277,,0,0.0
2023-08-14,15243.6,15065.466666666665,15092.533333333331,0.00763980018230325,0.014299405517347277,,0,0.0
2023-08-15,15063.8,15154.066666666666,15348.133333333331,0.008035398350406979,0.014299405517347277,,0,0.0
2023-08-16,14873.8,15120.933333333334,15220.466666666669,0.008389154996399186,0.014299405517347277,,0,0.0
2023-08-17,14697.6,14949.4,15031.199999999999,0.008525955498177308,0.014299405517347277,,0,0.0
2023-08-18,14693.8,14777.866666666667,14880.933333333334,0.008499824401835533,0.014299405517347277,,0,0.0
2023-08-20,14728.0,14666.066666666666,14779.333333333332,0.008566947293915356,0.014299405517347277,,0,0.0
2023-08-21,14909.2,14723.166666666666,14740.833333333332,0.00808932783084143,0.014299405517347277,,0,0.0
2023-08-22,14920.0,14848.866666666669,15028.333333333338,0.008034315101347363,0.014299405517347277,,0,0.0
2023-08-23,15291.4,14960.333333333334,15032.266666666668,0.010146831031125136,0.014299405517347277,,0,0.0
2023-08-24,14811.8,15171.800000000001,15429.600000000002,0.012117503180765684,0.014299405517347277,,0,0.0
2023-08-25,14928.2,14987.533333333335,15198.466666666669,0.01186922721580343,0.014299405517347277,,0,0.0
2023-08-27,14969.6,14882.6,15052.800000000001,0.011906142762801126,0.014299405517347277,,0,0.0
2023-08-28,15065.2,14970.333333333334,14987.866666666669,0.011928359618019907,0.014299405517347277,,0,0.0
2023-08-29,15403.2,15028.066666666666,15122.733333333332,0.012991005127867158,0.014299405517347277,,0,0.0
2023-08-30,15470.4,15277.6,15537.0,0.0129497410411947,0.014299405517347277,,0,0.0
2023-08-31,15505.2,15431.0,15532.0,0.012794913683152161,0.014299405517347277,,0,0.0
2023-09-01,15480.0,15502.333333333334,15576.666666666668,0.01261224309927458,0.014299405517347277,,0,0.0
2023-09-03,15484.6,15510.6,15598.400000000001,0.01261348106375755,0.014299405517347277,,0,0.0
2023-09-04,15494.8,15482.733333333332,15496.066666666664,0.012399747502760565,0.014299405517347277,,0,0.0
2023-09-05,15496.0,15507.199999999999,15534.599999999999,0.012402942000324735,0.014299405517347277,,0,0.0
2023-09-06,15372.6,15481.133333333333,15575.466666666667,0.012351583081079342,0.014299405517347277,,0,0.0
2023-09-07,15265.4,15390.666666666666,15487.933333333332,0.012144411181539376,0.014299405517347277,,0,0.0
2023-09-08,15311.0,15260.466666666667,15381.533333333335,0.011736082397406977,0.014299405517347277,,0,0.0
2023-09-10,15321.6,15297.666666666666,15387.733333333332,0.011311995006409678,0.014274263054312085,,0,0.0
2023-09-11,15473.0,15313.666666666666,15330.533333333333,0.011425403721734636,0.014254174778195279,,0,0.0
2023-09-12,15323.4,15426.4,15557.4,0.011753344017389821,0.014243413923122328,,0,0.0
2023-09-13,15398.0,15372.6,15444.2,0.011527367814294092,0.014230316947070144,,0,0.0
2023-09-14,15497.8,15353.6,15484.0,0.011574096954859085,0.01416688242587233,,0,0.0
2023-09-15,15208.2,15460.733333333332,15571.666666666664,0.011123982094246952,0.014109133388541644,,0,0.0
2023-09-17,15236.8,15309.799999999997,15437.799999999996,0.008366250443789641,0.014104600182570369,,0,0.0
2023-09-18,15256.6,15226.133333333331,15249.066666666662,0.008229193624155846,0.014097465297972038,,0,0.0
2023-09-19,15216.4,15234.533333333333,15314.466666666665,0.008260828664947236,0.014070878067316515,,0,0.0
2023-09-20,14946.6,15190.199999999999,15299.799999999997,0.009125200399360694,0.014050588860605655,,0,0.0
2023-09-21,14693.4,15052.800000000001,15163.000000000002,0.008144101014753111,0.014029961791104772,,0,0.0
2023-09-22,14719.6,14781.400000000001,14879.600000000002,0.00805253398593253,0.014006481349170203,,0,0.0
2023-09-24,14742.2,14756.533333333333,14834.266666666666,0.00803214195061546,0.014002232297919803,,0,0.0
2023-09-25,14784.6,14743.133333333333,14757.666666666666,0.008120202776561286,0.013995566994150024,,0,0.0
2023-09-26,14593.6,14739.533333333333,14852.266666666666,0.008432550567121931,0.013973487020093506,,0,0.0
2023-09-27,14631.8,14633.333333333334,14745.266666666668,0.008487559630866543,0.013902218317939946,,0,0.0
2023-09-28,14727.8,14585.6,14726.2,0.008724829124242512,0.013844422021363052,,0,0.0
2023-09-29,14752.2,14683.733333333332,14851.666666666664,0.008672958511782371,0.013815462933911993,,0,0.0
2023-10-01,14812.6,14781.266666666668,14891.733333333337,0.008693444340761818,0.013787840661991953,,0,0.0
2023-10-02,14856.6,14821.800000000001,14849.400000000001,0.008692994580755644,0.013764374353744484,,0,0.0
2023-10-03,14582.8,14817.0,14948.2,0.009460436977904024,0.013738095175695748,,0,0.0
2023-10-04,14783.4,14664.533333333335,14811.466666666669,0.009760612322950267,0.013663842264678316,,0,0.0
2023-10-05,14722.0,14687.933333333334,14920.266666666668,0.009616283281881651,0.013567760179404715,,0,0.0
2023-10-06,15010.6,14711.6,14837.6,0.01067301629160794,0.013538624178769363,,0,0.0
2023-10-08,14899.2,14857.4,15184.4,0.010597576266581716,0.013530909881348587,,0,0.0
2023-10-09,15075.8,14890.6,14918.400000000001,0.010248102229174803,0.01352562445065304,,0,0.0
2023-10-10,15164.0,14995.066666666666,15169.333333333332,0.01033243495914695,0.013525101271137123,,0,0.0
2023-10-11,15294.2,15157.866666666667,15266.133333333333,0.010514531127661982,0.013524062883962133,,0,0.0
2023-10-12,15209.8,15240.333333333334,15348.466666666667,0.010574696232940241,0.013498747823579762,,0,0.0
2023-10-13,14991.2,15218.333333333334,15340.066666666668,0.010300903391332777,0.013452137217082386,,0,0.0
2023-10-15,15050.2,15061.4,15176.199999999999,0.009499197959148773,0.0134254993169519,,0,0.0
2023-10-16,15180.6,15035.300000000001,15065.100000000002,0.009643306349699012,0.01341997016608782,,0,0.0
2023-10-17,15103.8,15124.800000000001,15282.400000000001,0.009757241761626626,0.013389418533389732,,0,0.0
2023-10-18,14933.4,15082.200000000003,15223.800000000005,0.0101397327353605,0.013342154699022998,,0,0.0
2023-10-19,14739.2,14976.6,15078.2,0.01014573040592121,0.013291606174807246,,0,0.0
2023-10-20,14554.6,14830.066666666666,14942.93333333333,0.010540258952459598,0.013249499230060652,,0,0.0
2023-10-22,14613.6,14628.933333333332,14708.066666666666,0.010470141432791296,0.013231153674982923,,0,0.0
2023-10-23,14673.6,14598.666666666666,14629.533333333333,0.010508935782102644,0.013197395018812546,,0,0.0
2023-10-24,14727.0,14617.733333333332,14816.666666666664,0.01049960293299207,0.013146937983506893,,0,0.0
2023-10-25,14265.2,14735.133333333333,14852.066666666666,0.012552704635311862,0.013105263352868456,,0,0.0
2023-10-26,14235.2,14413.666666666666,14580.333333333332,0.011940820524446836,0.013074338642890013,,0,0.0
2023-10-27,14191.2,14223.266666666668,14386.133333333337,0.011417655606246194,0.013051205598581174,,0,0.0
2023-10-29,14252.2,14216.733333333332,14301.666666666664,0.011489157718128336,0.01303717485557146,,0,0.0
2023-10-30,14325.8,14247.266666666668,14270.733333333337,0.010500624504968512,0.013021450808331034,,0,0.0
2023-10-31,14381.6,14317.066666666666,14407.333333333332,0.010513834543051857,0.013005684150725661,,0,0.0
2023-11-01,14720.2,14350.199999999999,14461.799999999997,0.011578849866982412,0.012995433616367633,,0,0.0
2023-11-02,14872.0,14594.200000000003,14849.000000000005,0.01176193704471061,0.01299045287026922,,0,0.0
2023-11-03,15114.2,14840.6,14976.2,0.01220656142873253,0.012972648166897978,,0,0.0
2023-11-05,15105.0,15044.4,15228.199999999999,0.012150000408786051,0.01295378012080443,,0,0.0
2023-11-06,15144.2,15112.800000000001,15123.800000000003,0.011697825404859422,0.012950952780839443,,0,0.0
2023-11-07,15303.6,15134.800000000001,15196.000000000002,0.011888769957061195,0.012947572200056844,,0,0.0
2023-11-08,15290.6,15254.0,15396.8,0.011751405394218156,0.01294492636150316,,0,0.0
2023-11-09,15169.4,15288.333333333334,15354.466666666667,0.011839022453387619,0.01294341392193885,,0,0.0
2023-11-10,15521.6,15239.800000000001,15318.800000000003,0.012556797538917343,0.012940529535995502,,0,0.0
2023-11-12,15499.6,15406.133333333333,15667.866666666667,0.012086147415551763,0.012937068768426926,,0,0.0
2023-11-13,15501.8,15509.133333333333,15530.466666666667,0.011573566857585784,0.012925758208316169,,0,0.0
2023-11-14,15844.6,15479.133333333331,15553.866666666663,0.012322250910881934,0.012915723673302768,,0,0.0
2023-11-15,15805.2,15734.133333333333,15973.066666666666,0.012410628470597313,0.012900735743514816,,0,0.0
2023-11-16,15829.2,15855.733333333332,15937.066666666664,0.012421081633341921,0.012840498647777688,,0,0.0
2023-11-17,15819.6,15805.800000000001,15873.000000000002,0.00938736168333484,0.012777875625970856,,0,0.0
2023-11-19,15808.8,15824.199999999999,15880.199999999997,0.009334219765434186,0.012724394573337253,,0,0.0
2023-11-20,16045.2,15816.933333333334,15840.06666666667,0.009352831249707767,0.012679525680594314,,0,0.0
2023-11-21,15907.4,15962.933333333334,16143.466666666669,0.009917530315958437,0.012642290423530614,,0,0.0
2023-11-22,16001.0,15945.066666666666,16028.733333333332,0.00991734319531631,0.012612862081516065,,0,0.0
2023-11-23,16020.0,16007.4,16119.0,0.009960102682594937,0.012607042650807332,,0,0.0
2023-11-24,15967.4,16018.6,16043.0,0.009171089540145264,0.012579319870628713,,0,0.0
2023-11-26,15942.8,15977.133333333333,16016.466666666667,0.009132379292341238,0.012554751087114603,,0,0.0
2023-11-27,15965.4,15947.0,15955.0,0.008630001906363687,0.012486893134326892,,0,0.0
2023-11-28,16011.8,15968.266666666668,16041.733333333337,0.008593108950834458,0.012415855051969616,,0,0.0
2023-11-29,16013.4,15979.799999999997,16058.799999999996,0.008616674745110443,0.012406785235461024,,0,0.0
2023-11-30,15932.2,16054.6,16124.800000000001,0.00858919231395881,0.01240134475154265,,0,0.0
2023-12-01,16001.8,15940.799999999997,16056.199999999995,0.008575741183616111,0.012375665291919954,,0,0.0
2023-12-03,15963.0,15951.799999999997,16070.599999999995,0.008314348116845496,0.012336916995980638,,0,0.0
2023-12-04,15827.0,15973.0,15986.8,0.0071107939423131275,0.012320143883475769,,0,0.0
2023-12-05,15907.6,15831.066666666666,15969.93333333333,0.007143306815675556,0.012316840072032497,,0,0.0
2023-12-06,15799.4,15861.466666666667,15983.933333333334,0.007368962655997991,0.012273898530286988,,0,0.0
2023-12-07,16005.0,15866.900000000001,15950.100000000002,0.00618019660590516,0.012226044014666083,,0,0.0
2023-12-08,16078.2,15943.199999999999,16112.399999999998,0.006200912785690142,0.012213247842743056,,0,0.0
2023-12-10,16089.6,16019.0,16162.4,0.006199132024957169,0.012195831760706977,,0,0.0
2023-12-11,16235.0,16085.466666666667,16102.733333333334,0.006451075672335021,0.012179300284387847,,0,0.0
2023-12-12,16410.4,16169.333333333334,16307.866666666669,0.006767280945556878,0.01216174944244016,,0,0.0
2023-12-13,16623.0,16334.466666666667,16489.733333333334,0.006576304947515196,0.012147205795162715,,0,0.0
2023-12-14,16569.4,16544.333333333332,16702.466666666664,0.006231060695744495,0.01213095718115253,,0,0.0
2023-12-15,16624.8,16565.866666666665,16694.93333333333,0.006174621649962036,0.012115943568210124,,0,0.0
2023-12-17,16634.0,16625.933333333334,16696.06666666667,0.0061802712430095805,0.012109585240681134,,0,0.0
2023-12-18,16748.0,16631.466666666664,16650.133333333328,0.0061483517263252714,0.012102335626799497,,0,0.0
2023-12-19,16852.4,16721.933333333334,16825.06666666667,0.006131349764065661,0.012098702152193623,,0,0.0
2023-12-20,16637.8,16815.06666666667,16895.13333333334,0.007047001455089269,0.012091833496023862,,0,0.0
2023-12-21,16773.6,16707.13333333333,16828.466666666664,0.007175927728814592,0.012082240828065818,,0,0.0
2023-12-22,16793.8,16732.8,16838.0,0.007161928404410214,0.012030171388383928,,0,0.0
2023-12-25,16836.4,16796.666666666668,16869.733333333337,0.006942572685870622,0.011972497941256606,,0,0.0
2023-12-26,16921.8,16831.8,16847.199999999997,0.006952788892846801,0.011951903935386036,,0,0.0
2023-12-27,16956.2,16897.266666666666,16977.533333333333,0.00684638120762497,0.011934590071233372,,0,0.0
2023-12-28,16936.6,16937.13333333333,16985.86666666666,0.006373392679660445,0.011917251190410517,,0,0.0
2023-12-29,16844.2,16950.133333333335,16985.66666666667,0.006657213639448295,0.011898847805177432,,0,0.0
2024-01-01,16866.8,16861.733333333334,16949.066666666666,0.006271379554200863,0.011890161402307465,,0,0.0
2024-01-02,16572.0,16864.2,16876.800000000003,0.007390364725459007,0.011885379135942772,,0,0.0
2024-01-03,16401.6,16639.8,16807.8,0.007827228387639227,0.01187560776531389,,0,0.0
2024-01-04,16311.8,16450.93333333333,16526.66666666666,0.007961382638358142,0.011864515016935265,,0,0.0
2024-01-05,16322.6,16347.466666666667,16403.733333333334,0.007717208671584029,0.011856073378753933,,0,0.0
2024-01-07,16339.8,16314.599999999999,16439.6,0.007316118532318315,0.011845683196414193,,0,0.0
2024-01-08,16648.0,16334.1,16352.300000000001,0.007965126564899417,0.011830598559644157,,0,0.0
2024-01-09,16702.2,16519.133333333335,16802.86666666667,0.007954341666870117,0.011809048508329544,,0,0.0
2024-01-10,16826.2,16652.100000000002,16782.900000000005,0.008084300741417817,0.011778929697734503,,0,0.0
2024-01-11,16818.6,16780.2,16894.2,0.008087946864404649,0.011757640531050216,,0,0.0
2024-01-12,16823.8,16786.733333333334,16952.86666666667,0.007952156884633018,0.011752374705803988,,0,0.0
2024-01-14,16814.2,16822.7,16911.300000000003,0.007827530372305096,0.011743743895812567,,0,0.0
2024-01-15,16804.6,16818.333333333332,16828.666666666664,0.007243719092865503,0.0117169539011332,,0,0.0
2024-01-16,16858.4,16833.033333333333,16863.666666666664,0.007050769106395189,0.011693488467498054,,0,0.0
2024-01-17,16737.6,16814.06666666667,16946.933333333338,0.007238648094126507,0.011687674909854968,,0,0.0
2024-01-18,17032.8,16721.866666666665,16875.53333333333,0.008249715525792867,0.011685112848571173,,0,0.0
2024-01-19,17347.8,16930.333333333332,17137.666666666664,0.009130472263302951,0.011674127473527479,,0,0.0
2024-01-21,17367.6,17239.2,17463.2,0.009128796618958119,0.011629035328349665,,0,0.0
2024-01-22,17354.2,17369.133333333335,17381.26666666667,0.009123893072316982,0.01159172573313419,,0,0.0
2024-01-23,17468.8,17381.466666666664,17440.733333333326,0.009055076182352462,0.011584229108018661,,0,0.0
2024-01-24,17510.0,17413.0,17526.4,0.009054861639283778,0.01157647341092075,,0,0.0
2024-01-25,17435.6,17552.533333333333,17643.066666666666,0.007983717638001025,0.011573831906222434,,0,0.0
2024-01-26,17397.6,17501.333333333332,17579.066666666666,0.007487154536976784,0.011570667119097159,,0,0.0
2024-01-28,17372.6,17427.0,17494.8,0.007299282584638123,0.011561266783992451,,0,0.0
2024-01-29,17613.4,17369.6,17388.799999999996,0.0076479575088963985,0.011552675044617634,,0,0.0
2024-01-30,17339.2,17536.033333333333,17699.966666666667,0.008785228455282906,0.011549208880464944,,0,0.0
2024-01-31,17173.0,17422.666666666668,17543.733333333337,0.008376888730994988,0.011538926716462618,,0,0.0
2024-02-01,17498.6,17220.266666666666,17327.333333333332,0.009233757564371016,0.01152869369407417,,0,0.0
2024-02-02,17599.0,17400.566666666666,17647.63333333333,0.009192800683187192,0.01152297223621684,,0,0.0
2024-02-04,17618.8,17551.933333333334,17733.26666666667,0.009174814622236809,0.011503867188133962,,0,0.0
2024-02-05,17614.4,17619.7,17632.7,0.009182259255800308,0.011484164066283564,,0,0.0
2024-02-06,17572.1,17581.2,17697.0,0.009221829804045333,0.01147513848879833,,0,0.0
2024-02-07,17762.8,17579.3,17679.199999999997,0.0093903278295947,0.011454463740533029,,0,0.0
2024-02-08,17785.6,17702.733333333334,17855.666666666668,0.00939599935761592,0.011431612319821413,,0,0.0
2024-02-09,17961.8,17772.033333333333,17830.366666666665,0.009224351279831176,0.011421529663990414,,0,0.0
2024-02-11,17956.8,17907.2,18043.800000000003,0.008638292593245597,0.011406031649635422,,0,0.0
2024-02-12,17860.2,17947.933333333334,17970.26666666667,0.007961016553749289,0.0113940628467405,,0,0.0
2024-02-13,17622.0,17912.466666666664,17991.133333333328,0.008624667004916209,0.011388673294398615,,0,0.0
2024-02-14,17810.8,17662.266666666666,17845.13333333333,0.008895269673801444,0.011371050946976597,,0,0.0
2024-02-15,17886.5,17744.266666666666,17887.333333333332,0.008837310880956207,0.011335234156010999,,0,0.0
2024-02-16,17659.2,17834.033333333333,17955.266666666666,0.009361682242908589,0.01130839302136532,,0,0.0
2024-02-18,17714.0,17757.066666666666,17862.13333333333,0.009311009022198478,0.011302638715414738,,0,0.0
2024-02-19,17685.0,17707.533333333333,17736.066666666666,0.009302558437465231,0.011272945045780101,,0,0.0
2024-02-20,17516.6,17701.733333333334,17727.466666666667,0.009579226265699285,0.011231646892265842,,0,0.0
2024-02-21,17653.6,17531.93333333333,17674.266666666663,0.009222981967818348,0.011212811820004984,,0,0.0
2024-02-22,17991.9,17544.833333333332,17765.266666666663,0.009375344554426951,0.011199689178625356,,0,0.0
2024-02-23,17917.1,17894.166666666668,18135.533333333336,0.009100179706824522,0.011168911944020235,,0,0.0
2024-02-25,17936.5,17969.833333333332,18042.666666666664,0.008196521117314174,0.011135080588783338,,0,0.0
2024-02-26,17924.7,17928.2,17950.600000000002,0.008137530761293624,0.011089086135811103,,0,0.0
2024-02-27,17965.3,17939.233333333334,18002.266666666666,0.008142821811913597,0.011036576192588804,,0,0.0
2024-02-28,17837.7,17946.0,18021.3,0.008340217419072968,0.01096126487781951,,0,0.0
2024-02-29,18026.9,17876.36666666667,17938.333333333336,0.008592073159809,0.010897023454074731,,0,0.0
2024-03-01,18287.5,17965.866666666665,18137.73333333333,0.008836944960189429,0.01087144376931357,,0,0.0
2024-03-03,18309.0,18208.266666666666,18418.833333333332,0.008837112918161966,0.010851560412467013,,0,0.0
2024-03-04,18197.2,18311.3,18329.1,0.008759293104369296,0.010806636266870784,,0,0.0
2024-03-05,17940.5,18244.0,18296.4,0.00936441231246573,0.010717788089364912,,0,0.0
2024-03-06,17997.4,17987.766666666666,18164.733333333334,0.00930104828978445,0.010664337301462651,,0,0.0
2024-03-07,18246.8,18023.5,18126.2,0.0091703621786368,0.01064197785624863,,0,0.0
2024-03-08,18037.1,18160.8,18426.6,0.00937425420338849,0.010612936833880806,,0,0.0
2024-03-10,18026.3,18149.8,18304.1,0.009339510877773046,0.010586136249760979,,0,0.0
2024-03-11,18047.8,18004.033333333336,18049.66666666667,0.008812667702700729,0.01055747759269992,,0,0.0
2024-03-12,18250.4,17990.300000000003,18107.200000000004,0.009091350090734921,0.01052739504006079,,0,0.0
2024-03-13,18146.1,18146.93333333333,18366.266666666663,0.00921109891868714,0.01051418283535692,,0,0.0
2024-03-14,18014.4,18160.533333333333,18264.166666666664,0.009083747275467959,0.01051138516257725,,0,0.0
2024-03-15,17844.4,18050.933333333334,18164.466666666667,0.009263713923455878,0.010504780143535578,,0,0.0
2024-03-17,17860.4,17910.133333333335,18032.86666666667,0.008170966717155434,0.01050011371898029,,0,0.0
2024-03-18,17976.6,17862.600000000002,17881.700000000004,0.008255885549081667,0.010484872182891684,,0,0.0
2024-03-19,18057.5,17994.333333333332,18143.866666666665,0.008310346648960059,0.010463098123528419,,0,0.0
2024-03-20,18367.8,17992.533333333333,18146.566666666666,0.009113172147612817,0.010453763273800834,,0,0.0
2024-03-21,18376.0,18254.033333333336,18491.566666666673,0.009111700557516839,0.010442223133333685,,0,0.0
2024-03-22,18355.4,18404.3,18468.699999999997,0.008922062877206776,0.010425339702451263,,0,0.0
2024-03-24,18377.6,18350.833333333332,18421.866666666665,0.008659096136589007,0.010413032650127158,,0,0.0
2024-03-25,18339.8,18367.333333333332,18390.066666666666,0.00807608629494951,0.010408313332113645,,0,0.0
2024-03-26,18290.4,18313.0,18419.0,0.008097138339456817,0.010370350597345604,,0,0.0
2024-03-27,18285.2,18316.6,18391.6,0.007970466668419919,0.010316669175239865,,0,0.0
2024-03-28,18271.1,18279.066666666666,18378.63333333333,0.007227537249856374,0.010295248903554596,,0,0.0
2024-03-31,18415.4,18289.466666666667,18324.533333333333,0.007380055696305207,0.010284315086172429,,0,0.0
2024-04-01,18285.6,18390.266666666666,18443.333333333332,0.006957543242927361,0.010265444233340245,,0,0.0
2024-04-02,18147.4,18308.1,18394.899999999998,0.006660946083457273,0.010249977469643422,,0,0.0
2024-04-03,18265.6,18163.433333333334,18309.966666666667,0.00679743155690268,0.01019746663014997,,0,0.0
2024-04-04,17912.5,18207.3,18362.699999999997,0.008134038822630476,0.010146280718523172,,0,0.0
2024-04-05,18137.0,18058.933333333334,18241.36666666667,0.00823652816913692,0.010142731570640856,,0,0.0
2024-04-07,18146.4,18081.7,18290.0,0.008137358722910389,0.010101337387918866,,0,0.0
2024-04-08,18128.6,18157.6,18182.399999999998,0.007960518452256307,0.010044625713617805,,0,0.0
2024-04-09,18202.0,18131.899999999998,18198.799999999996,0.007653468952311176,0.009999002320069266,,0,0.0
2024-04-10,17997.8,18143.433333333334,18299.36666666667,0.008128489649566672,0.009971570471346593,,0,0.0
2024-04-11,18330.8,18062.86666666667,18237.733333333337,0.00899776432639401,0.009965774185953985,,0,0.0
2024-04-12,18017.0,18206.433333333334,18483.666666666668,0.00981815968448532,0.009956610487699996,,0,0.0
2024-04-14,18081.8,18109.899999999998,18255.199999999997,0.008997478282840003,0.00993810570528132,,0,0.0
2024-04-15,17723.6,18065.266666666666,18115.533333333333,0.009946280551972954,0.009934686834865269,,0,0.0
2024-04-16,17793.8,17871.133333333335,18047.46666666667,0.010028002986279545,0.009934686834865269,,0,0.0
2024-04-17,17547.6,17761.566666666666,17877.833333333332,0.010372135341882307,0.009934686834865269,,0,0.0
2024-04-18,17355.8,17617.266666666666,17756.533333333333,0.010551362964397392,0.009934686834865269,,0,0.0
2024-04-19,17052.5,17442.899999999998,17544.799999999996,0.011056473591311292,0.009934686834865269,,0,0.0
2024-04-21,17141.4,17152.2,17319.100000000002,0.011206371541464004,0.009934686834865269,,0,0.0
2024-04-22,17202.4,17117.8,17167.8,0.01129650492291982,0.009934686834865269,,0,0.0
2024-04-23,17579.8,17183.433333333334,17346.86666666667,0.012389473279483375,0.009934686834865269,,0,0.0
2024-04-24,17343.2,17449.466666666664,17727.133333333328,0.012601345935930592,0.009934686834865269,,0,0.0
2024-04-25,17643.8,17448.399999999998,17569.799999999996,0.013292602405309368,0.009934686834865269,,0,0.0
2024-04-26,17724.1,17514.666666666668,17841.333333333336,0.013238859951058874,0.009934686834865269,,0,0.0
2024-04-28,17773.4,17688.166666666668,17823.333333333336,0.012570806822489487,0.009934686834865269,,0,0.0
2024-04-29,17802.9,17763.1,17786.399999999998,0.012216036869529157,0.009934686834865269,,0,0.0
2024-04-30,17405.4,17774.466666666667,17863.733333333334,0.013115573643866259,0.009934686834865269,,0,0.0
2024-05-01,17430.6,17529.8,17689.399999999998,0.01313673876591616,0.009934686834865269,,0,0.0
2024-05-02,17656.8,17474.666666666664,17649.03333333333,0.013495590540367948,0.009934686834865269,,0,0.0
2024-05-03,17926.5,17551.566666666666,17814.333333333332,0.013781695644781622,0.009934686834865269,,0,0.0
2024-05-05,17906.6,17833.0,18043.9,0.013067020316868535,0.009934686834865269,,0,0.0
2024-05-06,18084.7,17919.93333333333,17937.066666666662,0.012716284013705803,0.009934686834865269,,0,0.0
2024-05-07,18106.6,18024.766666666666,18163.333333333332,0.012694553506439539,0.009934686834865269,,0,0.0
2024-05-08,18066.0,18108.633333333335,18165.56666666667,0.011818675870762185,0.009934686834865269,,0,0.0
2024-05-09,18133.2,18061.966666666664,18148.83333333333,0.011815644508416032,0.009934686834865269,,0,0.0
2024-05-10,18153.8,18095.733333333334,18182.86666666667,0.011287926301128032,0.009934686834865269,,0,0.0
2024-05-12,18155.6,18166.033333333336,18237.466666666674,0.010897990016599343,0.009934686834865269,,0,0.0
2024-05-13,18196.6,18153.2,18167.2,0.009855699086863734,0.009920311716858012,,0,0.0
2024-05-14,18335.4,18195.833333333332,18246.766666666663,0.009895099647214807,0.009917436755637374,,0,0.0
2024-05-15,18635.7,18256.466666666667,18432.733333333334,0.010311079195868265,0.009917436755637374,,0,0.0
2024-05-16,18569.4,18529.53333333333,18747.96666666666,0.009530903764682344,0.009917213629419724,,0,0.0
2024-05-17,18556.5,18598.833333333336,18645.76666666667,0.00878403467189902,0.009906091855368972,,0,0.0
2024-05-19,18588.8,18542.5,18618.6,0.008153917869248017,0.009886506379278525,,0,0.0
2024-05-20,18675.6,18580.666666666668,18600.733333333337,0.008155417158031638,0.009866806099102989,,0,0.0
2024-05-21,18737.1,18646.8,18736.699999999997,0.008156654318015915,0.009839948274773004,,0,0.0
2024-05-22,18802.4,18692.833333333332,18783.466666666664,0.008154904986436017,0.009821178573583797,,0,0.0
2024-05-23,18632.4,18743.0,18877.7,0.0063429206317919705,0.009813780677173034,,0,0.0
2024-05-24,18804.0,18710.56666666667,18871.83333333334,0.006451726281772286,0.009785006996405507,,0,0.0
2024-05-26,18768.8,18758.866666666665,18903.13333333333,0.006191505364765875,0.009758927042288448,,0,0.0
2024-05-27,18840.0,18785.233333333334,18802.166666666668,0.005493974077491868,0.009736156871327993,,0,0.0
2024-05-28,18875.6,18831.36666666667,18896.533333333336,0.005430742669821941,0.009705703233651584,,0,0.0
2024-05-29,18671.4,18846.833333333332,18941.866666666665,0.0059252843516674454,0.009670331897290736,,0,0.0
2024-05-30,18508.6,18734.733333333334,18816.666666666668,0.006360893606472095,0.009643817829003339,,0,0.0
2024-05-31,18526.0,18580.633333333335,18661.96666666667,0.006312034649339415,0.009642382705216019,,0,0.0
2024-06-02,18545.6,18444.833333333332,18698.566666666666,0.006285823973902351,0.009638284025231383,,0,0.0
2024-06-03,18602.4,18530.2,18567.4,0.006300445984528375,0.009633808499461292,,0,0.0
2024-06-04,18698.9,18566.933333333334,18744.36666666667,0.006354452883939954,0.009624395645537248,,0,0.0
2024-06-05,19051.2,18623.733333333334,18783.966666666667,0.007447215445188058,0.009600868556240197,,0,0.0
2024-06-06,19039.2,18927.600000000002,19191.200000000004,0.007366135781230519,0.009582340048149014,,0,0.0
2024-06-07,18999.0,19035.733333333334,19086.466666666667,0.006572344650752835,0.009561910314190902,,0,0.0
2024-06-09,18995.0,19008.966666666664,19113.83333333333,0.006492680532587196,0.009537749063682432,,0,0.0
2024-06-10,19059.4,19003.86666666667,19018.333333333336,0.006495728700305036,0.009515050861915559,,0,0.0
2024-06-11,19235.4,19035.4,19128.600000000002,0.006730835192299939,0.009482638105735887,,0,0.0
2024-06-12,19581.3,19151.2,19332.800000000003,0.007634239237978967,0.009463257615113513,,0,0.0
2024-06-13,19596.0,19463.899999999998,19710.499999999996,0.0076397193936413,0.009457123665403458,,0,0.0
2024-06-14,19673.4,19581.933333333334,19682.466666666667,0.007644311286769238,0.009446537968450462,,0,0.0
2024-06-16,19691.5,19610.533333333333,19742.266666666666,0.0071770929059512805,0.009417632470806975,,0,0.0
2024-06-17,19927.0,19682.5,19714.4,0.007331177705891751,0.00939316359360531,,0,0.0
2024-06-18,19973.5,19845.899999999998,20071.199999999997,0.007246018310519137,0.00938884475646477,,0,0.0
2024-06-19,19994.0,19940.166666666668,20024.933333333334,0.007259292848850587,0.009381353118880897,,0,0.0
2024-06-20,19837.6,19985.533333333333,20012.066666666666,0.007651827044732507,0.00937479937890772,,0,0.0
2024-06-21,19780.6,19897.866666666665,20068.63333333333,0.007110197258423717,0.00936933325792711,,0,0.0
2024-06-23,19778.4,19772.033333333333,19861.966666666667,0.006612061490447979,0.009363047277687159,,0,0.0
2024-06-24,19551.3,19783.7,19793.600000000002,0.007387709597835612,0.009357256746308178,,0,0.0
2024-06-25,19748.6,19619.600000000002,19731.400000000005,0.00755482515895027,0.009346171063740406,,0,0.0
2024-06-26,19703.4,19674.93333333333,19843.66666666666,0.007653118692687853,0.009336865321603615,,0,0.0
2024-06-27,19880.2,19746.766666666666,19809.533333333333,0.007758579218121488,0.009322614393816332,,0,0.0
2024-06-28,19754.9,19813.466666666664,19967.83333333333,0.007080564689684673,0.009306783729831854,,0,0.0
2024-06-30,19733.2,19835.7,19977.100000000002,0.007089932849964763,0.00930180336362484,,0,0.0
2024-07-01,19817.6,19742.266666666666,19762.733333333334,0.007047483194665668,0.009295941674603462,,0,0.0
2024-07-02,20035.2,19763.033333333333,19926.566666666666,0.007291480208993913,0.009279621363411258,,0,0.0
2024-07-03,20201.0,19933.8,20159.6,0.007397074872285961,0.009267823284293167,,0,0.0
2024-07-04,20187.0,20145.833333333332,20288.866666666665,0.007284611463213846,0.009265476412321085,,0,0.0
2024-07-05,20393.6,20190.566666666666,20212.533333333333,0.006587322602793436,0.009255845324860214,,0,0.0
2024-07-07,20389.5,20337.499999999996,20494.399999999994,0.0066006648983472525,0.009240867145317782,,0,0.0
2024-07-08,20544.8,20397.233333333334,20408.966666666667,0.006707520075910713,0.009229054422101096,,0,0.0
2024-07-09,20506.3,20489.800000000003,20601.400000000005,0.006764233475049943,0.009223666623824761,,0,0.0
2024-07-10,20690.0,20503.2,20581.4,0.006563149901402138,0.009222405885931841,,0,0.0
2024-07-11,20229.0,20640.233333333334,20775.266666666666,0.0084999173743225,0.009216464361366236,,0,0.0
2024-07-12,20357.0,20404.266666666666,20616.733333333334,0.008593745633865372,0.009209890043422906,,0,0.0
2024-07-14,20378.2,20355.600000000002,20560.200000000004,0.008343241542146945,0.009202978655761664,,0,0.0
2024-07-15,20449.8,20361.3,20396.199999999997,0.008294022020740336,0.009195038413275925,,0,0.0
2024-07-16,20396.4,20462.966666666664,20601.433333333327,0.008341425722959019,0.009187529969493749,,0,0.0
2024-07-17,19897.0,20397.93333333333,20500.266666666663,0.009792895950610196,0.009187529969493749,,0,0.0
2024-07-18,19787.6,20037.266666666666,20269.833333333332,0.009643997530605943,0.009187529969493749,,0,0.0
2024-07-19,19552.2,19796.5,19992.1,0.010004071921491931,0.009187529969493749,,0,0.0
2024-07-21,19663.9,19624.733333333334,19748.466666666667,0.009870047743592606,0.009187529969493749,,0,0.0
2024-07-22,19809.8,19643.9,19708.200000000004,0.009922273271405423,0.009187529969493749,,0,0.0
2024-07-23,19649.0,19758.3,19950.8,0.01009274793367913,0.009187529969493749,,0,0.0
2024-07-24,19135.2,19744.13333333333,19845.466666666664,0.01157254444386445,0.009187529969493749,,0,0.0
2024-07-25,18893.4,19287.466666666664,19541.933333333327,0.011415894743591672,0.009187529969493749,,0,0.0
2024-07-26,19044.5,18967.633333333335,19187.46666666667,0.011401777333641052,0.009187529969493749,,0,0.0
2024-07-28,19113.0,19034.0,19179.2,0.011485151371456446,0.009187529969493749,,0,0.0
2024-07-29,19012.2,19103.166666666668,19134.233333333337,0.011084855825567907,0.009187529969493749,,0,0.0
2024-07-30,18944.6,19081.63333333333,19178.566666666662,0.011058584034302286,0.009187529969493749,,0,0.0
2024-07-31,19556.5,18918.766666666666,19224.13333333333,0.01348786088679016,0.009187529969493749,,0,0.0
2024-08-01,18795.9,19341.166666666668,19783.333333333336,0.015763447851941767,0.009187529969493749,,0,0.0
2024-08-02,18409.8,19039.56666666667,19355.13333333334,0.015844771043752093,0.009187529969493749,,0,0.0
2024-08-04,18159.4,18497.899999999998,18727.899999999994,0.015481449957395645,0.009187529969493749,,0,0.0
2024-08-05,18191.8,18183.866666666665,18257.13333333333,0.015334996181804847,0.009187529969493749,,0,0.0
2024-08-06,17964.0,17878.333333333332,18508.266666666663,0.015330649190620722,0.009187529969493749,,0,0.0
2024-08-07,17751.5,18075.466666666667,18278.933333333334,0.01520378476682756,0.009187529969493749,,0,0.0
2024-08-08,18510.8,17956.5,18260.7,0.01883680668939317,0.009187529969493749,,0,0.0
2024-08-09,18507.6,18256.533333333336,18780.266666666674,0.018266682713421394,0.009187529969493749,,0,0.0
2024-08-11,18536.1,18461.733333333334,18630.666666666668,0.01829302546024228,0.009187529969493749,,0,0.0
2024-08-12,18569.8,18509.133333333335,18593.16666666667,0.018202885805982786,0.009187529969493749,,0,0.0
2024-08-13,19033.6,18558.566666666666,18684.533333333333,0.019141170418196834,0.009187529969493749,,0,0.0
2024-08-14,19021.4,18875.3,19198.399999999998,0.019029020204841672,0.009187529969493749,,0,0.0
2024-08-15,19524.0,18995.3,19148.1,0.019974856392085752,0.009187529969493749,,0,0.0
2024-08-16,19523.4,19364.8,19710.199999999997,0.01901500637841349,0.009187529969493749,,0,0.0
2024-08-18,19561.2,19492.06666666667,19624.933333333338,0.018735034876638433,0.009187529969493749,,0,0.0
2024-08-19,19782.0,19561.433333333334,19586.466666666667,0.01880566646629735,0.009187529969493749,,0,0.0
2024-08-20,19714.2,19673.600000000002,19908.000000000004,0.01884118277593149,0.009187529969493749,,0,0.0
2024-08-21,19859.4,19743.766666666666,19822.833333333332,0.018806274860732688,0.009187529969493749,,0,0.0
2024-08-22,19566.6,19820.3,19944.8,0.019154344104290753,0.009187529969493749,,0,0.0
2024-08-23,19707.8,19661.633333333335,19853.16666666667,0.01782672870400969,0.009187529969493749,,0,0.0
2024-08-25,19694.6,19687.833333333332,19851.066666666666,0.015238221756761365,0.009187529969493749,,0,0.0
2024-08-26,19511.9,19701.633333333335,19755.06666666667,0.014535767370601861,0.009187529969493749,,0,0.0
2024-08-27,19527.8,19576.0,19713.5,0.014016833479989303,0.009187529969493749,,0,0.0
2024-08-28,19139.8,19515.233333333334,19647.566666666666,0.014978399762189152,0.009187529969493749,,0,0.0
2024-08-29,19377.8,19286.2,19484.4,0.014684725409096835,0.009187529969493749,,0,0.0
2024-08-30,19545.6,19385.13333333333,19631.466666666664,0.0142378094625417,0.009187529969493749,,0,0.0
2024-09-01,19536.9,19482.333333333332,19646.666666666664,0.0111311009098269,0.009187529969493749,,0,0.0
2024-09-02,19530.2,19544.633333333335,19569.26666666667,0.01113352385823474,0.009187529969493749,,0,0.0
2024-09-03,18918.8,19541.63333333333,19621.266666666663,0.013493852365400565,0.009187529969493749,,0,0.0
2024-09-04,18895.8,19128.833333333332,19383.866666666665,0.013502511031741694,0.009187529969493749,,0,0.0
2024-09-05,18874.4,18919.733333333334,19051.86666666667,0.012263388352856675,0.009187529969493749,,0,0.0
2024-09-06,18338.4,18927.2,19061.2,0.01377569125044572,0.009187529969493749,,0,0.0
2024-09-08,18416.6,18527.8,18745.8,0.012191790280225974,0.009187529969493749,,0,0.0
2024-09-09,18690.4,18401.366666666665,18446.23333333333,0.012812045232867964,0.009187529969493749,,0,0.0
2024-09-10,18814.6,18606.533333333333,18802.066666666666,0.012932803011245622,0.009187529969493749,,0,0.0
2024-09-11,19225.8,18743.0,18925.6,0.01369198829106728,0.009187529969493749,,0,0.0
2024-09-12,19434.8,19008.899999999998,19492.499999999996,0.01394788780662387,0.009187529969493749,,0,0.0
2024-09-13,19491.7,19356.5,19545.7,0.013849117400908122,0.009187529969493749,,0,0.0
2024-09-15,19523.2,19477.033333333336,19573.66666666667,0.013462565420446729,0.009187529969493749,,0,0.0
2024-09-16,19442.6,19505.699999999997,19548.099999999995,0.013380182891389366,0.009187529969493749,,0,0.0
2024-09-17,19495.2,19417.93333333333,19552.266666666663,0.013400412144095191,0.009187529969493749,,0,0.0
2024-09-18,19560.5,19489.933333333334,19625.06666666667,0.013257996813294084,0.009187529969493749,,0,0.0
2024-09-19,19848.9,19540.133333333335,19718.76666666667,0.013651533473878099,0.009187529969493749,,0,0.0
2024-09-20,19820.8,19775.3,20076.1,0.012768618246698046,0.009187529969493749,,0,0.0
2024-09-22,19867.6,19789.8,19919.8,0.012524535444744318,0.009187529969493749,,0,0.0
2024-09-23,19880.1,19846.866666666665,19891.93333333333,0.012405151381829465,0.009187529969493749,,0,0.0
2024-09-24,19993.8,19869.8,19978.8,0.012445894774938447,0.009187529969493749,,0,0.0
2024-09-25,20091.6,19928.233333333334,20091.86666666667,0.012466079930048387,0.009187529969493749,,0,0.0
2024-09-26,20162.0,20022.533333333333,20167.066666666666,0.009788338445457756,0.009187529969493749,,0,0.0
2024-09-27,20018.8,20171.86666666667,20341.533333333336,0.010015035616966077,0.009187529969493749,,0,0.0
2024-09-29,20092.3,20075.333333333332,20156.666666666664,0.009969760871455749,0.009187529969493749,,0,0.0
2024-09-30,20074.6,20057.566666666666,20136.333333333332,0.006766925623449395,0.009178536939018558,,0,0.0
2024-10-01,19760.4,20024.166666666668,20163.833333333336,0.008138324288880172,0.009172952081191036,,0,0.0
2024-10-02,19885.4,19854.533333333333,20063.866666666665,0.00772742543886023,0.009170725859391032,,0,0.0
2024-10-03,19815.3,19821.3,19981.1,0.007818166251644054,0.00915137073548902,,0,0.0
2024-10-04,20030.9,19813.36666666667,19945.13333333334,0.006702858973831945,0.009131425777822093,,0,0.0
2024-10-06,20063.8,19969.033333333333,20157.266666666666,0.00637508919179039,0.009129634441130536,,0,0.0
2024-10-07,19821.9,20071.600000000002,20089.000000000004,0.007056540340265217,0.009126998509159406,,0,0.0
2024-10-08,20114.4,19886.133333333335,20031.76666666667,0.007711580675835839,0.009125114665737224,,0,0.0
2024-10-09,20292.0,20021.8,20262.399999999998,0.007756165790565351,0.009124461002215367,,0,0.0
2024-10-10,20295.6,20217.7,20398.800000000003,0.007767552773373064,0.0091185326099649,,0,0.0
2024-10-11,20258.3,20262.966666666667,20382.433333333334,0.007808112253049497,0.009112436352564828,,0,0.0
2024-10-13,20270.4,20251.600000000002,20344.700000000004,0.007188371485883467,0.00910594013217068,,0,0.0
2024-10-14,20484.9,20271.966666666667,20292.533333333333,0.007464806094745388,0.009098193175211423,,0,0.0
2024-10-15,20208.2,20411.93333333333,20596.266666666663,0.00819567096831685,0.009093778367166624,,0,0.0
2024-10-16,20174.4,20276.899999999998,20443.299999999996,0.008215548752319744,0.00908754868310144,,0,0.0
2024-10-17,20267.6,20163.733333333334,20264.666666666668,0.008184284426541738,0.00906941172891021,,0,0.0
2024-10-18,20348.1,20286.566666666666,20435.533333333333,0.008162120601337254,0.009054968910818119,,0,0.0
2024-10-20,20378.6,20307.8,20432.199999999997,0.008137707974753937,0.009027732380413336,,0,0.0
2024-10-21,20389.2,20378.0,20391.0,0.00793564926450689,0.008999183723968452,,0,0.0
2024-10-22,20405.8,20339.5,20470.0,0.007909696412792962,0.008997621304617006,,0,0.0
2024-10-23,20169.4,20372.333333333332,20510.766666666663,0.008377993792212697,0.008994519776235256,,0,0.0
2024-10-24,20263.6,20181.93333333333,20405.266666666663,0.007535468592976508,0.00898580515502799,,0,0.0
2024-10-25,20359.6,20237.133333333335,20332.76666666667,0.007487770021049361,0.00897055089607946,,0,0.0
2024-10-27,20480.6,20398.8,20550.3,0.007472219088139994,0.00895124859382036,,0,0.0
2024-10-28,20395.4,20471.1,20514.199999999997,0.007251011948032224,0.008931753656557023,,0,0.0
2024-10-29,20643.0,20442.93333333333,20511.766666666663,0.007673173242756757,0.008911391582365208,,0,0.0
2024-10-30,20321.0,20539.833333333332,20759.366666666665,0.008033763340648278,0.008897994980662542,,0,0.0
2024-10-31,19975.0,20440.766666666666,20563.333333333332,0.008363368245113958,0.008887586392144398,,0,0.0
2024-11-01,20072.8,20081.433333333334,20251.966666666667,0.008181296123442839,0.008878365932259949,,0,0.0
2024-11-03,20037.3,20060.666666666668,20202.133333333335,0.00818424943731505,0.008870757370143296,,0,0.0
2024-11-04,19999.2,20023.966666666664,20073.633333333328,0.00818476481182644,0.008857501940929307,,0,0.0
2024-11-05,20255.8,20022.13333333333,20128.266666666663,0.008719487942638873,0.008849746217490274,,0,0.0
2024-11-06,20802.8,20169.13333333333,20384.666666666664,0.010383031655154296,0.008849746217490274,,0,0.0
2024-11-07,21137.0,20629.13333333333,21021.766666666663,0.010340696209996912,0.008849746217490274,,0,0.0
2024-11-08,21138.6,21025.666666666668,21277.533333333336,0.010312698590209333,0.008849746217490274,,0,0.0
2024-11-10,21214.2,21115.133333333335,21198.26666666667,0.01030344684432251,0.008849746217490274,,0,0.0
2024-11-11,21136.4,21203.0,21232.5,0.01038088786724951,0.008849746217490274,,0,0.0
2024-11-12,21083.8,21135.06666666667,21251.63333333334,0.010428257429610758,0.008849746217490274,,0,0.0
2024-11-13,21091.0,21077.733333333334,21177.566666666666,0.010429446334570582,0.008849746217490274,,0,0.0
2024-11-14,20875.1,21087.5,21194.5,0.01076856739517409,0.008849746217490274,,0,0.0
2024-11-15,20431.8,20950.9,21039.600000000002,0.011558517176623742,0.008849746217490274,,0,0.0
2024-11-17,20496.4,20549.733333333334,20763.666666666668,0.011536210264885032,0.008857501940929307,,0,0.0
2024-11-18,20558.6,20465.966666666667,20527.133333333335,0.011510588635260551,0.008857501940929307,,0,0.0
2024-11-19,20721.4,20540.499999999996,20670.399999999994,0.01156765139621378,0.008857501940929307,,0,0.0
2024-11-20,20689.6,20589.966666666667,20861.933333333334,0.011525035268221817,0.008857501940929307,,0,0.0
2024-11-21,20714.0,20628.666666666668,20841.933333333334,0.011212754159807813,0.008857501940929307,,0,0.0
2024-11-22,20817.7,20669.266666666666,20887.13333333333,0.01061225799427953,0.008857501940929307,,0,0.0
2024-11-24,20877.2,20757.333333333332,20881.466666666664,0.00970105279208932,0.008857501940929307,,0,0.0
2024-11-25,20783.5,20881.0,20891.4,0.0097931349983973,0.008857501940929307,,0,0.0
2024-11-26,20935.2,20844.833333333332,20960.466666666664,0.009829712221445977,0.008857501940929307,,0,0.0
2024-11-27,20776.9,20870.766666666666,21037.533333333333,0.010034560764774176,0.008857501940929307,,0,0.0
2024-11-28,20840.4,20791.166666666668,20953.933333333334,0.009709879567919423,0.008870757370143296,,0,0.0
2024-11-29,20946.0,20826.4,20876.300000000003,0.007705557617167566,0.008870757370143296,,0,0.0
2024-12-01,20921.6,20892.566666666666,21027.333333333332,0.006764298087455647,0.008870757370143296,,0,0.0
2024-12-02,21177.6,20929.9,20949.600000000002,0.007339880642916422,0.008870757370143296,,0,0.0
2024-12-03,21299.3,21099.5,21301.8,0.007409414762468982,0.008870757370143296,,0,0.0
2024-12-04,21477.0,21233.066666666666,21368.13333333333,0.007562352222393862,0.008870757370143296,,0,0.0
2024-12-05,21421.6,21425.266666666666,21568.233333333334,0.007564476895269902,0.008870757370143296,,0,0.0
2024-12-06,21601.3,21449.56666666667,21508.233333333337,0.007749313526721852,0.008870757370143296,,0,0.0
2024-12-08,21625.0,21548.433333333334,21687.86666666667,0.007266421126753026,0.008870757370143296,,0,0.0
2024-12-09,21440.7,21618.600000000002,21643.600000000006,0.005483269841011209,0.008870757370143296,,0,0.0
2024-12-10,21406.0,21506.066666666666,21608.033333333333,0.0055532953898102455,0.008870757370143296,,0,0.0
2024-12-11,21738.7,21439.466666666667,21548.433333333334,0.006306808076076433,0.008870757370143296,,0,0.0
2024-12-12,21726.4,21640.766666666666,21897.933333333334,0.006230215868093694,0.008870757370143296,,0,0.0
2024-12-13,21744.0,21688.966666666667,21789.933333333334,0.0061743024380620576,0.008870757370143296,,0,0.0
2024-12-15,21772.6,21760.600000000002,21872.600000000006,0.006172838913300654,0.008870757370143296,,0,0.0
2024-12-16,22082.6,21767.266666666666,21788.933333333334,0.006692373965394026,0.008870757370143296,,0,0.0
2024-12-17,21983.8,21994.900000000005,22223.10000000001,0.006896814862350523,0.008870757370143296,,0,0.0
2024-12-18,21211.0,22002.86666666667,22088.933333333338,0.01083926383872161,0.008878365932259949,,0,0.0
2024-12-19,21142.4,21453.3,21855.199999999997,0.01077664585439887,0.008887586392144398,,0,0.0
2024-12-20,21352.2,21231.9,21348.300000000003,0.010793320605625129,0.008897994980662542,,0,0.0
2024-12-22,21460.9,21245.733333333334,21716.466666666667,0.010819085554598713,0.008911391582365208,,0,0.0
2024-12-23,21547.2,21463.000000000004,21484.600000000006,0.010803577590445996,0.008951055958816123,,0,0.0
2024-12-24,21856.6,21471.866666666665,21662.13333333333,0.011156080277729791,0.008988763661632738,,0,0.0
2024-12-25,21869.6,21745.133333333335,21970.96666666667,0.010908478316977792,0.008997621304617006,,0,0.0
2024-12-26,21818.8,21873.166666666668,21887.033333333336,0.01089883852857987,0.009026312982838893,,0,0.0
2024-12-27,21541.6,21806.63333333333,21932.766666666663,0.011191428652693626,0.009054968910818119,,0,0.0
2024-12-29,21523.0,21561.3,21802.1,0.011175481056501974,0.00906941172891021,,0,0.0
2024-12-30,21221.5,21525.8,21559.399999999998,0.011440874914256355,0.00908754868310144,,0,0.0
2024-12-31,21068.2,21279.63333333333,21484.666666666664,0.011518377749933743,0.009093778367166624,,0,0.0
2025-01-01,21100.2,21146.066666666666,21276.833333333332,0.01140248844870179,0.009098193175211423,,0,0.0
2025-01-02,21000.4,21110.600000000002,21143.400000000005,0.011436311380336656,0.009098193175211423,,0,0.0
2025-01-03,21327.7,21049.133333333335,21274.66666666667,0.011439570949365355,0.009098193175211423,,0,0.0
2025-01-05,21362.9,21238.733333333334,21486.266666666666,0.011453613854038789,0.009098193175211423,,0,0.0
2025-01-06,21613.0,21359.56666666667,21379.13333333334,0.011787576777569872,0.009098193175211423,,0,0.0
2025-01-07,21238.0,21554.966666666667,21792.533333333333,0.012382279243048371,0.009098193175211423,,0,0.0
2025-01-08,21165.4,21337.566666666666,21548.43333333333,0.011843714076060325,0.009098193175211423,,0,0.0
2025-01-09,21087.6,21158.43333333333,21300.266666666663,0.011836463176834417,0.009098193175211423,,0,0.0
2025-01-10,20847.8,21115.5,21169.3,0.009242090937283612,0.009098193175211423,,0,0.0
2025-01-12,20856.3,20931.600000000002,21138.000000000004,0.009227942722766926,0.009098193175211423,,0,0.0
2025-01-13,20911.6,20846.899999999998,20893.799999999996,0.008928207868737739,0.009093778367166624,,0,0.0
2025-01-14,20815.3,20805.8,21060.0,0.008842670482004593,0.00908754868310144,,0,0.0
2025-01-15,21281.4,20822.066666666666,21002.833333333332,0.010282159728037999,0.00908754868310144,,0,0.0
2025-01-16,21103.4,21125.466666666667,21474.633333333335,0.00978927358108879,0.00908754868310144,,0,0.0
2025-01-17,21456.2,21192.06666666667,21343.13333333334,0.010617576433450448,0.00908754868310144,,0,0.0
2025-01-19,21415.1,21366.8,21637.899999999998,0.010615094619040099,0.00908754868310144,,0,0.0
2025-01-20,21602.0,21431.899999999998,21466.199999999997,0.010438894286108247,0.00908754868310144,,0,0.0
2025-01-21,21689.0,21551.966666666667,21697.733333333334,0.010470118028397464,0.00908754868310144,,0,0.0
2025-01-22,21844.6,21546.033333333336,21842.16666666667,0.009992547456093381,0.00908754868310144,,0,0.0
2025-01-23,21892.8,21833.466666666667,21983.533333333333,0.009779695169202724,0.00908754868310144,,0,0.0
2025-01-24,21792.6,21853.36666666667,21971.833333333336,0.009888767665945684,0.00908754868310144,,0,0.0
2025-01-26,21550.2,21827.133333333335,21925.76666666667,0.01020455263005243,0.009093778367166624,,0,0.0
2025-01-27,21215.4,21558.36666666667,21599.533333333336,0.010290784300646047,0.009098193175211423,,0,0.0
2025-01-28,21433.6,21140.500000000004,21632.100000000006,0.010550940939121588,0.00910594013217068,,0,0.0
2025-01-29,21426.3,21332.1,21614.899999999998,0.010198496033984693,0.009112436352564828,,0,0.0
2025-01-30,21586.6,21422.600000000002,21588.900000000005,0.009512769093140933,0.009112436352564828,,0,0.0
2025-01-31,21447.1,21510.166666666664,21712.73333333333,0.009608643180486012,0.0091185326099649,,0,0.0
2025-02-02,21006.0,21575.1,21725.6,0.010694885500016942,0.0091185326099649,,0,0.0
2025-02-03,21462.5,20998.0,21037.6,0.01140322862550309,0.0091185326099649,,0,0.0
2025-02-04,21467.2,21268.733333333334,21668.966666666667,0.011404271755946431,0.0091185326099649,,0,0.0
2025-02-05,21677.6,21397.8,21661.8,0.011553143036387492,0.0091185326099649,,0,0.0
2025-02-06,21758.0,21569.766666666666,21808.13333333333,0.011457314103757391,0.009124461002215367,,0,0.0
2025-02-07,21487.3,21719.033333333333,21826.466666666667,0.010871590163078227,0.009125114665737224,,0,0.0
2025-02-09,21551.8,21607.399999999998,21751.799999999996,0.010677098906109257,0.009126998509159406,,0,0.0
2025-02-10,21710.0,21503.566666666666,21610.43333333333,0.010148256840688838,0.009129634441130536,,0,0.0
2025-02-11,21736.6,21686.2,21823.600000000002,0.01013096302910459,0.009131425777822093,,0,0.0
2025-02-12,21817.3,21702.1,21819.899999999998,0.009985289811623416,0.00915137073548902,,0,0.0
2025-02-13,22011.4,21693.63333333333,21950.666666666664,0.01013297480816269,0.009170725859391032,,0,0.0
2025-02-14,22136.7,21915.8,22149.199999999997,0.010089141251192969,0.009172952081191036,,0,0.0
2025-02-16,22141.0,22086.3,22202.6,0.010083493462077486,0.009178536939018558,,0,0.0
2025-02-17,22149.4,22141.333333333332,22156.766666666663,0.010009889501355304,0.009187529969493749,,0,0.0
2025-02-18,22189.3,22160.733333333337,22199.466666666674,0.009604551475910484,0.009200740925672931,,0,0.0
2025-02-19,22155.5,22156.533333333336,22280.766666666674,0.008770854183929845,0.009200740925672931,,0,0.0
2025-02-20,22099.0,22151.3,22245.5,0.008616891718948185,0.009200740925672931,,0,0.0
2025-02-21,21603.5,22051.7,22214.300000000003,0.010151814396008483,0.009209890043422906,,0,0.0
2025-02-23,21699.6,21793.866666666665,21992.13333333333,0.010063691135080896,0.009216464361366236,,0,0.0
2025-02-24,21336.0,21678.3,21737.399999999998,0.010673022811406547,0.009222405885931841,,0,0.0
2025-02-25,21180.4,21469.233333333334,21620.86666666667,0.009709421125975351,0.009223666623824761,,0,0.0
2025-02-26,21169.4,21174.933333333334,21407.86666666667,0.008318725961208114,0.009223666623824761,,0,0.0
2025-02-27,20630.7,21185.633333333335,21349.66666666667,0.009988974814720969,0.009226147001299052,,0,0.0
2025-02-28,20867.6,20839.100000000002,21135.000000000004,0.010099467565790504,0.009230850143568971,,0,0.0
2025-03-02,20928.4,20729.9,21042.4,0.010077957370549636,0.009237924250827314,,0,0.0
2025-03-03,20474.8,20944.666666666668,20979.733333333337,0.010773969091931405,0.00924503383177408,,0,0.0
2025-03-04,20548.9,20611.266666666666,20944.533333333333,0.01079099307989481,0.009255845324860214,,0,0.0
2025-03-05,20576.0,20429.3,20823.0,0.010589273604836693,0.009282381106620163,,0,0.0
2025-03-06,20156.6,20486.5,20786.8,0.011257038882254006,0.00930180336362484,,0,0.0
2025-03-07,20175.4,20250.399999999998,20524.199999999997,0.011177505411096996,0.009306783729831854,,0,0.0
2025-03-09,20007.7,20057.633333333335,20378.56666666667,0.010801111451634263,0.009322614393816332,,0,0.0
2025-03-10,19285.8,20000.166666666668,20092.733333333337,0.012577613189734365,0.009336865321603615,,0,0.0
2025-03-11,19461.6,19542.399999999998,19872.399999999994,0.012989914310379354,0.009346171063740406,,0,0.0
2025-03-12,19669.2,19418.033333333333,19711.166666666664,0.013465304839584791,0.009357256746308178,,0,0.0
2025-03-13,19343.2,19603.766666666666,19836.733333333334,0.013543646732021412,0.009363047277687159,,0,0.0
2025-03-14,19649.2,19393.166666666668,19628.633333333335,0.01442269067595989,0.00936933325792711,,0,0.0
2025-03-16,19569.6,19565.2,19811.0,0.014408324655131387,0.00937479937890772,,0,0.0
2025-03-17,19814.2,19589.999999999996,19644.199999999993,0.01442429871194093,0.009381353118880897,,0,0.0
2025-03-18,19511.6,19768.466666666664,19998.033333333326,0.014474942259730216,0.00938884475646477,,0,0.0
2025-03-19,19850.8,19576.399999999998,19756.999999999996,0.015042352098905917,0.00939316359360531,,0,0.0
2025-03-20,19705.0,19759.066666666666,20055.13333333333,0.015043047363390856,0.009428218167759971,,0,0.0
2025-03-21,19794.4,19727.633333333335,19901.06666666667,0.01513788204261,0.0094798174685264,,0,0.0
2025-03-23,19932.8,19673.3,19923.3,0.01435093130210871,0.009505983526144852,,0,0.0
2025-03-24,20179.6,19917.86666666667,19954.13333333334,0.014395458192246356,0.009521836428911638,,0,0.0
2025-03-25,20350.2,20111.7,20301.9,0.014538988636884497,0.009555065015190815,,0,0.0
2025-03-26,19885.6,20276.0,20433.4,0.01462631682094815,0.009591888870804885,,0,0.0
2025-03-27,19800.2,20026.4,20222.4,0.014591634590484777,0.009606597328198248,,0,0.0
2025-03-28,19213.3,19863.466666666664,19962.133333333328,0.015837735783506883,0.00961246323118383,,0,0.0
2025-03-30,19098.6,19421.96666666667,19634.73333333334,0.015339591578145724,0.009629794815790332,,0,0.0
2025-03-31,19210.8,19107.43333333333,19158.066666666662,0.01543863124494156,0.009643651940152476,,0,0.0
2025-04-01,19495.0,19123.466666666664,19429.133333333328,0.015827233270869514,0.009643651940152476,,0,0.0
2025-04-02,18727.2,19384.0,19654.5,0.01622294078304515,0.009643651940152476,,0,0.0
2025-04-03,18511.8,19096.933333333334,19525.26666666667,0.01617844094717907,0.009643651940152476,,0,0.0
2025-04-04,17364.2,18662.0,18874.9,0.020639260482733908,0.009643651940152476,,0,0.0
2025-04-06,16594.6,17731.53333333333,18203.46666666666,0.02225624062538016,0.009643651940152476,,0,0.0
2025-04-07,17642.5,16549.3,16763.5,0.02688825277114567,0.009643651940152476,,0,0.0
2025-04-08,16870.1,17408.600000000002,18464.200000000004,0.02824568322536785,0.009643651940152476,,0,0.0
2025-04-09,19198.4,17285.833333333332,17817.066666666666,0.04293380839443662,0.009643651940152476,,0,0.0
2025-04-10,18239.4,18360.266666666666,20106.333333333332,0.04423239949682091,0.009643651940152476,,0,0.0
2025-04-11,18694.1,18421.266666666666,19038.13333333333,0.04444234085358463,0.009643651940152476,,0,0.0
2025-04-13,18890.2,18467.3,18977.8,0.04451032488026461,0.009643651940152476,,0,0.0
2025-04-14,18731.8,18900.666666666668,18991.733333333337,0.044516411078809055,0.009643651940152476,,0,0.0
2025-04-15,18610.6,18827.166666666668,19038.133333333335,0.04447745875979082,0.009643651940152476,,0,0.0
2025-04-16,18289.2,18737.7,18899.300000000003,0.04444870468173103,0.009643651940152476,,0,0.0
2025-04-17,18319.6,18344.866666666665,18685.93333333333,0.044374392234997145,0.009643651940152476,,0,0.0
2025-04-20,18206.2,18335.866666666665,18522.73333333333,0.04416504634699212,0.009643651940152476,,0,0.0
2025-04-21,17895.2,18198.833333333332,18253.666666666664,0.044269408303966695,0.009643651940152476,,0,0.0
2025-04-22,18664.4,17917.266666666666,18242.13333333333,0.045040400221060525,0.009643651940152476,,0,0.0
2025-04-23,18739.3,18402.633333333335,18965.26666666667,0.04503214416021156,0.009643651940152476,,0,0.0
2025-04-24,19315.8,18778.066666666666,19029.033333333333,0.04554465136551391,0.009643651940152476,,0,0.0
2025-04-25,19452.4,19049.2,19603.4,0.04545620093071131,0.009643651940152476,,0,0.0
2025-04-27,19358.6,19353.8,19589.399999999998,0.044493390445779164,0.009672525161347631,,0,0.0
2025-04-28,19436.6,19370.266666666666,19402.63333333333,0.04437031168949877,0.009705236959032335,,0,0.0
2025-04-29,19471.2,19373.666666666664,19587.53333333333,0.041635145572893745,0.009709650346947388,,0,0.0
2025-04-30,19829.0,19451.8,19616.399999999998,0.039930268501339856,0.009733560664773024,,0,0.0
2025-05-01,19699.0,19562.866666666665,20112.73333333333,0.03801247869914998,0.009758927042288448,,0,0.0
2025-05-02,20112.3,19798.266666666666,19937.733333333334,0.036250071628773924,0.009770153746076496,,0,0.0
2025-05-04,19995.4,19987.666666666668,20311.333333333336,0.02003715864950321,0.00978401680733024,,0,0.0
2025-05-05,19925.6,20015.0,20066.4,0.01594459077619913,0.009788806013273272,,0,0.0
2025-05-06,19988.6,19971.066666666666,20063.333333333332,0.015206097302113405,0.009791084765849493,,0,0.0
2025-05-07,19876.2,19899.999999999996,20143.199999999993,0.015240941996450543,0.009793015474503747,,0,0.0
2025-05-08,20062.8,19835.333333333332,20067.866666666665,0.015080581781611313,0.00980564734144131,,0,0.0
2025-05-09,20066.1,20057.899999999998,20266.199999999997,0.014920808378476091,0.00982393595296565,,0,0.0
2025-05-11,20375.8,20086.633333333335,20191.46666666667,0.014258736060843583,0.009842705654154855,,0,0.0
2025-05-12,20835.7,20367.533333333336,20433.966666666674,0.014720663974353886,0.009862873415228169,,0,0.0
2025-05-13,21219.8,20708.033333333336,21050.866666666672,0.014627893831487916,0.009879407704769146,,0,0.0
2025-05-14,21301.1,21079.899999999998,21413.799999999996,0.013457110559345273,0.009891933656580245,,0,0.0
2025-05-15,21338.1,21271.866666666665,21377.73333333333,0.010857666157371229,0.009906221421265559,,0,0.0
2025-05-16,21333.0,21303.733333333334,21489.466666666667,0.01095571107176465,0.009906221421265559,,0,0.0
2025-05-18,21307.2,21338.166666666668,21432.533333333336,0.009469805340798172,0.009891933656580245,,0,0.0
2025-05-19,21472.0,21291.199999999997,21358.599999999995,0.009478735412256467,0.009879407704769146,,0,0.0
2025-05-20,21367.2,21334.733333333334,21630.666666666668,0.009481945824458436,0.009862873415228169,,0,0.0
2025-05-21,21084.2,21365.533333333336,21496.66666666667,0.010323494214875497,0.009862873415228169,,0,0.0
2025-05-22,21119.2,21197.233333333334,21383.466666666667,0.010324966381323016,0.009862873415228169,,0,0.0
2025-05-23,20897.4,21124.966666666664,21271.933333333327,0.010245481272971235,0.009862873415228169,,0,0.0
2025-05-25,21132.8,20912.366666666665,21156.83333333333,0.01017491174244325,0.009879407704769146,,0,0.0
2025-05-26,21179.6,21068.666666666668,21234.733333333337,0.009313448470629577,0.009879407704769146,,0,0.0
2025-05-27,21423.0,21180.93333333333,21249.86666666666,0.009291677115073749,0.009879407704769146,,0,0.0
2025-05-28,21719.4,21316.466666666664,21547.33333333333,0.009413008294256422,0.009862873415228169,,0,0.0
2025-05-29,21271.8,21579.166666666668,21871.233333333337,0.010947908736334689,0.009862873415228169,,0,0.0
2025-05-30,21322.8,21447.333333333332,21638.066666666666,0.010753930606740708,0.009862873415228169,,0,0.0
2025-06-01,21261.6,21246.933333333334,21467.06666666667,0.010754430006147142,0.009862873415228169,,0,0.0
2025-06-02,21460.2,21267.6,21300.199999999997,0.010824366700441896,0.009862873415228169,,0,0.0
2025-06-03,21671.2,21374.433333333334,21627.666666666668,0.01056652667458967,0.009862873415228169,,0,0.0
2025-06-04,21709.0,21587.733333333334,21810.566666666666,0.009525757609646971,0.009842705654154855,,0,0.0
2025-06-05,21512.4,21694.8,21782.1,0.00901406383237951,0.00982393595296565,,0,0.0
2025-06-06,21781.0,21621.166666666668,21790.733333333337,0.00937173507800155,0.00980564734144131,,0,0.0
2025-06-08,21733.0,21711.600000000002,21912.400000000005,0.009400269096967163,0.009793015474503747,,0,0.0
2025-06-09,21810.8,21740.166666666668,21782.633333333335,0.00941342128513339,0.009791084765849493,,0,0.0
2025-06-10,21934.8,21786.733333333334,21886.266666666666,0.009448637194459835,0.009788806013273272,,0,0.0
2025-06-11,21818.4,21875.86666666667,22041.13333333334,0.009445375083347267,0.00978401680733024,,0,0.0
2025-06-12,21767.8,21888.033333333336,22004.566666666673,0.009380821948311873,0.009744787368561074,,0,0.0
2025-06-13,21637.6,21807.566666666666,21918.033333333333,0.008931343731229517,0.009709650346947388,,0,0.0
2025-06-15,21673.1,21643.633333333335,21833.16666666667,0.008931307635333214,0.009705236959032335,,0,0.0
2025-06-16,21783.8,21627.666666666664,21731.53333333333,0.008514937673680641,0.009672525161347631,,0,0.0
2025-06-17,21690.5,21803.466666666664,21961.433333333327,0.008343527438147647,0.009626320355545977,,0,0.0
2025-06-18,21746.0,21746.666666666668,21844.133333333335,0.008345788514165706,0.009606597328198248,,0,0.0
2025-06-19,21682.4,21769.733333333334,21857.86666666667,0.008041052259995058,0.009591888870804885,,0,0.0
2025-06-20,21677.4,21627.2,21805.4,0.007416373952066899,0.009555065015190815,,0,0.0
2025-06-22,21565.2,21724.133333333335,21878.86666666667,0.005792039751509103,0.009528330687164657,,0,0.0
2025-06-23,22047.6,21539.5,21613.7,0.007553669179465475,0.009519263351393952,,0,0.0
2025-06-24,22234.4,21875.266666666663,22238.733333333326,0.007618041711405961,0.009497357458799684,,0,0.0
2025-06-25,22274.4,22165.833333333332,22326.066666666666,0.0074338849554797855,0.009480340618357452,,0,0.0
2025-06-26,22489.8,22277.13333333333,22355.266666666663,0.007424865837777519,0.00947427037652732,,0,0.0
2025-06-27,22551.6,22426.566666666666,22585.73333333333,0.007427279923667394,0.00947427037652732,,0,0.0
2025-06-29,22629.2,22532.399999999998,22651.999999999996,0.006965550286841975,0.00947427037652732,,0,0.0
2025-06-30,22700.6,22619.13333333333,22668.86666666666,0.006566565483188818,0.00947427037652732,,0,0.0
2025-07-01,22530.0,22684.099999999995,22767.89999999999,0.0068506263077331535,0.009459221267629003,,0,0.0
2025-07-02,22669.4,22559.13333333333,22704.466666666664,0.00691034034056134,0.009447006138903551,,0,0.0
2025-07-03,22854.6,22585.900000000005,22765.60000000001,0.007002636731309946,0.00942939818424033,,0,0.0
2025-07-04,22723.8,22808.3,22968.6,0.007026336425015559,0.00942939818424033,,0,0.0
2025-07-06,22803.2,22764.466666666664,22828.133333333328,0.006955604816043944,0.00942939818424033,,0,0.0
2025-07-07,22704.8,22809.199999999997,22838.799999999996,0.006859901920901251,0.00942939818424033,,0,0.0
2025-07-08,22734.9,22712.399999999998,22812.999999999996,0.006862175951357117,0.00942939818424033,,0,0.0
2025-07-09,22870.6,22736.56666666667,22800.933333333338,0.006882620175051646,0.00942939818424033,,0,0.0
2025-07-10,22882.6,22831.2,22984.4,0.0067166889909996644,0.00942939818424033,,0,0.0
2025-07-11,22779.0,22848.566666666666,22959.833333333332,0.006908688408356273,0.00942939818424033,,0,0.0
2025-07-13,22707.8,22777.533333333336,22885.466666666674,0.00691690038082481,0.00942939818424033,,0,0.0
2025-07-14,22860.3,22698.13333333333,22738.466666666664,0.006955551226270729,0.00942939818424033,,0,0.0
2025-07-15,22864.8,22805.2,22964.0,0.006736351400142349,0.00942939818424033,,0,0.0
2025-07-16,22894.6,22920.36666666667,23015.933333333338,0.004950636397934957,0.00942939818424033,,0,0.0
2025-07-17,23135.8,22846.3,23002.199999999997,0.005113604767577717,0.00942939818424033,,0,0.0
2025-07-18,23085.2,23050.13333333333,23228.966666666664,0.005198877347921592,0.00942939818424033,,0,0.0
2025-07-20,23117.8,23096.5,23164.1,0.004857831208437308,0.00942939818424033,,0,0.0
2025-07-21,23211.6,23100.166666666668,23137.833333333336,0.004885854108550987,0.00942939818424033,,0,0.0
2025-07-22,23130.8,23193.833333333332,23305.766666666663,0.0049819658638375255,0.00942939818424033,,0,0.0
2025-07-23,23272.6,23112.566666666666,23250.333333333332,0.005089548961556913,0.00942939818424033,,0,0.0
2025-07-24,23279.6,23192.13333333333,23368.466666666664,0.004662671033706084,0.00942939818424033,,0,0.0
2025-07-25,23320.1,23248.36666666667,23326.533333333336,0.004539213608146912,0.00942939818424033,,0,0.0
2025-07-27,23409.6,23292.066666666666,23379.833333333332,0.004297400885038892,0.00942939818424033,,0,0.0
2025-07-28,23412.2,23407.2,23433.5,0.003989014856525284,0.00942939818424033,,0,0.0
2025-07-29,23360.6,23395.13333333333,23477.666666666664,0.004042289556974239,0.00942939818424033,,0,0.0
2025-07-30,23612.8,23401.566666666666,23494.833333333332,0.004354230480367574,0.00942939818424033,,0,0.0
2025-07-31,23187.0,23495.666666666668,23744.333333333336,0.0062459993301505635,0.00942939818424033,,0,0.0
2025-08-01,22766.4,23350.333333333332,23569.166666666664,0.007448001804342606,0.00942939818424033,,0,0.0
2025-08-03,22823.0,22893.233333333337,23104.566666666673,0.007470949559461162,0.00942939818424033,,0,0.0
2025-08-04,23236.8,22789.466666666664,22860.533333333326,0.008422234687344278,0.00942939818424033,,0,0.0
2025-08-05,22958.4,23101.600000000002,23390.000000000004,0.00887286729606246,0.00942939818424033,,0,0.0
2025-08-06,23359.4,23072.033333333336,23192.66666666667,0.009562572494849387,0.009447006138903551,,0,0.0
2025-08-07,23448.0,23233.93333333333,23513.066666666662,0.009578018394045174,0.009459221267629003,,0,0.0
2025-08-08,23676.4,23421.600000000002,23604.600000000006,0.009762045055132191,0.00947427037652732,,0,0.0
2025-08-10,23614.6,23588.3,23765.6,0.00957849246052119,0.009480340618357452,,0,0.0
2025-08-11,23551.8,23631.666666666668,23654.333333333336,0.009587518551322779,0.009497357458799684,,0,0.0
2025-08-12,23878.4,23588.7,23674.600000000002,0.01000793495387581,0.009519263351393952,,0,0.0
2025-08-13,23869.0,23757.13333333333,24003.066666666662,0.0100014792827046,0.009528330687164657,,0,0.0
2025-08-14,23808.6,23887.033333333336,23967.966666666674,0.00997907255442621,0.009546738129765866,,0,0.0
2025-08-15,23721.1,23815.36666666667,23917.933333333338,0.009980092335288916,0.00957029544444728,,0,0.0
2025-08-17,23773.3,23753.93333333333,23849.86666666666,0.009982105865185631,0.009578255427283182,,0,0.0
2025-08-18,23736.4,23764.86666666667,23790.733333333337,0.009998080408262024,0.009578859363110238,,0,0.0
2025-08-19,23357.2,23727.400000000005,23813.20000000001,0.010655078931543919,0.009583372408511032,,0,0.0
2025-08-20,23254.8,23480.866666666665,23612.93333333333,0.010698644293398797,0.009596035013616631,,0,0.0
2025-08-21,23183.8,23203.8,23437.6,0.01070835015303268,0.009606597328198248,,0,0.0
2025-08-22,23516.7,23181.566666666666,23306.533333333333,0.010930456831712116,0.009626320355545977,,0,0.0
2025-08-24,23511.2,23371.5,23729.8,0.01008986256552791,0.009672525161347631,,0,0.0
2025-08-25,23441.4,23506.266666666666,23530.733333333334,0.00911918016241463,0.009672525161347631,,0,0.0
2025-08-26,23562.0,23460.06666666667,23538.63333333334,0.009153603621583873,0.009672525161347631,,0,0.0
2025-08-27,23459.2,23483.2,23649.800000000003,0.008368210453279403,0.009672525161347631,,0,0.0
2025-08-28,23699.0,23488.600000000002,23591.000000000004,0.008092167524643668,0.009672525161347631,,0,0.0
2025-08-29,23412.5,23631.100000000002,23823.600000000006,0.007736856082506126,0.009672525161347631,,0,0.0
2025-08-31,23491.8,23490.966666666664,23628.133333333328,0.0077273031003815525,0.009672525161347631,,0,0.0
2025-09-01,23399.2,23470.13333333333,23521.466666666664,0.007430867827238382,0.009672525161347631,,0,0.0
2025-09-02,23298.4,23410.566666666666,23495.13333333333,0.00746510711306986,0.009672525161347631,,0,0.0
2025-09-03,23403.6,23238.333333333332,23497.466666666664,0.0075353898584470105,0.009672525161347631,,0,0.0
2025-09-04,23671.6,23385.766666666663,23507.333333333325,0.007312577148156636,0.009672525161347631,,0,0.0
2025-09-05,23639.9,23576.233333333334,23776.666666666668,0.00731552556758023,0.009672525161347631,,0,0.0
2025-09-07,23743.4,23659.13333333333,23847.766666666663,0.007375315955695711,0.009672525161347631,,0,0.0
2025-09-08,23779.6,23703.2,23790.0,0.0073346095245159166,0.009672525161347631,,0,0.0
2025-09-09,23860.8,23775.233333333334,23857.966666666667,0.007357474499244452,0.009672525161347631,,0,0.0
2025-09-10,23878.4,23817.0,23935.2,0.007346426950916306,0.009672525161347631,,0,0.0
2025-09-11,23999.5,23886.8,24010.399999999998,0.006325182626349396,0.009672525161347631,,0,0.0
2025-09-12,24096.4,23947.933333333334,24076.06666666667,0.006200617057110028,0.009672525161347631,,0,0.0
2025-09-14,24090.4,24062.2,24175.4,0.006116296425283075,0.009672525161347631,,0,0.0
2025-09-15,24294.0,24093.600000000002,24106.800000000003,0.005606212270942315,0.009672525161347631,,0,0.0
2025-09-16,24295.9,24218.266666666666,24379.733333333334,0.0056011476940520406,0.009672525161347631,,0,0.0
2025-09-17,24376.8,24311.900000000005,24376.50000000001,0.005503544168077311,0.009672525161347631,,0,0.0
2025-09-18,24531.8,24259.733333333334,24497.466666666667,0.005546884856631274,0.009672525161347631,,0,0.0
2025-09-19,24653.4,24497.86666666667,24642.733333333337,0.0053699007062054105,0.009672525161347631,,0,0.0
2025-09-21,24642.8,24594.06666666667,24741.433333333338,0.005084289367940986,0.009672525161347631,,0,0.0
2025-09-22,24796.1,24639.733333333334,24660.966666666667,0.003939782794343935,0.009672525161347631,,0,0.0
2025-09-23,24642.4,24720.466666666664,24900.733333333326,0.004427953266240928,0.009672525161347631,,0,0.0
2025-09-24,24560.6,24682.833333333332,24783.766666666663,0.004382978772811426,0.009672525161347631,,0,0.0
2025-09-25,24424.0,24568.86666666667,24704.833333333336,0.004492103756989795,0.009672525161347631,,0,0.0
2025-09-26,24537.3,24415.966666666664,24604.733333333326,0.004495290978676489,0.009672525161347631,,0,0.0
2025-09-28,24582.8,24474.166666666668,24620.633333333335,0.003955564732781513,0.009672525161347631,,0,0.0
2025-09-29,24639.8,24568.86666666667,24602.533333333336,0.003881900626459983,0.009672525161347631,,0,0.0
2025-09-30,24649.0,24666.86666666667,24757.933333333338,0.0038603796178379277,0.009672525161347631,,0,0.0
2025-10-01,24843.6,24640.666666666668,24742.533333333336,0.004085699646421489,0.009672525161347631,,0,0.0
2025-10-02,24944.2,24717.36666666667,24982.033333333336,0.004098084742432458,0.009672525161347631,,0,0.0
2025-10-03,24805.0,24920.100000000002,25025.200000000004,0.004447826572759541,0.009672525161347631,,0,0.0
2025-10-05,24888.8,24855.666666666668,24965.733333333337,0.004400440202974472,0.009672525161347631,,0,0.0
2025-10-06,24971.8,24876.766666666666,24920.63333333333,0.004384663108861842,0.009672525161347631,,0,0.0
2025-10-07,24865.8,24973.899999999998,25080.499999999996,0.004569824276727713,0.009672525161347631,,0,0.0
2025-10-08,25214.4,24929.5,25041.0,0.005143116316563462,0.009672525161347631,,0,0.0
2025-10-09,25172.6,25100.600000000002,25342.000000000004,0.005189451137617417,0.009672525161347631,,0,0.0
2025-10-10,24017.8,25128.466666666664,25258.533333333326,0.011831957643008284,0.009705236959032335,,0,0.0
2025-10-12,24627.8,24413.899999999998,24829.199999999997,0.013123000029698944,0.009709650346947388,,0,0.0
2025-10-13,24757.8,24573.433333333334,24689.76666666667,0.013129232950575312,0.009735962311525806,,0,0.0
2025-10-14,24628.0,24710.8,24855.3,0.013187189836504203,0.009770870112167457,,0,0.0
2025-10-15,24798.0,24596.0,24922.2,0.013204841245038441,0.00978401680733024,,0,0.0
2025-10-16,24617.9,24762.266666666666,25005.533333333333,0.013233617406327582,0.009788806013273272,,0,0.0
2025-10-17,24895.9,24718.06666666667,24934.33333333334,0.013440424254004156,0.009791084765849493,,0,0.0
2025-10-19,24876.4,24693.733333333337,25119.266666666674,0.013364286307510999,0.009793015474503747,,0,0.0
2025-10-20,25193.2,24892.400000000005,24932.80000000001,0.013600695185265412,0.00980564734144131,,0,0.0
2025-10-21,25116.6,25078.63333333333,25336.666666666664,0.013636256594917991,0.00982393595296565,,0,0.0
2025-10-22,24871.0,25141.93333333333,25211.46666666666,0.01384899301614515,0.009842705654154855,,0,0.0
2025-10-23,25175.0,24920.2,25160.2,0.014091953934202803,0.009862873415228169,,0,0.0
2025-10-24,25393.2,25055.933333333334,25300.466666666667,0.01411245158128954,0.009879407704769146,,0,0.0
2025-10-26,25596.8,25334.3,25505.899999999998,0.01418248783218459,0.009891933656580245,,0,0.0
2025-10-27,25879.8,25602.600000000002,25625.600000000006,0.014239962325154143,0.009908686459310114,,0,0.0
2025-10-28,26070.8,25789.86666666667,25992.733333333337,0.01428512785907175,0.009934276911689188,,0,0.0
2025-10-29,26124.0,26006.0,26183.3,0.014283701670719063,0.009958020711714352,,0,0.0
2025-10-30,26060.0,26109.666666666668,26281.033333333336,0.014245631384209947,0.00997441671294098,,0,0.0
2025-10-31,25874.8,26031.100000000002,26317.000000000004,0.01412504631376525,0.009979582444857563,,0,0.0
2025-11-02,25971.8,25939.133333333335,26098.06666666667,0.014115385576613305,0.009981099100237274,,0,0.0
2025-11-03,25968.2,25957.600000000002,25998.000000000004,0.008659258642313669,0.009981099100237274,,0,0.0
2025-11-04,25407.6,26010.600000000002,26114.200000000004,0.008903502920152954,0.009981099100237274,,0,0.0
2025-11-05,25680.6,25593.733333333334,25781.86666666667,0.009104084483269968,0.009981099100237274,,0,0.0
2025-11-06,25227.9,25550.86666666667,25915.13333333334,0.009991416254875976,0.009983697838404523,,0,0.0
2025-11-07,25138.2,25356.233333333337,25601.666666666675,0.009953697880861683,0.009983697838404523,,0,0.0
2025-11-09,25248.6,25009.966666666664,25394.033333333326,0.009801206292969548,0.009983697838404523,,0,0.0
2025-11-10,25660.8,25248.333333333332,25285.866666666665,0.010130063921425238,0.009987132313172192,,0,0.0
2025-11-11,25571.0,25507.100000000002,25831.800000000003,0.010181255752926577,0.009990195534798473,,0,0.0
2025-11-12,25463.9,25551.733333333334,25706.466666666667,0.009891127787199505,0.009990195534798473,,0,0.0
2025-11-13,25032.5,25542.233333333337,25672.066666666673,0.010620543254258987,0.009991981855484678,,0,0.0
2025-11-14,25070.6,25202.566666666666,25474.333333333332,0.01037713098374888,0.009995313932177702,,0,0.0
2025-11-16,25097.7,24947.7,25344.4,0.010004268044201762,0.009999779845483312,,0,0.0
2025-11-17,24854.4,25054.63333333333,25158.86666666666,0.009999277799509005,0.010000378541106802,,0,0.0
2025-11-18,24528.7,24936.86666666667,25206.233333333337,0.010108863251717764,0.010002775602098266,,0,0.0
2025-11-19,25044.7,24578.86666666667,24843.533333333336,0.010998651685188206,0.010004169982846846,,0,0.0
2025-11-20,24072.0,24825.066666666666,25266.033333333333,0.013571319593144627,0.010006101499038786,,0,0.0
2025-11-21,24289.0,24424.266666666666,24893.533333333333,0.013819110307684037,0.010006101499038786,,0,0.0
2025-11-23,24412.7,24222.433333333334,24604.76666666667,0.013952801276455597,0.010006101499038786,,0,0.0
2025-11-24,24905.8,24427.333333333332,24455.966666666664,0.014853742440643159,0.010006101499038786,,0,0.0
2025-11-25,25035.2,24716.399999999998,25128.799999999996,0.014885681156838776,0.010006101499038786,,0,0.0
2025-11-26,25274.8,24889.933333333334,25231.06666666667,0.01509708358324861,0.010006101499038786,,0,0.0
2025-11-27,25278.3,25204.933333333334,25393.86666666667,0.014317666562109971,0.010006101499038786,,0,0.0
2025-11-28,25426.2,25268.433333333334,25299.86666666667,0.014162523437431646,0.010006101499038786,,0,0.0
2025-11-30,25422.1,25385.466666666664,25495.933333333327,0.013570508201338458,0.010006101499038786,,0,0.0
2025-12-01,25362.8,25433.36666666667,25467.933333333338,0.01355415143144455,0.010006101499038786,,0,0.0
2025-12-02,25588.6,25323.800000000003,25498.400000000005,0.013658875381945105,0.010006101499038786,,0,0.0
2025-12-03,25614.6,25503.766666666663,25718.633333333324,0.01316043124090342,0.010006101499038786,,0,0.0
2025-12-04,25588.0,25551.399999999998,25716.499999999996,0.013137543050158627,0.010006101499038786,,0,0.0
2025-12-05,25701.8,25582.0,25705.1,0.013130539163412744,0.010006101499038786,,0,0.0
2025-12-07,25713.4,25694.399999999998,25841.799999999996,0.012470624382121268,0.010006101499038786,,0,0.0
2025-12-08,25702.4,25708.13333333333,25728.86666666666,0.012477383583155411,0.010006101499038786,,0,0.0
2025-12-09,25650.6,25690.5,25840.0,0.012499694669383627,0.010006101499038786,,0,0.0
2025-12-10,25709.6,25633.566666666666,25731.333333333332,0.012236219517207013,0.010006101499038786,,0,0.0
2025-12-11,25653.6,25688.666666666668,25869.933333333334,0.011772541884325782,0.010006101499038786,,0,0.0
2025-12-12,25191.2,25620.566666666666,25877.63333333333,0.011742594835203065,0.010006101499038786,,0,0.0
2025-12-14,25176.2,25325.666666666668,25551.533333333336,0.007295586577798211,0.010004169982846846,,0,0.0
2025-12-15,25071.2,25172.13333333333,25228.466666666664,0.00724965332600621,0.010002775602098266,,0,0.0
2025-12-16,25105.3,25160.13333333333,25302.666666666664,0.007203197676641283,0.010000378541106802,,0,0.0
2025-12-17,24741.6,25058.899999999998,25278.999999999996,0.006594988977316786,0.009998679103885515,,0,0.0
2025-12-18,25065.6,24911.833333333332,25126.366666666665,0.007154880761518096,0.009998679103885515,,0,0.0
2025-12-19,25399.4,24998.966666666664,25287.33333333333,0.007458882906176009,0.009998679103885515,,0,0.0
2025-12-21,25475.6,25276.36666666667,25531.833333333336,0.007483583867507696,0.009995313932177702,,0,0.0
2025-12-22,25526.0,25464.766666666663,25491.633333333324,0.007384998760045735,0.009995313932177702,,0,0.0
2025-12-23,25624.0,25520.666666666668,25605.633333333335,0.007428126698067161,0.009995313932177702,,0,0.0
2025-12-24,25676.7,25560.966666666664,25700.633333333328,0.0074072730681650776,0.009995313932177702,,0,0.0
2025-12-25,25704.0,25659.166666666668,25725.533333333336,0.00715004459837858,0.009995313932177702,,0,0.0
2025-12-26,25676.6,25699.933333333334,25717.86666666667,0.007153450338731418,0.009995313932177702,,0,0.0
2025-12-28,25691.6,25692.766666666663,25734.833333333325,0.007148518241323132,0.009995313932177702,,0,0.0
2025-12-29,25538.2,25685.533333333336,25705.66666666667,0.007204117096249039,0.009995313932177702,,0,0.0
2025-12-30,25490.6,25577.0,25675.8,0.007210100291281593,0.009995313932177702,,0,0.0
2025-12-31,25268.6,25531.0,25584.6,0.007445120368785965,0.009995313932177702,,0,0.0
2026-01-01,25331.7,25362.3,25456.3,0.007475441184726683,0.009995313932177702,,0,0.0
2026-01-02,25231.0,25317.933333333334,25351.466666666667,0.007479061716458381,0.009995313932177702,,0,0.0
2026-01-04,25295.8,25324.233333333334,25544.766666666666,0.007512018769986565,0.009995313932177702,,0,0.0
2026-01-05,25412.6,25280.666666666668,25316.133333333335,0.006380673127565702,0.009995313932177702,,0,0.0
2026-01-06,25673.4,25411.5,25549.0,0.006738325719733131,0.009995313932177702,,0,0.0
2026-01-07,25673.6,25580.233333333337,25786.166666666675,0.0066335400678167195,0.009995313932177702,,0,0.0
2026-01-08,25529.8,25698.666666666668,25821.733333333337,0.006805576526378653,0.009995313932177702,,0,0.0
2026-01-09,25786.6,25548.266666666666,25676.033333333333,0.006065130696181084,0.009995313932177702,,0,0.0
2026-01-11,25748.4,25698.966666666664,25927.933333333327,0.005524515500004902,0.009995313932177702,,0,0.0
2026-01-12,25756.8,25750.166666666668,25774.933333333334,0.0047546261641130665,0.009995313932177702,,0,0.0
2026-01-13,25753.4,25707.766666666666,25926.933333333334,0.0047267137688980655,0.009995313932177702,,0,0.0
2026-01-14,25472.6,25775.7,25884.100000000002,0.0053578077674650715,0.009995313932177702,,0,0.0
2026-01-15,25609.4,25516.36666666667,25743.933333333338,0.005427415879186786,0.009995313932177702,,0,0.0
2026-01-16,25552.6,25619.86666666667,25809.333333333336,0.005425727097407594,0.009995313932177702,,0,0.0
2026-01-18,25338.4,25590.43333333333,25721.16666666666,0.0057110147386710995,0.009995313932177702,,0,0.0
2026-01-19,25258.6,25318.100000000002,25359.800000000003,0.005736973037638091,0.009995313932177702,,0,0.0
2026-01-20,24999.8,25236.06666666667,25363.733333333337,0.00609870170675985,0.009995313932177702,,0,0.0
2026-01-21,25439.2,25098.0,25219.8,0.007311254570484494,0.009995313932177702,,0,0.0
2026-01-22,25505.4,25296.366666666665,25682.13333333333,0.00732495113510843,0.009995313932177702,,0,0.0
2026-01-23,25567.4,25500.533333333336,25631.066666666673,0.0070415536237154,0.009995313932177702,,0,0.0
2026-01-25,25448.5,25576.400000000005,25724.40000000001,0.007121735583271543,0.009995313932177702,,0,0.0
2026-01-26,25786.6,25408.333333333332,25500.966666666664,0.007611285129970301,0.009995313932177702,,0,0.0
2026-01-27,26036.0,25682.666666666668,25931.533333333336,0.00784472213257317,0.009995313932177702,,0,0.0
2026-01-28,26068.0,25950.7,26129.5,0.007809734759650754,0.009995313932177702,,0,0.0
2026-01-29,25873.3,26070.266666666666,26244.13333333333,0.007745266050265788,0.009995313932177702,,0,0.0
2026-01-30,25549.8,25829.100000000002,26223.200000000004,0.008267611816493716,0.009995313932177702,,0,0.0
2026-02-01,25436.7,25638.166666666668,25805.933333333334,0.008231391600112747,0.009995313932177702,,0,0.0
2026-02-02,25858.8,25396.399999999998,25514.999999999996,0.008770097751928704,0.009995313932177702,,0,0.0
2026-02-03,25344.2,25610.333333333332,26136.266666666663,0.009853498059590605,0.009995313932177702,,0,0.0
2026-02-04,24986.4,25471.03333333333,25811.76666666666,0.010290499727341522,0.009998679103885515,,0,0.0
2026-02-05,24259.4,25039.599999999995,25378.39999999999,0.011990396716541334,0.010000378541106802,,0,0.0
2026-02-06,25028.4,24522.0,24825.3,0.014095915023686857,0.010002775602098266,,0,0.0
2026-02-08,25199.2,24780.033333333336,25394.866666666672,0.014133027091683369,0.010004169982846846,,0,0.0
2026-02-09,25274.9,25172.7,25244.5,0.014151971408972445,0.010006101499038786,,0,0.0
2026-02-10,25204.6,25171.36666666667,25463.333333333336,0.014041742199962895,0.010008912227615557,,0,0.0
2026-02-11,25168.8,25237.13333333333,25344.266666666663,0.014027756705018154,0.01001246255916069,,0,0.0
2026-02-12,24757.0,25185.2,25380.4,0.014324425535642126,0.010024798190870127,,0,0.0
2026-02-13,24720.0,24923.066666666666,25187.73333333333,0.013686008643701359,0.010049125949927535,,0,0.0
2026-02-15,24774.5,24722.2,24931.2,0.013680262362906478,0.010070824252815266,,0,0.0
2026-02-16,24757.8,24748.0,24803.1,0.013652521994202648,0.010080725416313562,,0,0.0
2026-02-17,24658.1,24742.266666666666,24875.13333333333,0.013645706148757706,0.010086317356635227,,0,0.0
2026-02-18,24909.2,24628.166666666668,24866.933333333334,0.013485620546109358,0.01008950190836044,,0,0.0
2026-02-19,24824.8,24880.533333333336,25105.066666666673,0.013222530971868983,0.01009130524960352,,0,0.0
2026-02-20,25028.0,24840.0,24983.2,0.013410297504494144,0.010096107749734816,,0,0.0
2026-02-22,24921.6,24913.433333333334,25200.86666666667,0.013359785946817394,0.010104165408754133,,0,0.0
2026-02-23,24745.5,24938.13333333333,24990.466666666664,0.01318442352113997,0.010119463586571502,,0,0.0
2026-02-24,25004.4,24784.0,24950.5,0.013429475546877496,0.010130513475264915,,0,0.0
2026-02-25,25277.4,24897.900000000005,25144.30000000001,0.013099097211561413,0.01013196891863364,,0,0.0
2026-02-26,24957.6,25228.733333333337,25503.666666666675,0.012642544028179444,0.010140615824425764,,0,0.0
2026-02-27,24925.8,25052.13333333333,25281.266666666663,0.012244652957340705,0.01015003561834866,,0,0.0
2026-03-01,24702.9,24909.933333333334,25075.86666666667,0.010422188980084882,0.01015003561834866,,0,0.0
2026-03-02,24934.2,24711.599999999995,24768.89999999999,0.007828706514348013,0.010140615824425764,,0,0.0
2026-03-03,24675.0,24812.966666666664,25184.83333333333,0.007965924102787453,0.01013196891863364,,0,0.0
2026-03-04,25144.2,24644.8,24975.0,0.00911353116617479,0.010130513475264915,,0,0.0
2026-03-05,25030.8,24936.13333333333,25399.86666666666,0.00914723712334712,0.010119463586571502,,0,0.0
2026-03-06,24645.0,24998.066666666666,25248.533333333333,0.009752060337003885,0.010104165408754133,,0,0.0
2026-03-08,24187.1,24778.066666666666,24978.13333333333,0.009946575563840829,0.010094665065659206,,0,0.0
2026-03-09,24860.9,24225.8,24310.5,0.011867823686864627,0.010094665065659206,,0,0.0
2026-03-10,24996.6,24622.533333333336,25272.366666666672,0.011916773423632591,0.010094665065659206,,0,0.0
2026-03-11,24770.8,25002.43333333333,25192.66666666666,0.01210571130237249,0.010094665065659206,,0,0.0
2026-03-12,24511.2,24882.333333333332,25048.266666666663,0.012305718169288613,0.010094665065659206,,0,0.0
2026-03-13,24328.2,24641.53333333333,24780.46666666666,0.012151748231005153,0.010094665065659206,,0,0.0
2026-03-15,24423.8,24479.8,24635.6,0.012189636043275089,0.010094665065659206,,0,0.0
2026-03-16,24688.4,24394.5,24508.5,0.012305570553907035,0.010094665065659206,,0,0.0
2026-03-17,24814.2,24637.266666666666,24853.333333333332,0.01233749836387777,0.010094665065659206,,0,0.0
2026-03-18,24429.2,24757.533333333336,24978.66666666667,0.012725557976071574,0.010094665065659206,,0,0.0
2026-03-19,24435.8,24608.066666666666,24840.93333333333,0.012461998012457362,0.010094665065659206,,0,0.0
2026-03-20,24024.2,24370.800000000003,24602.400000000005,0.012601101506200555,0.010094665065659206,,0,0.0
2026-03-22,23824.3,24097.53333333333,24403.26666666666,0.012453164023753216,0.010094665065659206,,0,0.0
2026-03-23,24279.8,23825.63333333333,23912.466666666664,0.013340357286070902,0.010094665065659206,,0,0.0
2026-03-24,24241.2,24150.633333333335,24709.56666666667,0.013217311746731806,0.010094665065659206,,0,0.0
2026-03-25,24150.9,24191.8,24425.399999999998,0.013006822343662253,0.010094665065659206,,0,0.0
2026-03-26,23711.2,24210.333333333332,24308.466666666664,0.013398874019409817,0.010094665065659206,,0,0.0
2026-03-27,23104.2,23852.833333333332,24107.166666666664,0.013446402247227695,0.010094665065659206,,0,0.0
2026-03-29,22970.0,23329.8,23584.399999999998,0.01345143711106115,0.010094665065659206,,0,0.0
2026-03-30,22896.2,23001.899999999998,23052.599999999995,0.013190315369449323,0.010094665065659206,,0,0.0
2026-03-31,23885.0,23060.866666666665,23248.93333333333,0.01634879227436701,0.010094665065659206,,0,0.0
2026-04-01,24027.4,23530.600000000002,24248.200000000004,0.015029590450588843,0.010094665065659206,,0,0.0
2026-04-02,24060.6,24008.766666666663,24212.933333333327,0.01495632949101875,0.010094665065659206,,0,0.0
2026-04-03,23976.6,23887.066666666666,24263.13333333333,0.01486635561078376,0.010094665065659206,,0,0.0
2026-04-05,23939.4,24011.066666666666,24068.033333333333,0.014716562546287736,0.010094665065659206,,0,0.0
2026-04-06,24166.4,23904.400000000005,23979.80000000001,0.014816965054704574,0.010094665065659206,,0,0.0
2026-04-07,24911.4,24133.600000000002,24331.800000000003,0.016355325117236245,0.010094665065659206,,0,0.0
2026-04-08,24882.0,24555.466666666664,25302.733333333326,0.016199458602784562,0.010094665065659206,,0,0.0
2026-04-09,25082.4,24929.399999999998,25069.799999999996,0.016256902704673216,0.010094665065659206,,0,0.0
2026-04-10,25184.2,25006.13333333333,25203.266666666663,0.015814932190714278,0.010094665065659206,,0,0.0
2026-04-12,24841.6,25165.566666666666,25269.73333333333,0.016178311927418036,0.010094665065659206,,0,0.0
2026-04-13,25451.4,24833.400000000005,24885.40000000001,0.01642819006735376,0.010094665065659206,,0,0.0
2026-04-14,25883.4,25247.766666666663,25687.733333333326,0.016483003488649412,0.010094665065659206,,0,0.0
2026-04-15,26272.4,25736.5,26047.4,0.01631371997274987,0.010094665065659206,,0,0.0
2026-04-16,26346.7,26117.533333333336,26435.266666666674,0.016262785810259316,0.010094665065659206,,0,0.0
2026-04-17,26708.2,26305.933333333334,26470.06666666667,0.01627769478401834,0.010094665065659206,,0,0.0
2026-04-19,26526.2,26589.36666666667,26868.333333333336,0.015601937795637826,0.010094665065659206,,0,0.0
2026-04-20,26671.9,26493.13333333333,26582.266666666663,0.013754554810394792,0.010094665065659206,,0,0.0
2026-04-21,26652.0,26600.466666666664,26764.233333333326,0.0135457393361345,0.010094665065659206,,0,0.0
2026-04-22,26975.4,26620.033333333336,26809.366666666672,0.013337201275724153,0.010094665065659206,,0,0.0
2026-04-23,26960.2,26878.666666666668,27111.133333333335,0.010629711758106274,0.010094665065659206,,0,0.0
2026-04-24,27323.4,26852.166666666668,27143.133333333335,0.010755466305140085,0.010094665065659206,,0,0.0
2026-04-26,27267.4,27188.599999999995,27480.39999999999,0.010868225044700542,0.010094665065659206,,0,0.0
2026-04-27,27380.4,27258.56666666667,27290.33333333334,0.010636679229525962,0.010094665065659206,,0,0.0
2026-04-28,27141.4,27328.86666666667,27475.933333333338,0.01104347928942786,0.010094665065659206,,0,0.0
2026-04-29,27447.6,27148.833333333332,27394.866666666665,0.011077583826470684,0.010094665065659206,,0,0.0
2026-04-30,27491.3,27297.5,27602.9,0.009508349514380033,0.01008950190836044,,0,0.0
2026-05-01,27685.4,27364.833333333332,27669.766666666663,0.00940525047487052,0.010086317356635227,,0,0.0
2026-05-03,27723.0,27644.833333333332,27855.766666666663,0.009424739267399796,0.010080725416313562,,0,0.0
2026-05-04,27650.6,27748.166666666668,27782.533333333336,0.00957877265355715,0.010080725416313562,,0,0.0
2026-05-05,28276.2,27679.06666666667,27835.933333333338,0.009352995434022944,0.010080725416313562,,0,0.0
2026-05-06,28578.1,28082.399999999998,28519.799999999996,0.008414393130061005,0.010080725416313562,,0,0.0
2026-05-07,28586.4,28480.13333333333,28805.466666666664,0.008072984790702217,0.010080725416313562,,0,0.0
2026-05-08,29241.0,28634.233333333337,28804.666666666675,0.008750445627690197,0.010080725416313562,,0,0.0
2026-05-10,29211.0,29039.86666666667,29492.933333333338,0.00885198390917719,0.010080725416313562,,0,0.0
2026-05-11,29343.0,29199.166666666668,29265.033333333336,0.008622523535166087,0.010080725416313562,,0,0.0
2026-05-12,29000.8,29296.266666666666,29437.733333333334,0.009023533091228319,0.010080725416313562,,0,0.0
2026-05-13,29551.8,29001.86666666667,29342.13333333334,0.009588846204466957,0.010080725416313562,,0,0.0
2026-05-14,29605.0,29364.833333333332,29754.866666666665,0.009522651610785826,0.010080725416313562,,0,0.0
2026-05-15,29117.0,29559.100000000002,29749.900000000005,0.010539187789580599,0.010086317356635227,,0,0.0
2026-05-17,29038.9,29255.933333333334,29505.06666666667,0.01059669317754946,0.01008950190836044,,0,0.0
2026-05-18,29059.0,29058.7,29184.4,0.010363872106489846,0.010094665065659206,,0,0.0
2026-05-19,28885.1,29045.333333333332,29354.266666666663,0.010503870299531707,0.010104165408754133,,0,0.0
2026-05-20,29124.6,28861.899999999998,29135.999999999996,0.010569667309578616,0.010119463586571502,,0,0.0
2026-05-21,29486.0,29062.533333333336,29394.066666666673,0.010374849919433887,0.010130513475264915,,0,0.0
2026-05-22,29466.0,29354.066666666666,29648.73333333333,0.010289652578363125,0.01013196891863364,,0,0.0
2026-05-24,29781.6,29508.600000000002,29643.400000000005,0.010397259505070155,0.010140615824425764,,0,0.0
2026-05-25,29817.1,29761.566666666666,29840.63333333333,0.010390937414860794,0.01015003561834866,,0,0.0
2026-05-26,30048.4,29838.43333333333,29911.46666666666,0.010411369058850614,0.010163363069225866,,0,0.0
2026-05-27,29931.1,29930.56666666667,30178.33333333334,0.010459022832214478,0.010178083747684913,,0,0.0
2026-05-28,30254.2,30028.466666666664,30230.133333333328,0.009655182897704628,0.010178083747684913,,0,0.0
2026-05-29,30344.4,30094.866666666665,30473.93333333333,0.009503354817561534,0.010178083747684913,,0,0.0
2026-05-31,30432.8,30334.13333333333,30498.86666666666,0.009481402388588335,0.010178083747684913,,0,0.0
2026-06-01,30433.0,30396.7,30476.4,0.008281023217598833,0.010178083747684913,,0,0.0
2026-06-02,30673.6,30445.399999999998,30643.799999999996,0.008347985405286957,0.010178083747684913,,0,0.0
2026-06-03,30357.2,30561.566666666666,30841.533333333333,0.00880373926311733,0.010178083747684913,,0,0.0
2026-06-04,30226.7,30488.266666666666,30642.13333333333,0.008356505860839959,0.010178083747684913,,0,0.0
2026-06-05,28798.1,30304.13333333333,30492.466666666664,0.013096946803105901,0.010189875893455635,,0,0.0
2026-06-07,29051.4,29257.899999999998,29768.199999999997,0.01327372679344503,0.010201524332018562,,0,0.0
2026-06-08,29399.3,28969.466666666664,29150.533333333326,0.013033717439258389,0.010225016951511833,,0,0.0
2026-06-09,29041.8,29348.633333333335,29758.86666666667,0.013327002899790878,0.010263820500504617,,0,0.0
2026-06-10,28343.9,29021.666666666668,29841.133333333335,0.01437380357262618,0.01028590615320056,,0,0.0
2026-06-11,29560.2,28605.63333333333,28964.466666666664,0.01735632675970677,0.010290076152852323,,0,0.0
2026-06-12,29669.0,29150.333333333332,29984.866666666665,0.01728906127703019,0.010290642013993784,,0,0.0
2026-06-14,30039.1,29543.533333333336,29870.366666666672,0.017291329970296452,0.010290642013993784,,0,0.0
2026-06-15,30529.3,30023.63333333333,30094.766666666663,0.017615406881874622,0.010290642013993784,,0,0.0
2026-06-16,30064.4,30385.166666666668,30741.533333333336,0.017887085708154973,0.010290642013993784,,0,0.0
2026-06-17,30058.2,30247.93333333333,30486.066666666662,0.01788748718451439,0.010290642013993784,,0,0.0
2026-06-18,30447.5,30015.03333333333,30361.96666666666,0.01803465744900582,0.010290642013993784,,0,0.0
2026-06-19,30411.8,30338.566666666666,30648.033333333333,0.01800736445260746,0.010290642013993784,,0,0.0
2026-06-21,30108.2,30339.3,30533.0,0.01800896987323321,0.010290642013993784,,0,0.0
2026-06-22,30339.9,30190.399999999998,30288.699999999997,0.018081948043532678,0.010290642013993784,,0,0.0
2026-06-23,29522.6,30388.233333333337,30674.066666666673,0.019047963362129477,0.010290642013993784,,0,0.0
2026-06-24,29873.3,29758.3,30164.199999999997,0.01927590394673733,0.010290642013993784,,0,0.0
2026-06-25,29489.4,29620.36666666667,30198.13333333334,0.019343979457822187,0.010290642013993784,,0,0.0
2026-06-26,29082.8,29534.666666666668,29994.733333333337,0.01943990254768949,0.010290642013993784,,0,0.0
2026-06-28,29406.8,29194.066666666666,29442.93333333333,0.019647659020533434,0.010290642013993784,,0,0.0
2026-06-29,29832.2,29329.533333333336,29548.066666666673,0.01664875861674153,0.010290642013993784,,0,0.0
2026-06-30,30321.4,29585.433333333334,30108.86666666667,0.016899480131344204,0.010290642013993784,,0,0.0
2026-07-01,29838.4,30146.266666666666,30564.63333333333,0.017205753277071984,0.010307139257760771,,0,0.0
2026-07-02,29401.0,29994.2,30185.4,0.017314171280203777,0.010324230298099257,,0,0.0
2026-07-03,29706.8,29547.533333333336,29965.866666666672,0.016407877959577412,0.01034441924390643,,0,0.0
2026-07-05,29783.2,29595.433333333334,29867.166666666668,0.01337491185426648,0.010369361012961867,,0,0.0
2026-07-06,29660.4,29750.0,29840.0,0.0133898673866102,0.010375990451591384,,0,0.0
2026-07-07,29112.8,29681.06666666667,29880.53333333334,0.013665683898518152,0.010384034199304837,,0,0.0
2026-07-08,29310.4,29284.166666666668,29550.333333333336,0.013169658876040592,0.010394098459965475,,0,0.0
2026-07-09,29751.4,29133.900000000005,29545.80000000001,0.013302622964408872,0.010404314281960383,,0,0.0
2026-07-10,29885.7,29592.766666666666,29970.333333333332,0.01334875953972691,0.010416779019467748,,0,0.0
2026-07-12,29713.8,29759.699999999997,30023.299999999996,0.013030056673553283,0.010430541633096565,,0,0.0
2026-07-13,29249.3,29726.466666666664,29787.33333333333,0.013427194071238128,0.010448958559161363,,0,0.0
2026-07-14,29722.0,29422.63333333333,29688.966666666664,0.013860489554912444,0.01046457043030597,,0,0.0
2026-07-15,29529.6,29534.7,29937.100000000002,0.013778517121278394,0.010486994163964584,,0,0.0
2026-07-16,28938.9,29553.7,29871.800000000003,0.013172314320113485,0.010521529044556152,,0,0.0
2026-07-17,28614.8,29158.966666666664,29414.733333333326,0.013002265038498422,0.010545064364351094,,0,0.0
2026-07-19,28711.6,28610.766666666666,28970.733333333334,0.012798903388204596,0.010558733806855628,,0,0.0
2026-07-20,28621.4,28661.3,28769.699999999997,0.012467429686366261,0.010568096992084143,,0,0.0
2026-07-21,29139.8,28733.36666666667,28922.733333333337,0.012906395872174573,0.010579470457207654,,0,0.0
2026-07-22,28999.4,28964.666666666668,29380.133333333335,0.012451482543115266,0.010592983391193076,,0,0.0
2026-07-23,28544.6,28995.833333333332,29188.266666666663,0.012107628733260207,0.01060589389829478,,0,0.0
2026-07-24,28170.0,28657.333333333332,29025.466666666664,0.0119646639179982,0.010616335526245274,,0,0.0
2026-07-26,28593.6,28279.233333333334,28480.36666666667,0.012255251470033054,0.010616335526245274,,0,0.0
2026-07-27,28039.2,28544.8,28645.0,0.01256220164387761,0.010616335526245274,,0,0.0
2026-07-28,27983.6,28157.033333333336,28509.866666666672,0.01250064711656873,0.010616335526245274,,0,0.0
2026-07-29,27407.6,27844.599999999995,28209.39999999999,0.013103241807209186,0.010616335526245274,,0,0.0
2026-07-30,28310.1,27519.36666666667,27945.533333333336,0.014991858479086514,0.010616335526245274,,0,0.0
2026-07-31,28191.8,27955.533333333336,28687.16666666667,0.014880991686850741,0.010616335526245274,,0,0.0
2026-08-02,28501.2,28257.0,28547.2,0.014664138032602697,0.010616335526245274,,0,0.0
2026-08-03,28866.6,28488.3,28542.699999999997,0.014973964130179658,0.010616335526245274,,0,0.0
2026-08-04,29730.1,28645.466666666664,29088.533333333326,0.016502582643311153,0.010616335526245274,,0,0.0
2026-08-05,29478.6,29436.166666666668,30145.033333333336,0.01621686176439403,0.010616335526245274,,0,0.0
2026-08-06,29495.2,29624.13333333333,29821.466666666664,0.0157943623333067,0.010616335526245274,,0,0.0
2026-08-07,29730.6,29404.13333333333,29672.066666666662,0.01582600503911396,0.010616335526245274,,0,0.0
2026-08-09,29727.6,29617.766666666663,29879.833333333325,0.015079840924547188,0.010616335526245274,,0,0.0
2026-08-10,29608.6,29737.466666666664,29771.133333333328,0.01484610285667217,0.010616335526245274,,0,0.0
2026-08-11,29575.0,29691.066666666666,29799.13333333333,0.01485531799027213,0.010616335526245274,,0,0.0
2026-08-12,29719.8,29604.399999999998,29762.199999999997,0.01482937102461024,0.010616335526245274,,0,0.0
2026-08-13,30118.6,29724.13333333333,29909.466666666664,0.01459607804047668,0.010616335526245274,,0,0.0
2026-08-14,30066.2,30006.63333333333,30301.766666666663,0.014539247999412926,0.010616335526245274,,0,0.0
2026-08-16,30133.6,30070.7,30193.5,0.013937857836703586,0.010616335526245274,,0,0.0
2026-08-17,30021.2,30122.7,30156.9,0.013525057302484043,0.010616335526245274,,0,0.0
2026-08-18,29459.6,30087.100000000002,30192.100000000006,0.014073941375261807,0.010619059843854717,,0,0.0
2026-08-19,29560.4,29649.333333333332,29857.866666666665,0.013180576526177396,0.01062512750618263,,0,0.0
2026-08-20,29224.1,29518.93333333333,29730.266666666663,0.013520244195046577,0.010633195493816118,,0,0.0
